[       5ms] [LOG] %c INFO color: #33f [lifecycle] onBeforeUnload triggered and handled with veto support @ https://ai-lab.rice-business.org/cs_test/stable-13ca0e47310505f4ab1ac59e891e9a3c5e5eec04/static/out/vs/code/browser/workbench/workbench.js:37
[       7ms] [ERROR] %c  ERR color: #f33 [lifecycle] Long running operations during shutdown are unsupported in the web (id: join.disconnectRemote) @ https://ai-lab.rice-business.org/cs_test/stable-13ca0e47310505f4ab1ac59e891e9a3c5e5eec04/static/out/vs/code/browser/workbench/workbench.js:37
[       7ms] [ERROR] %c  ERR color: #f33 [lifecycle] Long running operations during shutdown are unsupported in the web (id: join.chatSessionStore) @ https://ai-lab.rice-business.org/cs_test/stable-13ca0e47310505f4ab1ac59e891e9a3c5e5eec04/static/out/vs/code/browser/workbench/workbench.js:37
[       8ms] [ERROR] %c  ERR color: #f33 [lifecycle] Long running operations during shutdown are unsupported in the web (id: join.chatEditingSession) @ https://ai-lab.rice-business.org/cs_test/stable-13ca0e47310505f4ab1ac59e891e9a3c5e5eec04/static/out/vs/code/browser/workbench/workbench.js:37
[      28ms] [ERROR] %c  ERR color: #f33 Error creating chat editing session content folder vscode-remote:/home/test_student/.local/share/code-server/User/workspaceStorage/empty-window/chatEditingSessions/014f56c9-5ab9-4fc4-9ad1-734c5f413cab/contents Canceled: Canceled
    at Object.call (https://ai-lab.rice-business.org/cs_test/stable-13ca0e47310505f4ab1ac59e891e9a3c5e5eec04/static/out/vs/code/browser/workbench/workbench.js:612:1374)
    at https://ai-lab.rice-business.org/cs_test/stable-13ca0e47310505f4ab1ac59e891e9a3c5e5eec04/static/out/vs/code/browser/workbench/workbench.js:613:2181
    at async vOt.W (https://ai-lab.rice-business.org/cs_test/stable-13ca0e47310505f4ab1ac59e891e9a3c5e5eec04/static/out/vs/code/browser/workbench/workbench.js:4587:115075)
    at async vOt.createFolder (https://ai-lab.rice-business.org/cs_test/stable-13ca0e47310505f4ab1ac59e891e9a3c5e5eec04/static/out/vs/code/browser/workbench/workbench.js:4587:114875)
    at async ice.storeState (https://ai-lab.rice-business.org/cs_test/stable-13ca0e47310505f4ab1ac59e891e9a3c5e5eec04/static/out/vs/code/browser/workbench/workbench.js:2978:15032)
    at async Promise.all (index 0) @ https://ai-lab.rice-business.org/cs_test/stable-13ca0e47310505f4ab1ac59e891e9a3c5e5eec04/static/out/vs/code/browser/workbench/workbench.js:37
[      29ms] [ERROR] %c  ERR color: #f33 Error creating chat editing session content folder vscode-remote:/home/test_student/.local/share/code-server/User/workspaceStorage/empty-window/chatEditingSessions/014f56c9-5ab9-4fc4-9ad1-734c5f413cab/contents Canceled: Canceled
    at Object.call (https://ai-lab.rice-business.org/cs_test/stable-13ca0e47310505f4ab1ac59e891e9a3c5e5eec04/static/out/vs/code/browser/workbench/workbench.js:612:1374)
    at https://ai-lab.rice-business.org/cs_test/stable-13ca0e47310505f4ab1ac59e891e9a3c5e5eec04/static/out/vs/code/browser/workbench/workbench.js:613:2181
    at async vOt.W (https://ai-lab.rice-business.org/cs_test/stable-13ca0e47310505f4ab1ac59e891e9a3c5e5eec04/static/out/vs/code/browser/workbench/workbench.js:4587:115075)
    at async vOt.createFolder (https://ai-lab.rice-business.org/cs_test/stable-13ca0e47310505f4ab1ac59e891e9a3c5e5eec04/static/out/vs/code/browser/workbench/workbench.js:4587:114875)
    at async ice.storeState (https://ai-lab.rice-business.org/cs_test/stable-13ca0e47310505f4ab1ac59e891e9a3c5e5eec04/static/out/vs/code/browser/workbench/workbench.js:2978:15032) @ https://ai-lab.rice-business.org/cs_test/stable-13ca0e47310505f4ab1ac59e891e9a3c5e5eec04/static/out/vs/code/browser/workbench/workbench.js:37
[      29ms] [ERROR] %c  ERR color: #f33 Error creating chat editing session content folder vscode-remote:/home/test_student/.local/share/code-server/User/workspaceStorage/empty-window/chatEditingSessions/014f56c9-5ab9-4fc4-9ad1-734c5f413cab/contents Canceled: Canceled
    at Object.call (https://ai-lab.rice-business.org/cs_test/stable-13ca0e47310505f4ab1ac59e891e9a3c5e5eec04/static/out/vs/code/browser/workbench/workbench.js:612:1374)
    at https://ai-lab.rice-business.org/cs_test/stable-13ca0e47310505f4ab1ac59e891e9a3c5e5eec04/static/out/vs/code/browser/workbench/workbench.js:613:2181
    at async vOt.W (https://ai-lab.rice-business.org/cs_test/stable-13ca0e47310505f4ab1ac59e891e9a3c5e5eec04/static/out/vs/code/browser/workbench/workbench.js:4587:115075)
    at async vOt.createFolder (https://ai-lab.rice-business.org/cs_test/stable-13ca0e47310505f4ab1ac59e891e9a3c5e5eec04/static/out/vs/code/browser/workbench/workbench.js:4587:114875)
    at async ice.storeState (https://ai-lab.rice-business.org/cs_test/stable-13ca0e47310505f4ab1ac59e891e9a3c5e5eec04/static/out/vs/code/browser/workbench/workbench.js:2978:15032) @ https://ai-lab.rice-business.org/cs_test/stable-13ca0e47310505f4ab1ac59e891e9a3c5e5eec04/static/out/vs/code/browser/workbench/workbench.js:37
[      29ms] [ERROR] %c  ERR color: #f33 Error creating chat editing session content folder vscode-remote:/home/test_student/.local/share/code-server/User/workspaceStorage/empty-window/chatEditingSessions/014f56c9-5ab9-4fc4-9ad1-734c5f413cab/contents Canceled: Canceled
    at Object.call (https://ai-lab.rice-business.org/cs_test/stable-13ca0e47310505f4ab1ac59e891e9a3c5e5eec04/static/out/vs/code/browser/workbench/workbench.js:612:1374)
    at https://ai-lab.rice-business.org/cs_test/stable-13ca0e47310505f4ab1ac59e891e9a3c5e5eec04/static/out/vs/code/browser/workbench/workbench.js:613:2181
    at async vOt.W (https://ai-lab.rice-business.org/cs_test/stable-13ca0e47310505f4ab1ac59e891e9a3c5e5eec04/static/out/vs/code/browser/workbench/workbench.js:4587:115075)
    at async vOt.createFolder (https://ai-lab.rice-business.org/cs_test/stable-13ca0e47310505f4ab1ac59e891e9a3c5e5eec04/static/out/vs/code/browser/workbench/workbench.js:4587:114875)
    at async ice.storeState (https://ai-lab.rice-business.org/cs_test/stable-13ca0e47310505f4ab1ac59e891e9a3c5e5eec04/static/out/vs/code/browser/workbench/workbench.js:2978:15032) @ https://ai-lab.rice-business.org/cs_test/stable-13ca0e47310505f4ab1ac59e891e9a3c5e5eec04/static/out/vs/code/browser/workbench/workbench.js:37
[      30ms] [ERROR] %c  ERR color: #f33 Error creating chat editing session content folder vscode-remote:/home/test_student/.local/share/code-server/User/workspaceStorage/empty-window/chatEditingSessions/014f56c9-5ab9-4fc4-9ad1-734c5f413cab/contents Canceled: Canceled
    at Object.call (https://ai-lab.rice-business.org/cs_test/stable-13ca0e47310505f4ab1ac59e891e9a3c5e5eec04/static/out/vs/code/browser/workbench/workbench.js:612:1374)
    at https://ai-lab.rice-business.org/cs_test/stable-13ca0e47310505f4ab1ac59e891e9a3c5e5eec04/static/out/vs/code/browser/workbench/workbench.js:613:2181
    at async vOt.W (https://ai-lab.rice-business.org/cs_test/stable-13ca0e47310505f4ab1ac59e891e9a3c5e5eec04/static/out/vs/code/browser/workbench/workbench.js:4587:115075)
    at async vOt.createFolder (https://ai-lab.rice-business.org/cs_test/stable-13ca0e47310505f4ab1ac59e891e9a3c5e5eec04/static/out/vs/code/browser/workbench/workbench.js:4587:114875)
    at async ice.storeState (https://ai-lab.rice-business.org/cs_test/stable-13ca0e47310505f4ab1ac59e891e9a3c5e5eec04/static/out/vs/code/browser/workbench/workbench.js:2978:15032) @ https://ai-lab.rice-business.org/cs_test/stable-13ca0e47310505f4ab1ac59e891e9a3c5e5eec04/static/out/vs/code/browser/workbench/workbench.js:37
[      30ms] [ERROR] %c  ERR color: #f33 Error creating chat editing session content folder vscode-remote:/home/test_student/.local/share/code-server/User/workspaceStorage/empty-window/chatEditingSessions/014f56c9-5ab9-4fc4-9ad1-734c5f413cab/contents Canceled: Canceled
    at Object.call (https://ai-lab.rice-business.org/cs_test/stable-13ca0e47310505f4ab1ac59e891e9a3c5e5eec04/static/out/vs/code/browser/workbench/workbench.js:612:1374)
    at https://ai-lab.rice-business.org/cs_test/stable-13ca0e47310505f4ab1ac59e891e9a3c5e5eec04/static/out/vs/code/browser/workbench/workbench.js:613:2181
    at async vOt.W (https://ai-lab.rice-business.org/cs_test/stable-13ca0e47310505f4ab1ac59e891e9a3c5e5eec04/static/out/vs/code/browser/workbench/workbench.js:4587:115075)
    at async vOt.createFolder (https://ai-lab.rice-business.org/cs_test/stable-13ca0e47310505f4ab1ac59e891e9a3c5e5eec04/static/out/vs/code/browser/workbench/workbench.js:4587:114875)
    at async ice.storeState (https://ai-lab.rice-business.org/cs_test/stable-13ca0e47310505f4ab1ac59e891e9a3c5e5eec04/static/out/vs/code/browser/workbench/workbench.js:2978:15032) @ https://ai-lab.rice-business.org/cs_test/stable-13ca0e47310505f4ab1ac59e891e9a3c5e5eec04/static/out/vs/code/browser/workbench/workbench.js:37
[      30ms] [ERROR] %c  ERR color: #f33 Error creating chat editing session content folder vscode-remote:/home/test_student/.local/share/code-server/User/workspaceStorage/empty-window/chatEditingSessions/014f56c9-5ab9-4fc4-9ad1-734c5f413cab/contents Canceled: Canceled
    at Object.call (https://ai-lab.rice-business.org/cs_test/stable-13ca0e47310505f4ab1ac59e891e9a3c5e5eec04/static/out/vs/code/browser/workbench/workbench.js:612:1374)
    at https://ai-lab.rice-business.org/cs_test/stable-13ca0e47310505f4ab1ac59e891e9a3c5e5eec04/static/out/vs/code/browser/workbench/workbench.js:613:2181
    at async vOt.W (https://ai-lab.rice-business.org/cs_test/stable-13ca0e47310505f4ab1ac59e891e9a3c5e5eec04/static/out/vs/code/browser/workbench/workbench.js:4587:115075)
    at async vOt.createFolder (https://ai-lab.rice-business.org/cs_test/stable-13ca0e47310505f4ab1ac59e891e9a3c5e5eec04/static/out/vs/code/browser/workbench/workbench.js:4587:114875)
    at async ice.storeState (https://ai-lab.rice-business.org/cs_test/stable-13ca0e47310505f4ab1ac59e891e9a3c5e5eec04/static/out/vs/code/browser/workbench/workbench.js:2978:15032) @ https://ai-lab.rice-business.org/cs_test/stable-13ca0e47310505f4ab1ac59e891e9a3c5e5eec04/static/out/vs/code/browser/workbench/workbench.js:37
[      30ms] [ERROR] %c  ERR color: #f33 Error creating chat editing session content folder vscode-remote:/home/test_student/.local/share/code-server/User/workspaceStorage/empty-window/chatEditingSessions/014f56c9-5ab9-4fc4-9ad1-734c5f413cab/contents Canceled: Canceled
    at Object.call (https://ai-lab.rice-business.org/cs_test/stable-13ca0e47310505f4ab1ac59e891e9a3c5e5eec04/static/out/vs/code/browser/workbench/workbench.js:612:1374)
    at https://ai-lab.rice-business.org/cs_test/stable-13ca0e47310505f4ab1ac59e891e9a3c5e5eec04/static/out/vs/code/browser/workbench/workbench.js:613:2181
    at async vOt.W (https://ai-lab.rice-business.org/cs_test/stable-13ca0e47310505f4ab1ac59e891e9a3c5e5eec04/static/out/vs/code/browser/workbench/workbench.js:4587:115075)
    at async vOt.createFolder (https://ai-lab.rice-business.org/cs_test/stable-13ca0e47310505f4ab1ac59e891e9a3c5e5eec04/static/out/vs/code/browser/workbench/workbench.js:4587:114875)
    at async ice.storeState (https://ai-lab.rice-business.org/cs_test/stable-13ca0e47310505f4ab1ac59e891e9a3c5e5eec04/static/out/vs/code/browser/workbench/workbench.js:2978:15032) @ https://ai-lab.rice-business.org/cs_test/stable-13ca0e47310505f4ab1ac59e891e9a3c5e5eec04/static/out/vs/code/browser/workbench/workbench.js:37
[      30ms] [ERROR] %c  ERR color: #f33 Error creating chat editing session content folder vscode-remote:/home/test_student/.local/share/code-server/User/workspaceStorage/empty-window/chatEditingSessions/014f56c9-5ab9-4fc4-9ad1-734c5f413cab/contents Canceled: Canceled
    at Object.call (https://ai-lab.rice-business.org/cs_test/stable-13ca0e47310505f4ab1ac59e891e9a3c5e5eec04/static/out/vs/code/browser/workbench/workbench.js:612:1374)
    at https://ai-lab.rice-business.org/cs_test/stable-13ca0e47310505f4ab1ac59e891e9a3c5e5eec04/static/out/vs/code/browser/workbench/workbench.js:613:2181
    at async vOt.W (https://ai-lab.rice-business.org/cs_test/stable-13ca0e47310505f4ab1ac59e891e9a3c5e5eec04/static/out/vs/code/browser/workbench/workbench.js:4587:115075)
    at async vOt.createFolder (https://ai-lab.rice-business.org/cs_test/stable-13ca0e47310505f4ab1ac59e891e9a3c5e5eec04/static/out/vs/code/browser/workbench/workbench.js:4587:114875)
    at async ice.storeState (https://ai-lab.rice-business.org/cs_test/stable-13ca0e47310505f4ab1ac59e891e9a3c5e5eec04/static/out/vs/code/browser/workbench/workbench.js:2978:15032) @ https://ai-lab.rice-business.org/cs_test/stable-13ca0e47310505f4ab1ac59e891e9a3c5e5eec04/static/out/vs/code/browser/workbench/workbench.js:37
[      30ms] [ERROR] %c  ERR color: #f33 Error creating chat editing session content folder vscode-remote:/home/test_student/.local/share/code-server/User/workspaceStorage/empty-window/chatEditingSessions/014f56c9-5ab9-4fc4-9ad1-734c5f413cab/contents Canceled: Canceled
    at Object.call (https://ai-lab.rice-business.org/cs_test/stable-13ca0e47310505f4ab1ac59e891e9a3c5e5eec04/static/out/vs/code/browser/workbench/workbench.js:612:1374)
    at https://ai-lab.rice-business.org/cs_test/stable-13ca0e47310505f4ab1ac59e891e9a3c5e5eec04/static/out/vs/code/browser/workbench/workbench.js:613:2181
    at async vOt.W (https://ai-lab.rice-business.org/cs_test/stable-13ca0e47310505f4ab1ac59e891e9a3c5e5eec04/static/out/vs/code/browser/workbench/workbench.js:4587:115075)
    at async vOt.createFolder (https://ai-lab.rice-business.org/cs_test/stable-13ca0e47310505f4ab1ac59e891e9a3c5e5eec04/static/out/vs/code/browser/workbench/workbench.js:4587:114875)
    at async ice.storeState (https://ai-lab.rice-business.org/cs_test/stable-13ca0e47310505f4ab1ac59e891e9a3c5e5eec04/static/out/vs/code/browser/workbench/workbench.js:2978:15032) @ https://ai-lab.rice-business.org/cs_test/stable-13ca0e47310505f4ab1ac59e891e9a3c5e5eec04/static/out/vs/code/browser/workbench/workbench.js:37
[      30ms] [ERROR] %c  ERR color: #f33 Error creating chat editing session content folder vscode-remote:/home/test_student/.local/share/code-server/User/workspaceStorage/empty-window/chatEditingSessions/014f56c9-5ab9-4fc4-9ad1-734c5f413cab/contents Canceled: Canceled
    at Object.call (https://ai-lab.rice-business.org/cs_test/stable-13ca0e47310505f4ab1ac59e891e9a3c5e5eec04/static/out/vs/code/browser/workbench/workbench.js:612:1374)
    at https://ai-lab.rice-business.org/cs_test/stable-13ca0e47310505f4ab1ac59e891e9a3c5e5eec04/static/out/vs/code/browser/workbench/workbench.js:613:2181
    at async vOt.W (https://ai-lab.rice-business.org/cs_test/stable-13ca0e47310505f4ab1ac59e891e9a3c5e5eec04/static/out/vs/code/browser/workbench/workbench.js:4587:115075)
    at async vOt.createFolder (https://ai-lab.rice-business.org/cs_test/stable-13ca0e47310505f4ab1ac59e891e9a3c5e5eec04/static/out/vs/code/browser/workbench/workbench.js:4587:114875)
    at async ice.storeState (https://ai-lab.rice-business.org/cs_test/stable-13ca0e47310505f4ab1ac59e891e9a3c5e5eec04/static/out/vs/code/browser/workbench/workbench.js:2978:15032) @ https://ai-lab.rice-business.org/cs_test/stable-13ca0e47310505f4ab1ac59e891e9a3c5e5eec04/static/out/vs/code/browser/workbench/workbench.js:37
[      30ms] [ERROR] %c  ERR color: #f33 Error creating chat editing session content folder vscode-remote:/home/test_student/.local/share/code-server/User/workspaceStorage/empty-window/chatEditingSessions/014f56c9-5ab9-4fc4-9ad1-734c5f413cab/contents Canceled: Canceled
    at Object.call (https://ai-lab.rice-business.org/cs_test/stable-13ca0e47310505f4ab1ac59e891e9a3c5e5eec04/static/out/vs/code/browser/workbench/workbench.js:612:1374)
    at https://ai-lab.rice-business.org/cs_test/stable-13ca0e47310505f4ab1ac59e891e9a3c5e5eec04/static/out/vs/code/browser/workbench/workbench.js:613:2181
    at async vOt.W (https://ai-lab.rice-business.org/cs_test/stable-13ca0e47310505f4ab1ac59e891e9a3c5e5eec04/static/out/vs/code/browser/workbench/workbench.js:4587:115075)
    at async vOt.createFolder (https://ai-lab.rice-business.org/cs_test/stable-13ca0e47310505f4ab1ac59e891e9a3c5e5eec04/static/out/vs/code/browser/workbench/workbench.js:4587:114875)
    at async ice.storeState (https://ai-lab.rice-business.org/cs_test/stable-13ca0e47310505f4ab1ac59e891e9a3c5e5eec04/static/out/vs/code/browser/workbench/workbench.js:2978:15032) @ https://ai-lab.rice-business.org/cs_test/stable-13ca0e47310505f4ab1ac59e891e9a3c5e5eec04/static/out/vs/code/browser/workbench/workbench.js:37
[      31ms] [ERROR] %c  ERR color: #f33 Error creating chat editing session content folder vscode-remote:/home/test_student/.local/share/code-server/User/workspaceStorage/empty-window/chatEditingSessions/014f56c9-5ab9-4fc4-9ad1-734c5f413cab/contents Canceled: Canceled
    at Object.call (https://ai-lab.rice-business.org/cs_test/stable-13ca0e47310505f4ab1ac59e891e9a3c5e5eec04/static/out/vs/code/browser/workbench/workbench.js:612:1374)
    at https://ai-lab.rice-business.org/cs_test/stable-13ca0e47310505f4ab1ac59e891e9a3c5e5eec04/static/out/vs/code/browser/workbench/workbench.js:613:2181
    at async vOt.W (https://ai-lab.rice-business.org/cs_test/stable-13ca0e47310505f4ab1ac59e891e9a3c5e5eec04/static/out/vs/code/browser/workbench/workbench.js:4587:115075)
    at async vOt.createFolder (https://ai-lab.rice-business.org/cs_test/stable-13ca0e47310505f4ab1ac59e891e9a3c5e5eec04/static/out/vs/code/browser/workbench/workbench.js:4587:114875)
    at async ice.storeState (https://ai-lab.rice-business.org/cs_test/stable-13ca0e47310505f4ab1ac59e891e9a3c5e5eec04/static/out/vs/code/browser/workbench/workbench.js:2978:15032) @ https://ai-lab.rice-business.org/cs_test/stable-13ca0e47310505f4ab1ac59e891e9a3c5e5eec04/static/out/vs/code/browser/workbench/workbench.js:37
[      31ms] [ERROR] %c  ERR color: #f33 Error creating chat editing session content folder vscode-remote:/home/test_student/.local/share/code-server/User/workspaceStorage/empty-window/chatEditingSessions/014f56c9-5ab9-4fc4-9ad1-734c5f413cab/contents Canceled: Canceled
    at Object.call (https://ai-lab.rice-business.org/cs_test/stable-13ca0e47310505f4ab1ac59e891e9a3c5e5eec04/static/out/vs/code/browser/workbench/workbench.js:612:1374)
    at https://ai-lab.rice-business.org/cs_test/stable-13ca0e47310505f4ab1ac59e891e9a3c5e5eec04/static/out/vs/code/browser/workbench/workbench.js:613:2181
    at async vOt.W (https://ai-lab.rice-business.org/cs_test/stable-13ca0e47310505f4ab1ac59e891e9a3c5e5eec04/static/out/vs/code/browser/workbench/workbench.js:4587:115075)
    at async vOt.createFolder (https://ai-lab.rice-business.org/cs_test/stable-13ca0e47310505f4ab1ac59e891e9a3c5e5eec04/static/out/vs/code/browser/workbench/workbench.js:4587:114875)
    at async ice.storeState (https://ai-lab.rice-business.org/cs_test/stable-13ca0e47310505f4ab1ac59e891e9a3c5e5eec04/static/out/vs/code/browser/workbench/workbench.js:2978:15032) @ https://ai-lab.rice-business.org/cs_test/stable-13ca0e47310505f4ab1ac59e891e9a3c5e5eec04/static/out/vs/code/browser/workbench/workbench.js:37
[      31ms] [ERROR] %c  ERR color: #f33 Error creating chat editing session content folder vscode-remote:/home/test_student/.local/share/code-server/User/workspaceStorage/empty-window/chatEditingSessions/014f56c9-5ab9-4fc4-9ad1-734c5f413cab/contents Canceled: Canceled
    at Object.call (https://ai-lab.rice-business.org/cs_test/stable-13ca0e47310505f4ab1ac59e891e9a3c5e5eec04/static/out/vs/code/browser/workbench/workbench.js:612:1374)
    at https://ai-lab.rice-business.org/cs_test/stable-13ca0e47310505f4ab1ac59e891e9a3c5e5eec04/static/out/vs/code/browser/workbench/workbench.js:613:2181
    at async vOt.W (https://ai-lab.rice-business.org/cs_test/stable-13ca0e47310505f4ab1ac59e891e9a3c5e5eec04/static/out/vs/code/browser/workbench/workbench.js:4587:115075)
    at async vOt.createFolder (https://ai-lab.rice-business.org/cs_test/stable-13ca0e47310505f4ab1ac59e891e9a3c5e5eec04/static/out/vs/code/browser/workbench/workbench.js:4587:114875)
    at async ice.storeState (https://ai-lab.rice-business.org/cs_test/stable-13ca0e47310505f4ab1ac59e891e9a3c5e5eec04/static/out/vs/code/browser/workbench/workbench.js:2978:15032) @ https://ai-lab.rice-business.org/cs_test/stable-13ca0e47310505f4ab1ac59e891e9a3c5e5eec04/static/out/vs/code/browser/workbench/workbench.js:37
[      32ms] [ERROR] %c  ERR color: #f33 Error creating chat editing session content folder vscode-remote:/home/test_student/.local/share/code-server/User/workspaceStorage/empty-window/chatEditingSessions/014f56c9-5ab9-4fc4-9ad1-734c5f413cab/contents Canceled: Canceled
    at Object.call (https://ai-lab.rice-business.org/cs_test/stable-13ca0e47310505f4ab1ac59e891e9a3c5e5eec04/static/out/vs/code/browser/workbench/workbench.js:612:1374)
    at https://ai-lab.rice-business.org/cs_test/stable-13ca0e47310505f4ab1ac59e891e9a3c5e5eec04/static/out/vs/code/browser/workbench/workbench.js:613:2181
    at async vOt.W (https://ai-lab.rice-business.org/cs_test/stable-13ca0e47310505f4ab1ac59e891e9a3c5e5eec04/static/out/vs/code/browser/workbench/workbench.js:4587:115075)
    at async vOt.createFolder (https://ai-lab.rice-business.org/cs_test/stable-13ca0e47310505f4ab1ac59e891e9a3c5e5eec04/static/out/vs/code/browser/workbench/workbench.js:4587:114875)
    at async ice.storeState (https://ai-lab.rice-business.org/cs_test/stable-13ca0e47310505f4ab1ac59e891e9a3c5e5eec04/static/out/vs/code/browser/workbench/workbench.js:2978:15032) @ https://ai-lab.rice-business.org/cs_test/stable-13ca0e47310505f4ab1ac59e891e9a3c5e5eec04/static/out/vs/code/browser/workbench/workbench.js:37
[      32ms] [ERROR] %c  ERR color: #f33 Error creating chat editing session content folder vscode-remote:/home/test_student/.local/share/code-server/User/workspaceStorage/empty-window/chatEditingSessions/014f56c9-5ab9-4fc4-9ad1-734c5f413cab/contents Canceled: Canceled
    at Object.call (https://ai-lab.rice-business.org/cs_test/stable-13ca0e47310505f4ab1ac59e891e9a3c5e5eec04/static/out/vs/code/browser/workbench/workbench.js:612:1374)
    at https://ai-lab.rice-business.org/cs_test/stable-13ca0e47310505f4ab1ac59e891e9a3c5e5eec04/static/out/vs/code/browser/workbench/workbench.js:613:2181
    at async vOt.W (https://ai-lab.rice-business.org/cs_test/stable-13ca0e47310505f4ab1ac59e891e9a3c5e5eec04/static/out/vs/code/browser/workbench/workbench.js:4587:115075)
    at async vOt.createFolder (https://ai-lab.rice-business.org/cs_test/stable-13ca0e47310505f4ab1ac59e891e9a3c5e5eec04/static/out/vs/code/browser/workbench/workbench.js:4587:114875)
    at async ice.storeState (https://ai-lab.rice-business.org/cs_test/stable-13ca0e47310505f4ab1ac59e891e9a3c5e5eec04/static/out/vs/code/browser/workbench/workbench.js:2978:15032) @ https://ai-lab.rice-business.org/cs_test/stable-13ca0e47310505f4ab1ac59e891e9a3c5e5eec04/static/out/vs/code/browser/workbench/workbench.js:37
[      32ms] [ERROR] %c  ERR color: #f33 Error creating chat editing session content folder vscode-remote:/home/test_student/.local/share/code-server/User/workspaceStorage/empty-window/chatEditingSessions/014f56c9-5ab9-4fc4-9ad1-734c5f413cab/contents Canceled: Canceled
    at Object.call (https://ai-lab.rice-business.org/cs_test/stable-13ca0e47310505f4ab1ac59e891e9a3c5e5eec04/static/out/vs/code/browser/workbench/workbench.js:612:1374)
    at https://ai-lab.rice-business.org/cs_test/stable-13ca0e47310505f4ab1ac59e891e9a3c5e5eec04/static/out/vs/code/browser/workbench/workbench.js:613:2181
    at async vOt.W (https://ai-lab.rice-business.org/cs_test/stable-13ca0e47310505f4ab1ac59e891e9a3c5e5eec04/static/out/vs/code/browser/workbench/workbench.js:4587:115075)
    at async vOt.createFolder (https://ai-lab.rice-business.org/cs_test/stable-13ca0e47310505f4ab1ac59e891e9a3c5e5eec04/static/out/vs/code/browser/workbench/workbench.js:4587:114875)
    at async ice.storeState (https://ai-lab.rice-business.org/cs_test/stable-13ca0e47310505f4ab1ac59e891e9a3c5e5eec04/static/out/vs/code/browser/workbench/workbench.js:2978:15032) @ https://ai-lab.rice-business.org/cs_test/stable-13ca0e47310505f4ab1ac59e891e9a3c5e5eec04/static/out/vs/code/browser/workbench/workbench.js:37
[      33ms] [ERROR] %c  ERR color: #f33 Error creating chat editing session content folder vscode-remote:/home/test_student/.local/share/code-server/User/workspaceStorage/empty-window/chatEditingSessions/014f56c9-5ab9-4fc4-9ad1-734c5f413cab/contents Canceled: Canceled
    at Object.call (https://ai-lab.rice-business.org/cs_test/stable-13ca0e47310505f4ab1ac59e891e9a3c5e5eec04/static/out/vs/code/browser/workbench/workbench.js:612:1374)
    at https://ai-lab.rice-business.org/cs_test/stable-13ca0e47310505f4ab1ac59e891e9a3c5e5eec04/static/out/vs/code/browser/workbench/workbench.js:613:2181
    at async vOt.W (https://ai-lab.rice-business.org/cs_test/stable-13ca0e47310505f4ab1ac59e891e9a3c5e5eec04/static/out/vs/code/browser/workbench/workbench.js:4587:115075)
    at async vOt.createFolder (https://ai-lab.rice-business.org/cs_test/stable-13ca0e47310505f4ab1ac59e891e9a3c5e5eec04/static/out/vs/code/browser/workbench/workbench.js:4587:114875)
    at async ice.storeState (https://ai-lab.rice-business.org/cs_test/stable-13ca0e47310505f4ab1ac59e891e9a3c5e5eec04/static/out/vs/code/browser/workbench/workbench.js:2978:15032) @ https://ai-lab.rice-business.org/cs_test/stable-13ca0e47310505f4ab1ac59e891e9a3c5e5eec04/static/out/vs/code/browser/workbench/workbench.js:37
[      33ms] [ERROR] %c  ERR color: #f33 Error creating chat editing session content folder vscode-remote:/home/test_student/.local/share/code-server/User/workspaceStorage/empty-window/chatEditingSessions/014f56c9-5ab9-4fc4-9ad1-734c5f413cab/contents Canceled: Canceled
    at Object.call (https://ai-lab.rice-business.org/cs_test/stable-13ca0e47310505f4ab1ac59e891e9a3c5e5eec04/static/out/vs/code/browser/workbench/workbench.js:612:1374)
    at https://ai-lab.rice-business.org/cs_test/stable-13ca0e47310505f4ab1ac59e891e9a3c5e5eec04/static/out/vs/code/browser/workbench/workbench.js:613:2181
    at async vOt.W (https://ai-lab.rice-business.org/cs_test/stable-13ca0e47310505f4ab1ac59e891e9a3c5e5eec04/static/out/vs/code/browser/workbench/workbench.js:4587:115075)
    at async vOt.createFolder (https://ai-lab.rice-business.org/cs_test/stable-13ca0e47310505f4ab1ac59e891e9a3c5e5eec04/static/out/vs/code/browser/workbench/workbench.js:4587:114875)
    at async ice.storeState (https://ai-lab.rice-business.org/cs_test/stable-13ca0e47310505f4ab1ac59e891e9a3c5e5eec04/static/out/vs/code/browser/workbench/workbench.js:2978:15032) @ https://ai-lab.rice-business.org/cs_test/stable-13ca0e47310505f4ab1ac59e891e9a3c5e5eec04/static/out/vs/code/browser/workbench/workbench.js:37
[      33ms] [ERROR] %c  ERR color: #f33 Error creating chat editing session content folder vscode-remote:/home/test_student/.local/share/code-server/User/workspaceStorage/empty-window/chatEditingSessions/014f56c9-5ab9-4fc4-9ad1-734c5f413cab/contents Canceled: Canceled
    at Object.call (https://ai-lab.rice-business.org/cs_test/stable-13ca0e47310505f4ab1ac59e891e9a3c5e5eec04/static/out/vs/code/browser/workbench/workbench.js:612:1374)
    at https://ai-lab.rice-business.org/cs_test/stable-13ca0e47310505f4ab1ac59e891e9a3c5e5eec04/static/out/vs/code/browser/workbench/workbench.js:613:2181
    at async vOt.W (https://ai-lab.rice-business.org/cs_test/stable-13ca0e47310505f4ab1ac59e891e9a3c5e5eec04/static/out/vs/code/browser/workbench/workbench.js:4587:115075)
    at async vOt.createFolder (https://ai-lab.rice-business.org/cs_test/stable-13ca0e47310505f4ab1ac59e891e9a3c5e5eec04/static/out/vs/code/browser/workbench/workbench.js:4587:114875)
    at async ice.storeState (https://ai-lab.rice-business.org/cs_test/stable-13ca0e47310505f4ab1ac59e891e9a3c5e5eec04/static/out/vs/code/browser/workbench/workbench.js:2978:15032) @ https://ai-lab.rice-business.org/cs_test/stable-13ca0e47310505f4ab1ac59e891e9a3c5e5eec04/static/out/vs/code/browser/workbench/workbench.js:37
[      33ms] [ERROR] %c  ERR color: #f33 Error creating chat editing session content folder vscode-remote:/home/test_student/.local/share/code-server/User/workspaceStorage/empty-window/chatEditingSessions/014f56c9-5ab9-4fc4-9ad1-734c5f413cab/contents Canceled: Canceled
    at Object.call (https://ai-lab.rice-business.org/cs_test/stable-13ca0e47310505f4ab1ac59e891e9a3c5e5eec04/static/out/vs/code/browser/workbench/workbench.js:612:1374)
    at https://ai-lab.rice-business.org/cs_test/stable-13ca0e47310505f4ab1ac59e891e9a3c5e5eec04/static/out/vs/code/browser/workbench/workbench.js:613:2181
    at async vOt.W (https://ai-lab.rice-business.org/cs_test/stable-13ca0e47310505f4ab1ac59e891e9a3c5e5eec04/static/out/vs/code/browser/workbench/workbench.js:4587:115075)
    at async vOt.createFolder (https://ai-lab.rice-business.org/cs_test/stable-13ca0e47310505f4ab1ac59e891e9a3c5e5eec04/static/out/vs/code/browser/workbench/workbench.js:4587:114875)
    at async ice.storeState (https://ai-lab.rice-business.org/cs_test/stable-13ca0e47310505f4ab1ac59e891e9a3c5e5eec04/static/out/vs/code/browser/workbench/workbench.js:2978:15032) @ https://ai-lab.rice-business.org/cs_test/stable-13ca0e47310505f4ab1ac59e891e9a3c5e5eec04/static/out/vs/code/browser/workbench/workbench.js:37
[      33ms] [ERROR] %c  ERR color: #f33 Error creating chat editing session content folder vscode-remote:/home/test_student/.local/share/code-server/User/workspaceStorage/empty-window/chatEditingSessions/014f56c9-5ab9-4fc4-9ad1-734c5f413cab/contents Canceled: Canceled
    at Object.call (https://ai-lab.rice-business.org/cs_test/stable-13ca0e47310505f4ab1ac59e891e9a3c5e5eec04/static/out/vs/code/browser/workbench/workbench.js:612:1374)
    at https://ai-lab.rice-business.org/cs_test/stable-13ca0e47310505f4ab1ac59e891e9a3c5e5eec04/static/out/vs/code/browser/workbench/workbench.js:613:2181
    at async vOt.W (https://ai-lab.rice-business.org/cs_test/stable-13ca0e47310505f4ab1ac59e891e9a3c5e5eec04/static/out/vs/code/browser/workbench/workbench.js:4587:115075)
    at async vOt.createFolder (https://ai-lab.rice-business.org/cs_test/stable-13ca0e47310505f4ab1ac59e891e9a3c5e5eec04/static/out/vs/code/browser/workbench/workbench.js:4587:114875)
    at async ice.storeState (https://ai-lab.rice-business.org/cs_test/stable-13ca0e47310505f4ab1ac59e891e9a3c5e5eec04/static/out/vs/code/browser/workbench/workbench.js:2978:15032) @ https://ai-lab.rice-business.org/cs_test/stable-13ca0e47310505f4ab1ac59e891e9a3c5e5eec04/static/out/vs/code/browser/workbench/workbench.js:37
[      33ms] [ERROR] %c  ERR color: #f33 Error creating chat editing session content folder vscode-remote:/home/test_student/.local/share/code-server/User/workspaceStorage/empty-window/chatEditingSessions/014f56c9-5ab9-4fc4-9ad1-734c5f413cab/contents Canceled: Canceled
    at Object.call (https://ai-lab.rice-business.org/cs_test/stable-13ca0e47310505f4ab1ac59e891e9a3c5e5eec04/static/out/vs/code/browser/workbench/workbench.js:612:1374)
    at https://ai-lab.rice-business.org/cs_test/stable-13ca0e47310505f4ab1ac59e891e9a3c5e5eec04/static/out/vs/code/browser/workbench/workbench.js:613:2181
    at async vOt.W (https://ai-lab.rice-business.org/cs_test/stable-13ca0e47310505f4ab1ac59e891e9a3c5e5eec04/static/out/vs/code/browser/workbench/workbench.js:4587:115075)
    at async vOt.createFolder (https://ai-lab.rice-business.org/cs_test/stable-13ca0e47310505f4ab1ac59e891e9a3c5e5eec04/static/out/vs/code/browser/workbench/workbench.js:4587:114875)
    at async ice.storeState (https://ai-lab.rice-business.org/cs_test/stable-13ca0e47310505f4ab1ac59e891e9a3c5e5eec04/static/out/vs/code/browser/workbench/workbench.js:2978:15032) @ https://ai-lab.rice-business.org/cs_test/stable-13ca0e47310505f4ab1ac59e891e9a3c5e5eec04/static/out/vs/code/browser/workbench/workbench.js:37
[      33ms] [ERROR] %c  ERR color: #f33 Error creating chat editing session content folder vscode-remote:/home/test_student/.local/share/code-server/User/workspaceStorage/empty-window/chatEditingSessions/014f56c9-5ab9-4fc4-9ad1-734c5f413cab/contents Canceled: Canceled
    at Object.call (https://ai-lab.rice-business.org/cs_test/stable-13ca0e47310505f4ab1ac59e891e9a3c5e5eec04/static/out/vs/code/browser/workbench/workbench.js:612:1374)
    at https://ai-lab.rice-business.org/cs_test/stable-13ca0e47310505f4ab1ac59e891e9a3c5e5eec04/static/out/vs/code/browser/workbench/workbench.js:613:2181
    at async vOt.W (https://ai-lab.rice-business.org/cs_test/stable-13ca0e47310505f4ab1ac59e891e9a3c5e5eec04/static/out/vs/code/browser/workbench/workbench.js:4587:115075)
    at async vOt.createFolder (https://ai-lab.rice-business.org/cs_test/stable-13ca0e47310505f4ab1ac59e891e9a3c5e5eec04/static/out/vs/code/browser/workbench/workbench.js:4587:114875)
    at async ice.storeState (https://ai-lab.rice-business.org/cs_test/stable-13ca0e47310505f4ab1ac59e891e9a3c5e5eec04/static/out/vs/code/browser/workbench/workbench.js:2978:15032) @ https://ai-lab.rice-business.org/cs_test/stable-13ca0e47310505f4ab1ac59e891e9a3c5e5eec04/static/out/vs/code/browser/workbench/workbench.js:37
[      33ms] [ERROR] %c  ERR color: #f33 Error creating chat editing session content folder vscode-remote:/home/test_student/.local/share/code-server/User/workspaceStorage/empty-window/chatEditingSessions/014f56c9-5ab9-4fc4-9ad1-734c5f413cab/contents Canceled: Canceled
    at Object.call (https://ai-lab.rice-business.org/cs_test/stable-13ca0e47310505f4ab1ac59e891e9a3c5e5eec04/static/out/vs/code/browser/workbench/workbench.js:612:1374)
    at https://ai-lab.rice-business.org/cs_test/stable-13ca0e47310505f4ab1ac59e891e9a3c5e5eec04/static/out/vs/code/browser/workbench/workbench.js:613:2181
    at async vOt.W (https://ai-lab.rice-business.org/cs_test/stable-13ca0e47310505f4ab1ac59e891e9a3c5e5eec04/static/out/vs/code/browser/workbench/workbench.js:4587:115075)
    at async vOt.createFolder (https://ai-lab.rice-business.org/cs_test/stable-13ca0e47310505f4ab1ac59e891e9a3c5e5eec04/static/out/vs/code/browser/workbench/workbench.js:4587:114875)
    at async ice.storeState (https://ai-lab.rice-business.org/cs_test/stable-13ca0e47310505f4ab1ac59e891e9a3c5e5eec04/static/out/vs/code/browser/workbench/workbench.js:2978:15032) @ https://ai-lab.rice-business.org/cs_test/stable-13ca0e47310505f4ab1ac59e891e9a3c5e5eec04/static/out/vs/code/browser/workbench/workbench.js:37
[      33ms] [ERROR] %c  ERR color: #f33 Error creating chat editing session content folder vscode-remote:/home/test_student/.local/share/code-server/User/workspaceStorage/empty-window/chatEditingSessions/014f56c9-5ab9-4fc4-9ad1-734c5f413cab/contents Canceled: Canceled
    at Object.call (https://ai-lab.rice-business.org/cs_test/stable-13ca0e47310505f4ab1ac59e891e9a3c5e5eec04/static/out/vs/code/browser/workbench/workbench.js:612:1374)
    at https://ai-lab.rice-business.org/cs_test/stable-13ca0e47310505f4ab1ac59e891e9a3c5e5eec04/static/out/vs/code/browser/workbench/workbench.js:613:2181
    at async vOt.W (https://ai-lab.rice-business.org/cs_test/stable-13ca0e47310505f4ab1ac59e891e9a3c5e5eec04/static/out/vs/code/browser/workbench/workbench.js:4587:115075)
    at async vOt.createFolder (https://ai-lab.rice-business.org/cs_test/stable-13ca0e47310505f4ab1ac59e891e9a3c5e5eec04/static/out/vs/code/browser/workbench/workbench.js:4587:114875)
    at async ice.storeState (https://ai-lab.rice-business.org/cs_test/stable-13ca0e47310505f4ab1ac59e891e9a3c5e5eec04/static/out/vs/code/browser/workbench/workbench.js:2978:15032) @ https://ai-lab.rice-business.org/cs_test/stable-13ca0e47310505f4ab1ac59e891e9a3c5e5eec04/static/out/vs/code/browser/workbench/workbench.js:37
[      33ms] [ERROR] %c  ERR color: #f33 Error creating chat editing session content folder vscode-remote:/home/test_student/.local/share/code-server/User/workspaceStorage/empty-window/chatEditingSessions/014f56c9-5ab9-4fc4-9ad1-734c5f413cab/contents Canceled: Canceled
    at Object.call (https://ai-lab.rice-business.org/cs_test/stable-13ca0e47310505f4ab1ac59e891e9a3c5e5eec04/static/out/vs/code/browser/workbench/workbench.js:612:1374)
    at https://ai-lab.rice-business.org/cs_test/stable-13ca0e47310505f4ab1ac59e891e9a3c5e5eec04/static/out/vs/code/browser/workbench/workbench.js:613:2181
    at async vOt.W (https://ai-lab.rice-business.org/cs_test/stable-13ca0e47310505f4ab1ac59e891e9a3c5e5eec04/static/out/vs/code/browser/workbench/workbench.js:4587:115075)
    at async vOt.createFolder (https://ai-lab.rice-business.org/cs_test/stable-13ca0e47310505f4ab1ac59e891e9a3c5e5eec04/static/out/vs/code/browser/workbench/workbench.js:4587:114875)
    at async ice.storeState (https://ai-lab.rice-business.org/cs_test/stable-13ca0e47310505f4ab1ac59e891e9a3c5e5eec04/static/out/vs/code/browser/workbench/workbench.js:2978:15032) @ https://ai-lab.rice-business.org/cs_test/stable-13ca0e47310505f4ab1ac59e891e9a3c5e5eec04/static/out/vs/code/browser/workbench/workbench.js:37
[      34ms] [ERROR] %c  ERR color: #f33 Error creating chat editing session content folder vscode-remote:/home/test_student/.local/share/code-server/User/workspaceStorage/empty-window/chatEditingSessions/014f56c9-5ab9-4fc4-9ad1-734c5f413cab/contents Canceled: Canceled
    at Object.call (https://ai-lab.rice-business.org/cs_test/stable-13ca0e47310505f4ab1ac59e891e9a3c5e5eec04/static/out/vs/code/browser/workbench/workbench.js:612:1374)
    at https://ai-lab.rice-business.org/cs_test/stable-13ca0e47310505f4ab1ac59e891e9a3c5e5eec04/static/out/vs/code/browser/workbench/workbench.js:613:2181
    at async vOt.W (https://ai-lab.rice-business.org/cs_test/stable-13ca0e47310505f4ab1ac59e891e9a3c5e5eec04/static/out/vs/code/browser/workbench/workbench.js:4587:115075)
    at async vOt.createFolder (https://ai-lab.rice-business.org/cs_test/stable-13ca0e47310505f4ab1ac59e891e9a3c5e5eec04/static/out/vs/code/browser/workbench/workbench.js:4587:114875)
    at async ice.storeState (https://ai-lab.rice-business.org/cs_test/stable-13ca0e47310505f4ab1ac59e891e9a3c5e5eec04/static/out/vs/code/browser/workbench/workbench.js:2978:15032) @ https://ai-lab.rice-business.org/cs_test/stable-13ca0e47310505f4ab1ac59e891e9a3c5e5eec04/static/out/vs/code/browser/workbench/workbench.js:37
[      34ms] [ERROR] %c  ERR color: #f33 Error creating chat editing session content folder vscode-remote:/home/test_student/.local/share/code-server/User/workspaceStorage/empty-window/chatEditingSessions/014f56c9-5ab9-4fc4-9ad1-734c5f413cab/contents Canceled: Canceled
    at Object.call (https://ai-lab.rice-business.org/cs_test/stable-13ca0e47310505f4ab1ac59e891e9a3c5e5eec04/static/out/vs/code/browser/workbench/workbench.js:612:1374)
    at https://ai-lab.rice-business.org/cs_test/stable-13ca0e47310505f4ab1ac59e891e9a3c5e5eec04/static/out/vs/code/browser/workbench/workbench.js:613:2181
    at async vOt.W (https://ai-lab.rice-business.org/cs_test/stable-13ca0e47310505f4ab1ac59e891e9a3c5e5eec04/static/out/vs/code/browser/workbench/workbench.js:4587:115075)
    at async vOt.createFolder (https://ai-lab.rice-business.org/cs_test/stable-13ca0e47310505f4ab1ac59e891e9a3c5e5eec04/static/out/vs/code/browser/workbench/workbench.js:4587:114875)
    at async ice.storeState (https://ai-lab.rice-business.org/cs_test/stable-13ca0e47310505f4ab1ac59e891e9a3c5e5eec04/static/out/vs/code/browser/workbench/workbench.js:2978:15032) @ https://ai-lab.rice-business.org/cs_test/stable-13ca0e47310505f4ab1ac59e891e9a3c5e5eec04/static/out/vs/code/browser/workbench/workbench.js:37
[      34ms] [ERROR] %c  ERR color: #f33 Error creating chat editing session content folder vscode-remote:/home/test_student/.local/share/code-server/User/workspaceStorage/empty-window/chatEditingSessions/014f56c9-5ab9-4fc4-9ad1-734c5f413cab/contents Canceled: Canceled
    at Object.call (https://ai-lab.rice-business.org/cs_test/stable-13ca0e47310505f4ab1ac59e891e9a3c5e5eec04/static/out/vs/code/browser/workbench/workbench.js:612:1374)
    at https://ai-lab.rice-business.org/cs_test/stable-13ca0e47310505f4ab1ac59e891e9a3c5e5eec04/static/out/vs/code/browser/workbench/workbench.js:613:2181
    at async vOt.W (https://ai-lab.rice-business.org/cs_test/stable-13ca0e47310505f4ab1ac59e891e9a3c5e5eec04/static/out/vs/code/browser/workbench/workbench.js:4587:115075)
    at async vOt.createFolder (https://ai-lab.rice-business.org/cs_test/stable-13ca0e47310505f4ab1ac59e891e9a3c5e5eec04/static/out/vs/code/browser/workbench/workbench.js:4587:114875)
    at async ice.storeState (https://ai-lab.rice-business.org/cs_test/stable-13ca0e47310505f4ab1ac59e891e9a3c5e5eec04/static/out/vs/code/browser/workbench/workbench.js:2978:15032) @ https://ai-lab.rice-business.org/cs_test/stable-13ca0e47310505f4ab1ac59e891e9a3c5e5eec04/static/out/vs/code/browser/workbench/workbench.js:37
[      34ms] [ERROR] %c  ERR color: #f33 Error creating chat editing session content folder vscode-remote:/home/test_student/.local/share/code-server/User/workspaceStorage/empty-window/chatEditingSessions/014f56c9-5ab9-4fc4-9ad1-734c5f413cab/contents Canceled: Canceled
    at Object.call (https://ai-lab.rice-business.org/cs_test/stable-13ca0e47310505f4ab1ac59e891e9a3c5e5eec04/static/out/vs/code/browser/workbench/workbench.js:612:1374)
    at https://ai-lab.rice-business.org/cs_test/stable-13ca0e47310505f4ab1ac59e891e9a3c5e5eec04/static/out/vs/code/browser/workbench/workbench.js:613:2181
    at async vOt.W (https://ai-lab.rice-business.org/cs_test/stable-13ca0e47310505f4ab1ac59e891e9a3c5e5eec04/static/out/vs/code/browser/workbench/workbench.js:4587:115075)
    at async vOt.createFolder (https://ai-lab.rice-business.org/cs_test/stable-13ca0e47310505f4ab1ac59e891e9a3c5e5eec04/static/out/vs/code/browser/workbench/workbench.js:4587:114875)
    at async ice.storeState (https://ai-lab.rice-business.org/cs_test/stable-13ca0e47310505f4ab1ac59e891e9a3c5e5eec04/static/out/vs/code/browser/workbench/workbench.js:2978:15032) @ https://ai-lab.rice-business.org/cs_test/stable-13ca0e47310505f4ab1ac59e891e9a3c5e5eec04/static/out/vs/code/browser/workbench/workbench.js:37
[      35ms] [ERROR] %c  ERR color: #f33 Error creating chat editing session content folder vscode-remote:/home/test_student/.local/share/code-server/User/workspaceStorage/empty-window/chatEditingSessions/014f56c9-5ab9-4fc4-9ad1-734c5f413cab/contents Canceled: Canceled
    at Object.call (https://ai-lab.rice-business.org/cs_test/stable-13ca0e47310505f4ab1ac59e891e9a3c5e5eec04/static/out/vs/code/browser/workbench/workbench.js:612:1374)
    at https://ai-lab.rice-business.org/cs_test/stable-13ca0e47310505f4ab1ac59e891e9a3c5e5eec04/static/out/vs/code/browser/workbench/workbench.js:613:2181
    at async vOt.W (https://ai-lab.rice-business.org/cs_test/stable-13ca0e47310505f4ab1ac59e891e9a3c5e5eec04/static/out/vs/code/browser/workbench/workbench.js:4587:115075)
    at async vOt.createFolder (https://ai-lab.rice-business.org/cs_test/stable-13ca0e47310505f4ab1ac59e891e9a3c5e5eec04/static/out/vs/code/browser/workbench/workbench.js:4587:114875)
    at async ice.storeState (https://ai-lab.rice-business.org/cs_test/stable-13ca0e47310505f4ab1ac59e891e9a3c5e5eec04/static/out/vs/code/browser/workbench/workbench.js:2978:15032) @ https://ai-lab.rice-business.org/cs_test/stable-13ca0e47310505f4ab1ac59e891e9a3c5e5eec04/static/out/vs/code/browser/workbench/workbench.js:37
[      35ms] [ERROR] %c  ERR color: #f33 Error creating chat editing session content folder vscode-remote:/home/test_student/.local/share/code-server/User/workspaceStorage/empty-window/chatEditingSessions/014f56c9-5ab9-4fc4-9ad1-734c5f413cab/contents Canceled: Canceled
    at Object.call (https://ai-lab.rice-business.org/cs_test/stable-13ca0e47310505f4ab1ac59e891e9a3c5e5eec04/static/out/vs/code/browser/workbench/workbench.js:612:1374)
    at https://ai-lab.rice-business.org/cs_test/stable-13ca0e47310505f4ab1ac59e891e9a3c5e5eec04/static/out/vs/code/browser/workbench/workbench.js:613:2181
    at async vOt.W (https://ai-lab.rice-business.org/cs_test/stable-13ca0e47310505f4ab1ac59e891e9a3c5e5eec04/static/out/vs/code/browser/workbench/workbench.js:4587:115075)
    at async vOt.createFolder (https://ai-lab.rice-business.org/cs_test/stable-13ca0e47310505f4ab1ac59e891e9a3c5e5eec04/static/out/vs/code/browser/workbench/workbench.js:4587:114875)
    at async ice.storeState (https://ai-lab.rice-business.org/cs_test/stable-13ca0e47310505f4ab1ac59e891e9a3c5e5eec04/static/out/vs/code/browser/workbench/workbench.js:2978:15032) @ https://ai-lab.rice-business.org/cs_test/stable-13ca0e47310505f4ab1ac59e891e9a3c5e5eec04/static/out/vs/code/browser/workbench/workbench.js:37
[      35ms] [ERROR] %c  ERR color: #f33 Error creating chat editing session content folder vscode-remote:/home/test_student/.local/share/code-server/User/workspaceStorage/empty-window/chatEditingSessions/014f56c9-5ab9-4fc4-9ad1-734c5f413cab/contents Canceled: Canceled
    at Object.call (https://ai-lab.rice-business.org/cs_test/stable-13ca0e47310505f4ab1ac59e891e9a3c5e5eec04/static/out/vs/code/browser/workbench/workbench.js:612:1374)
    at https://ai-lab.rice-business.org/cs_test/stable-13ca0e47310505f4ab1ac59e891e9a3c5e5eec04/static/out/vs/code/browser/workbench/workbench.js:613:2181
    at async vOt.W (https://ai-lab.rice-business.org/cs_test/stable-13ca0e47310505f4ab1ac59e891e9a3c5e5eec04/static/out/vs/code/browser/workbench/workbench.js:4587:115075)
    at async vOt.createFolder (https://ai-lab.rice-business.org/cs_test/stable-13ca0e47310505f4ab1ac59e891e9a3c5e5eec04/static/out/vs/code/browser/workbench/workbench.js:4587:114875)
    at async ice.storeState (https://ai-lab.rice-business.org/cs_test/stable-13ca0e47310505f4ab1ac59e891e9a3c5e5eec04/static/out/vs/code/browser/workbench/workbench.js:2978:15032) @ https://ai-lab.rice-business.org/cs_test/stable-13ca0e47310505f4ab1ac59e891e9a3c5e5eec04/static/out/vs/code/browser/workbench/workbench.js:37
[      35ms] [ERROR] %c  ERR color: #f33 Error creating chat editing session content folder vscode-remote:/home/test_student/.local/share/code-server/User/workspaceStorage/empty-window/chatEditingSessions/014f56c9-5ab9-4fc4-9ad1-734c5f413cab/contents Canceled: Canceled
    at Object.call (https://ai-lab.rice-business.org/cs_test/stable-13ca0e47310505f4ab1ac59e891e9a3c5e5eec04/static/out/vs/code/browser/workbench/workbench.js:612:1374)
    at https://ai-lab.rice-business.org/cs_test/stable-13ca0e47310505f4ab1ac59e891e9a3c5e5eec04/static/out/vs/code/browser/workbench/workbench.js:613:2181
    at async vOt.W (https://ai-lab.rice-business.org/cs_test/stable-13ca0e47310505f4ab1ac59e891e9a3c5e5eec04/static/out/vs/code/browser/workbench/workbench.js:4587:115075)
    at async vOt.createFolder (https://ai-lab.rice-business.org/cs_test/stable-13ca0e47310505f4ab1ac59e891e9a3c5e5eec04/static/out/vs/code/browser/workbench/workbench.js:4587:114875)
    at async ice.storeState (https://ai-lab.rice-business.org/cs_test/stable-13ca0e47310505f4ab1ac59e891e9a3c5e5eec04/static/out/vs/code/browser/workbench/workbench.js:2978:15032) @ https://ai-lab.rice-business.org/cs_test/stable-13ca0e47310505f4ab1ac59e891e9a3c5e5eec04/static/out/vs/code/browser/workbench/workbench.js:37
[      36ms] [ERROR] %c  ERR color: #f33 Error creating chat editing session content folder vscode-remote:/home/test_student/.local/share/code-server/User/workspaceStorage/empty-window/chatEditingSessions/014f56c9-5ab9-4fc4-9ad1-734c5f413cab/contents Canceled: Canceled
    at Object.call (https://ai-lab.rice-business.org/cs_test/stable-13ca0e47310505f4ab1ac59e891e9a3c5e5eec04/static/out/vs/code/browser/workbench/workbench.js:612:1374)
    at https://ai-lab.rice-business.org/cs_test/stable-13ca0e47310505f4ab1ac59e891e9a3c5e5eec04/static/out/vs/code/browser/workbench/workbench.js:613:2181
    at async vOt.W (https://ai-lab.rice-business.org/cs_test/stable-13ca0e47310505f4ab1ac59e891e9a3c5e5eec04/static/out/vs/code/browser/workbench/workbench.js:4587:115075)
    at async vOt.createFolder (https://ai-lab.rice-business.org/cs_test/stable-13ca0e47310505f4ab1ac59e891e9a3c5e5eec04/static/out/vs/code/browser/workbench/workbench.js:4587:114875)
    at async ice.storeState (https://ai-lab.rice-business.org/cs_test/stable-13ca0e47310505f4ab1ac59e891e9a3c5e5eec04/static/out/vs/code/browser/workbench/workbench.js:2978:15032) @ https://ai-lab.rice-business.org/cs_test/stable-13ca0e47310505f4ab1ac59e891e9a3c5e5eec04/static/out/vs/code/browser/workbench/workbench.js:37
[      36ms] [ERROR] %c  ERR color: #f33 Error creating chat editing session content folder vscode-remote:/home/test_student/.local/share/code-server/User/workspaceStorage/empty-window/chatEditingSessions/014f56c9-5ab9-4fc4-9ad1-734c5f413cab/contents Canceled: Canceled
    at Object.call (https://ai-lab.rice-business.org/cs_test/stable-13ca0e47310505f4ab1ac59e891e9a3c5e5eec04/static/out/vs/code/browser/workbench/workbench.js:612:1374)
    at https://ai-lab.rice-business.org/cs_test/stable-13ca0e47310505f4ab1ac59e891e9a3c5e5eec04/static/out/vs/code/browser/workbench/workbench.js:613:2181
    at async vOt.W (https://ai-lab.rice-business.org/cs_test/stable-13ca0e47310505f4ab1ac59e891e9a3c5e5eec04/static/out/vs/code/browser/workbench/workbench.js:4587:115075)
    at async vOt.createFolder (https://ai-lab.rice-business.org/cs_test/stable-13ca0e47310505f4ab1ac59e891e9a3c5e5eec04/static/out/vs/code/browser/workbench/workbench.js:4587:114875)
    at async ice.storeState (https://ai-lab.rice-business.org/cs_test/stable-13ca0e47310505f4ab1ac59e891e9a3c5e5eec04/static/out/vs/code/browser/workbench/workbench.js:2978:15032) @ https://ai-lab.rice-business.org/cs_test/stable-13ca0e47310505f4ab1ac59e891e9a3c5e5eec04/static/out/vs/code/browser/workbench/workbench.js:37
[      36ms] [ERROR] %c  ERR color: #f33 Error creating chat editing session content folder vscode-remote:/home/test_student/.local/share/code-server/User/workspaceStorage/empty-window/chatEditingSessions/014f56c9-5ab9-4fc4-9ad1-734c5f413cab/contents Canceled: Canceled
    at Object.call (https://ai-lab.rice-business.org/cs_test/stable-13ca0e47310505f4ab1ac59e891e9a3c5e5eec04/static/out/vs/code/browser/workbench/workbench.js:612:1374)
    at https://ai-lab.rice-business.org/cs_test/stable-13ca0e47310505f4ab1ac59e891e9a3c5e5eec04/static/out/vs/code/browser/workbench/workbench.js:613:2181
    at async vOt.W (https://ai-lab.rice-business.org/cs_test/stable-13ca0e47310505f4ab1ac59e891e9a3c5e5eec04/static/out/vs/code/browser/workbench/workbench.js:4587:115075)
    at async vOt.createFolder (https://ai-lab.rice-business.org/cs_test/stable-13ca0e47310505f4ab1ac59e891e9a3c5e5eec04/static/out/vs/code/browser/workbench/workbench.js:4587:114875)
    at async ice.storeState (https://ai-lab.rice-business.org/cs_test/stable-13ca0e47310505f4ab1ac59e891e9a3c5e5eec04/static/out/vs/code/browser/workbench/workbench.js:2978:15032) @ https://ai-lab.rice-business.org/cs_test/stable-13ca0e47310505f4ab1ac59e891e9a3c5e5eec04/static/out/vs/code/browser/workbench/workbench.js:37
[      36ms] [ERROR] %c  ERR color: #f33 Error creating chat editing session content folder vscode-remote:/home/test_student/.local/share/code-server/User/workspaceStorage/empty-window/chatEditingSessions/014f56c9-5ab9-4fc4-9ad1-734c5f413cab/contents Canceled: Canceled
    at Object.call (https://ai-lab.rice-business.org/cs_test/stable-13ca0e47310505f4ab1ac59e891e9a3c5e5eec04/static/out/vs/code/browser/workbench/workbench.js:612:1374)
    at https://ai-lab.rice-business.org/cs_test/stable-13ca0e47310505f4ab1ac59e891e9a3c5e5eec04/static/out/vs/code/browser/workbench/workbench.js:613:2181
    at async vOt.W (https://ai-lab.rice-business.org/cs_test/stable-13ca0e47310505f4ab1ac59e891e9a3c5e5eec04/static/out/vs/code/browser/workbench/workbench.js:4587:115075)
    at async vOt.createFolder (https://ai-lab.rice-business.org/cs_test/stable-13ca0e47310505f4ab1ac59e891e9a3c5e5eec04/static/out/vs/code/browser/workbench/workbench.js:4587:114875)
    at async ice.storeState (https://ai-lab.rice-business.org/cs_test/stable-13ca0e47310505f4ab1ac59e891e9a3c5e5eec04/static/out/vs/code/browser/workbench/workbench.js:2978:15032) @ https://ai-lab.rice-business.org/cs_test/stable-13ca0e47310505f4ab1ac59e891e9a3c5e5eec04/static/out/vs/code/browser/workbench/workbench.js:37
[      36ms] [ERROR] %c  ERR color: #f33 Error creating chat editing session content folder vscode-remote:/home/test_student/.local/share/code-server/User/workspaceStorage/empty-window/chatEditingSessions/014f56c9-5ab9-4fc4-9ad1-734c5f413cab/contents Canceled: Canceled
    at Object.call (https://ai-lab.rice-business.org/cs_test/stable-13ca0e47310505f4ab1ac59e891e9a3c5e5eec04/static/out/vs/code/browser/workbench/workbench.js:612:1374)
    at https://ai-lab.rice-business.org/cs_test/stable-13ca0e47310505f4ab1ac59e891e9a3c5e5eec04/static/out/vs/code/browser/workbench/workbench.js:613:2181
    at async vOt.W (https://ai-lab.rice-business.org/cs_test/stable-13ca0e47310505f4ab1ac59e891e9a3c5e5eec04/static/out/vs/code/browser/workbench/workbench.js:4587:115075)
    at async vOt.createFolder (https://ai-lab.rice-business.org/cs_test/stable-13ca0e47310505f4ab1ac59e891e9a3c5e5eec04/static/out/vs/code/browser/workbench/workbench.js:4587:114875)
    at async ice.storeState (https://ai-lab.rice-business.org/cs_test/stable-13ca0e47310505f4ab1ac59e891e9a3c5e5eec04/static/out/vs/code/browser/workbench/workbench.js:2978:15032) @ https://ai-lab.rice-business.org/cs_test/stable-13ca0e47310505f4ab1ac59e891e9a3c5e5eec04/static/out/vs/code/browser/workbench/workbench.js:37
[      36ms] [ERROR] %c  ERR color: #f33 Error creating chat editing session content folder vscode-remote:/home/test_student/.local/share/code-server/User/workspaceStorage/empty-window/chatEditingSessions/014f56c9-5ab9-4fc4-9ad1-734c5f413cab/contents Canceled: Canceled
    at Object.call (https://ai-lab.rice-business.org/cs_test/stable-13ca0e47310505f4ab1ac59e891e9a3c5e5eec04/static/out/vs/code/browser/workbench/workbench.js:612:1374)
    at https://ai-lab.rice-business.org/cs_test/stable-13ca0e47310505f4ab1ac59e891e9a3c5e5eec04/static/out/vs/code/browser/workbench/workbench.js:613:2181
    at async vOt.W (https://ai-lab.rice-business.org/cs_test/stable-13ca0e47310505f4ab1ac59e891e9a3c5e5eec04/static/out/vs/code/browser/workbench/workbench.js:4587:115075)
    at async vOt.createFolder (https://ai-lab.rice-business.org/cs_test/stable-13ca0e47310505f4ab1ac59e891e9a3c5e5eec04/static/out/vs/code/browser/workbench/workbench.js:4587:114875)
    at async ice.storeState (https://ai-lab.rice-business.org/cs_test/stable-13ca0e47310505f4ab1ac59e891e9a3c5e5eec04/static/out/vs/code/browser/workbench/workbench.js:2978:15032) @ https://ai-lab.rice-business.org/cs_test/stable-13ca0e47310505f4ab1ac59e891e9a3c5e5eec04/static/out/vs/code/browser/workbench/workbench.js:37
[      36ms] [ERROR] %c  ERR color: #f33 Error creating chat editing session content folder vscode-remote:/home/test_student/.local/share/code-server/User/workspaceStorage/empty-window/chatEditingSessions/014f56c9-5ab9-4fc4-9ad1-734c5f413cab/contents Canceled: Canceled
    at Object.call (https://ai-lab.rice-business.org/cs_test/stable-13ca0e47310505f4ab1ac59e891e9a3c5e5eec04/static/out/vs/code/browser/workbench/workbench.js:612:1374)
    at https://ai-lab.rice-business.org/cs_test/stable-13ca0e47310505f4ab1ac59e891e9a3c5e5eec04/static/out/vs/code/browser/workbench/workbench.js:613:2181
    at async vOt.W (https://ai-lab.rice-business.org/cs_test/stable-13ca0e47310505f4ab1ac59e891e9a3c5e5eec04/static/out/vs/code/browser/workbench/workbench.js:4587:115075)
    at async vOt.createFolder (https://ai-lab.rice-business.org/cs_test/stable-13ca0e47310505f4ab1ac59e891e9a3c5e5eec04/static/out/vs/code/browser/workbench/workbench.js:4587:114875)
    at async ice.storeState (https://ai-lab.rice-business.org/cs_test/stable-13ca0e47310505f4ab1ac59e891e9a3c5e5eec04/static/out/vs/code/browser/workbench/workbench.js:2978:15032) @ https://ai-lab.rice-business.org/cs_test/stable-13ca0e47310505f4ab1ac59e891e9a3c5e5eec04/static/out/vs/code/browser/workbench/workbench.js:37
[      36ms] [ERROR] %c  ERR color: #f33 Error creating chat editing session content folder vscode-remote:/home/test_student/.local/share/code-server/User/workspaceStorage/empty-window/chatEditingSessions/014f56c9-5ab9-4fc4-9ad1-734c5f413cab/contents Canceled: Canceled
    at Object.call (https://ai-lab.rice-business.org/cs_test/stable-13ca0e47310505f4ab1ac59e891e9a3c5e5eec04/static/out/vs/code/browser/workbench/workbench.js:612:1374)
    at https://ai-lab.rice-business.org/cs_test/stable-13ca0e47310505f4ab1ac59e891e9a3c5e5eec04/static/out/vs/code/browser/workbench/workbench.js:613:2181
    at async vOt.W (https://ai-lab.rice-business.org/cs_test/stable-13ca0e47310505f4ab1ac59e891e9a3c5e5eec04/static/out/vs/code/browser/workbench/workbench.js:4587:115075)
    at async vOt.createFolder (https://ai-lab.rice-business.org/cs_test/stable-13ca0e47310505f4ab1ac59e891e9a3c5e5eec04/static/out/vs/code/browser/workbench/workbench.js:4587:114875)
    at async ice.storeState (https://ai-lab.rice-business.org/cs_test/stable-13ca0e47310505f4ab1ac59e891e9a3c5e5eec04/static/out/vs/code/browser/workbench/workbench.js:2978:15032) @ https://ai-lab.rice-business.org/cs_test/stable-13ca0e47310505f4ab1ac59e891e9a3c5e5eec04/static/out/vs/code/browser/workbench/workbench.js:37
[      37ms] [ERROR] %c  ERR color: #f33 Error creating chat editing session content folder vscode-remote:/home/test_student/.local/share/code-server/User/workspaceStorage/empty-window/chatEditingSessions/014f56c9-5ab9-4fc4-9ad1-734c5f413cab/contents Canceled: Canceled
    at Object.call (https://ai-lab.rice-business.org/cs_test/stable-13ca0e47310505f4ab1ac59e891e9a3c5e5eec04/static/out/vs/code/browser/workbench/workbench.js:612:1374)
    at https://ai-lab.rice-business.org/cs_test/stable-13ca0e47310505f4ab1ac59e891e9a3c5e5eec04/static/out/vs/code/browser/workbench/workbench.js:613:2181
    at async vOt.W (https://ai-lab.rice-business.org/cs_test/stable-13ca0e47310505f4ab1ac59e891e9a3c5e5eec04/static/out/vs/code/browser/workbench/workbench.js:4587:115075)
    at async vOt.createFolder (https://ai-lab.rice-business.org/cs_test/stable-13ca0e47310505f4ab1ac59e891e9a3c5e5eec04/static/out/vs/code/browser/workbench/workbench.js:4587:114875)
    at async ice.storeState (https://ai-lab.rice-business.org/cs_test/stable-13ca0e47310505f4ab1ac59e891e9a3c5e5eec04/static/out/vs/code/browser/workbench/workbench.js:2978:15032) @ https://ai-lab.rice-business.org/cs_test/stable-13ca0e47310505f4ab1ac59e891e9a3c5e5eec04/static/out/vs/code/browser/workbench/workbench.js:37
[      37ms] [ERROR] %c  ERR color: #f33 Error creating chat editing session content folder vscode-remote:/home/test_student/.local/share/code-server/User/workspaceStorage/empty-window/chatEditingSessions/014f56c9-5ab9-4fc4-9ad1-734c5f413cab/contents Canceled: Canceled
    at Object.call (https://ai-lab.rice-business.org/cs_test/stable-13ca0e47310505f4ab1ac59e891e9a3c5e5eec04/static/out/vs/code/browser/workbench/workbench.js:612:1374)
    at https://ai-lab.rice-business.org/cs_test/stable-13ca0e47310505f4ab1ac59e891e9a3c5e5eec04/static/out/vs/code/browser/workbench/workbench.js:613:2181
    at async vOt.W (https://ai-lab.rice-business.org/cs_test/stable-13ca0e47310505f4ab1ac59e891e9a3c5e5eec04/static/out/vs/code/browser/workbench/workbench.js:4587:115075)
    at async vOt.createFolder (https://ai-lab.rice-business.org/cs_test/stable-13ca0e47310505f4ab1ac59e891e9a3c5e5eec04/static/out/vs/code/browser/workbench/workbench.js:4587:114875)
    at async ice.storeState (https://ai-lab.rice-business.org/cs_test/stable-13ca0e47310505f4ab1ac59e891e9a3c5e5eec04/static/out/vs/code/browser/workbench/workbench.js:2978:15032) @ https://ai-lab.rice-business.org/cs_test/stable-13ca0e47310505f4ab1ac59e891e9a3c5e5eec04/static/out/vs/code/browser/workbench/workbench.js:37
[      37ms] [ERROR] %c  ERR color: #f33 Error creating chat editing session content folder vscode-remote:/home/test_student/.local/share/code-server/User/workspaceStorage/empty-window/chatEditingSessions/014f56c9-5ab9-4fc4-9ad1-734c5f413cab/contents Canceled: Canceled
    at Object.call (https://ai-lab.rice-business.org/cs_test/stable-13ca0e47310505f4ab1ac59e891e9a3c5e5eec04/static/out/vs/code/browser/workbench/workbench.js:612:1374)
    at https://ai-lab.rice-business.org/cs_test/stable-13ca0e47310505f4ab1ac59e891e9a3c5e5eec04/static/out/vs/code/browser/workbench/workbench.js:613:2181
    at async vOt.W (https://ai-lab.rice-business.org/cs_test/stable-13ca0e47310505f4ab1ac59e891e9a3c5e5eec04/static/out/vs/code/browser/workbench/workbench.js:4587:115075)
    at async vOt.createFolder (https://ai-lab.rice-business.org/cs_test/stable-13ca0e47310505f4ab1ac59e891e9a3c5e5eec04/static/out/vs/code/browser/workbench/workbench.js:4587:114875)
    at async ice.storeState (https://ai-lab.rice-business.org/cs_test/stable-13ca0e47310505f4ab1ac59e891e9a3c5e5eec04/static/out/vs/code/browser/workbench/workbench.js:2978:15032) @ https://ai-lab.rice-business.org/cs_test/stable-13ca0e47310505f4ab1ac59e891e9a3c5e5eec04/static/out/vs/code/browser/workbench/workbench.js:37
[      37ms] [ERROR] %c  ERR color: #f33 Error creating chat editing session content folder vscode-remote:/home/test_student/.local/share/code-server/User/workspaceStorage/empty-window/chatEditingSessions/014f56c9-5ab9-4fc4-9ad1-734c5f413cab/contents Canceled: Canceled
    at Object.call (https://ai-lab.rice-business.org/cs_test/stable-13ca0e47310505f4ab1ac59e891e9a3c5e5eec04/static/out/vs/code/browser/workbench/workbench.js:612:1374)
    at https://ai-lab.rice-business.org/cs_test/stable-13ca0e47310505f4ab1ac59e891e9a3c5e5eec04/static/out/vs/code/browser/workbench/workbench.js:613:2181
    at async vOt.W (https://ai-lab.rice-business.org/cs_test/stable-13ca0e47310505f4ab1ac59e891e9a3c5e5eec04/static/out/vs/code/browser/workbench/workbench.js:4587:115075)
    at async vOt.createFolder (https://ai-lab.rice-business.org/cs_test/stable-13ca0e47310505f4ab1ac59e891e9a3c5e5eec04/static/out/vs/code/browser/workbench/workbench.js:4587:114875)
    at async ice.storeState (https://ai-lab.rice-business.org/cs_test/stable-13ca0e47310505f4ab1ac59e891e9a3c5e5eec04/static/out/vs/code/browser/workbench/workbench.js:2978:15032) @ https://ai-lab.rice-business.org/cs_test/stable-13ca0e47310505f4ab1ac59e891e9a3c5e5eec04/static/out/vs/code/browser/workbench/workbench.js:37
[      38ms] [ERROR] %c  ERR color: #f33 Error creating chat editing session content folder vscode-remote:/home/test_student/.local/share/code-server/User/workspaceStorage/empty-window/chatEditingSessions/014f56c9-5ab9-4fc4-9ad1-734c5f413cab/contents Canceled: Canceled
    at Object.call (https://ai-lab.rice-business.org/cs_test/stable-13ca0e47310505f4ab1ac59e891e9a3c5e5eec04/static/out/vs/code/browser/workbench/workbench.js:612:1374)
    at https://ai-lab.rice-business.org/cs_test/stable-13ca0e47310505f4ab1ac59e891e9a3c5e5eec04/static/out/vs/code/browser/workbench/workbench.js:613:2181
    at async vOt.W (https://ai-lab.rice-business.org/cs_test/stable-13ca0e47310505f4ab1ac59e891e9a3c5e5eec04/static/out/vs/code/browser/workbench/workbench.js:4587:115075)
    at async vOt.createFolder (https://ai-lab.rice-business.org/cs_test/stable-13ca0e47310505f4ab1ac59e891e9a3c5e5eec04/static/out/vs/code/browser/workbench/workbench.js:4587:114875)
    at async ice.storeState (https://ai-lab.rice-business.org/cs_test/stable-13ca0e47310505f4ab1ac59e891e9a3c5e5eec04/static/out/vs/code/browser/workbench/workbench.js:2978:15032) @ https://ai-lab.rice-business.org/cs_test/stable-13ca0e47310505f4ab1ac59e891e9a3c5e5eec04/static/out/vs/code/browser/workbench/workbench.js:37
[      38ms] [ERROR] %c  ERR color: #f33 Error creating chat editing session content folder vscode-remote:/home/test_student/.local/share/code-server/User/workspaceStorage/empty-window/chatEditingSessions/014f56c9-5ab9-4fc4-9ad1-734c5f413cab/contents Canceled: Canceled
    at Object.call (https://ai-lab.rice-business.org/cs_test/stable-13ca0e47310505f4ab1ac59e891e9a3c5e5eec04/static/out/vs/code/browser/workbench/workbench.js:612:1374)
    at https://ai-lab.rice-business.org/cs_test/stable-13ca0e47310505f4ab1ac59e891e9a3c5e5eec04/static/out/vs/code/browser/workbench/workbench.js:613:2181
    at async vOt.W (https://ai-lab.rice-business.org/cs_test/stable-13ca0e47310505f4ab1ac59e891e9a3c5e5eec04/static/out/vs/code/browser/workbench/workbench.js:4587:115075)
    at async vOt.createFolder (https://ai-lab.rice-business.org/cs_test/stable-13ca0e47310505f4ab1ac59e891e9a3c5e5eec04/static/out/vs/code/browser/workbench/workbench.js:4587:114875)
    at async ice.storeState (https://ai-lab.rice-business.org/cs_test/stable-13ca0e47310505f4ab1ac59e891e9a3c5e5eec04/static/out/vs/code/browser/workbench/workbench.js:2978:15032) @ https://ai-lab.rice-business.org/cs_test/stable-13ca0e47310505f4ab1ac59e891e9a3c5e5eec04/static/out/vs/code/browser/workbench/workbench.js:37
[     151ms] [ERROR] %c  ERR color: #f33 Unable to write file 'vscode-log:/20260516T142234/window.log' (Error: IndexedDB database 'vscode-web-db' is closed.): Error: Unable to write file 'vscode-log:/20260516T142234/window.log' (Error: IndexedDB database 'vscode-web-db' is closed.)
    at vOt.writeFile (https://ai-lab.rice-business.org/cs_test/stable-13ca0e47310505f4ab1ac59e891e9a3c5e5eec04/static/out/vs/code/browser/workbench/workbench.js:4587:109259)
    at async sFt.flush (https://ai-lab.rice-business.org/cs_test/stable-13ca0e47310505f4ab1ac59e891e9a3c5e5eec04/static/out/vs/code/browser/workbench/workbench.js:4590:85386) @ https://ai-lab.rice-business.org/cs_test/stable-13ca0e47310505f4ab1ac59e891e9a3c5e5eec04/static/out/vs/code/browser/workbench/workbench.js:37
[     204ms] [VERBOSE] [DOM] Input elements should have autocomplete attributes (suggested: "current-password"): (More info: https://goo.gl/9p2vKq) %o @ https://ai-lab.rice-business.org/:0
[   15888ms] [LOG] %c INFO color: #33f Resolving connection token (ai-lab.rice-business.org)... @ https://ai-lab.rice-business.org/test_student/stable-13ca0e47310505f4ab1ac59e891e9a3c5e5eec04/static/out/vs/code/browser/workbench/workbench.js:37
[   15890ms] [LOG] %c INFO color: #33f Resolved connection token (ai-lab.rice-business.org) after 3 ms @ https://ai-lab.rice-business.org/test_student/stable-13ca0e47310505f4ab1ac59e891e9a3c5e5eec04/static/out/vs/code/browser/workbench/workbench.js:37
[   15894ms] [LOG] %c INFO color: #33f Creating a socket (renderer-Management-f6d89eb6-b512-45c4-bb6b-0b768dcac8ec)... @ https://ai-lab.rice-business.org/test_student/stable-13ca0e47310505f4ab1ac59e891e9a3c5e5eec04/static/out/vs/code/browser/workbench/workbench.js:37
[   16066ms] [LOG] %c INFO color: #33f Creating a socket (renderer-Management-f6d89eb6-b512-45c4-bb6b-0b768dcac8ec) was successful after 172 ms. @ https://ai-lab.rice-business.org/test_student/stable-13ca0e47310505f4ab1ac59e891e9a3c5e5eec04/static/out/vs/code/browser/workbench/workbench.js:37
[   16136ms] [ERROR] Failed to load resource: the server responded with a status of 404 (Not Found) @ https://ai-lab.rice-business.org/test_student/stable-13ca0e47310505f4ab1ac59e891e9a3c5e5eec04/static/node_modules/vsda/rust/web/vsda_bg.wasm:0
[   16137ms] [ERROR] Failed to load resource: the server responded with a status of 404 (Not Found) @ https://ai-lab.rice-business.org/test_student/stable-13ca0e47310505f4ab1ac59e891e9a3c5e5eec04/static/node_modules/vsda/rust/web/vsda.js:0
[   16377ms] [LOG] %c INFO color: #33f [reconnection-grace-time] Client received grace time from server: 10800000ms (10800s) @ https://ai-lab.rice-business.org/test_student/stable-13ca0e47310505f4ab1ac59e891e9a3c5e5eec04/static/out/vs/code/browser/workbench/workbench.js:37
[   16632ms] [WARNING] The web worker extension host is started in a same-origin iframe! @ https://ai-lab.rice-business.org/test_student/stable-13ca0e47310505f4ab1ac59e891e9a3c5e5eec04/static/out/vs/code/browser/workbench/workbench.js:4591
[   16635ms] [LOG] %c INFO color: #33f Creating a socket (renderer-ExtensionHost-4aceb238-020c-4daf-966a-5c687671a08c)... @ https://ai-lab.rice-business.org/test_student/stable-13ca0e47310505f4ab1ac59e891e9a3c5e5eec04/static/out/vs/code/browser/workbench/workbench.js:37
[   17135ms] [LOG] %c INFO color: #33f Creating a socket (renderer-ExtensionHost-4aceb238-020c-4daf-966a-5c687671a08c) was successful after 501 ms. @ https://ai-lab.rice-business.org/test_student/stable-13ca0e47310505f4ab1ac59e891e9a3c5e5eec04/static/out/vs/code/browser/workbench/workbench.js:37
[   17213ms] [LOG] %c INFO color: #33f [Service Worker] registered @ https://ai-lab.rice-business.org/test_student/stable-13ca0e47310505f4ab1ac59e891e9a3c5e5eec04/static/out/vs/code/browser/workbench/workbench.js:37
[   19227ms] [WARNING] %c WARN color: #993 [findAgentSkills] Agent skill description contains XML tags, removed: vscode-remote://ai-lab.rice-business.org/home/test_student/.claude/skills/web-app/SKILL.md @ https://ai-lab.rice-business.org/test_student/stable-13ca0e47310505f4ab1ac59e891e9a3c5e5eec04/static/out/vs/code/browser/workbench/workbench.js:37
[   19590ms] [LOG] %c INFO color: #33f Updating additional builtin extensions cache @ https://ai-lab.rice-business.org/test_student/stable-13ca0e47310505f4ab1ac59e891e9a3c5e5eec04/static/out/vs/code/browser/workbench/workbench.js:37
[ 3766983ms] [LOG] %c INFO color: #33f [remote-connection][ExtensionHost][4aceb…][reconnect] received socket close event (wasClean: false, code: 1006, reason: ). @ https://ai-lab.rice-business.org/test_student/stable-13ca0e47310505f4ab1ac59e891e9a3c5e5eec04/static/out/vs/code/browser/workbench/workbench.js:37
[ 3766984ms] [ERROR] %c  ERR color: #f33 CloseEvent @ https://ai-lab.rice-business.org/test_student/stable-13ca0e47310505f4ab1ac59e891e9a3c5e5eec04/static/out/vs/code/browser/workbench/workbench.js:37
[ 3766985ms] [LOG] %c INFO color: #33f [remote-connection][ExtensionHost][4aceb…][reconnect] starting reconnecting loop. You can get more information with the trace log level. @ https://ai-lab.rice-business.org/test_student/stable-13ca0e47310505f4ab1ac59e891e9a3c5e5eec04/static/out/vs/code/browser/workbench/workbench.js:37
[ 3766985ms] [LOG] %c INFO color: #33f [remote-connection][ExtensionHost][4aceb…][reconnect] starting reconnection with grace time: 10800000ms (10800s) @ https://ai-lab.rice-business.org/test_student/stable-13ca0e47310505f4ab1ac59e891e9a3c5e5eec04/static/out/vs/code/browser/workbench/workbench.js:37
[ 3766985ms] [LOG] %c INFO color: #33f [remote-connection][ExtensionHost][4aceb…][reconnect] resolving connection... @ https://ai-lab.rice-business.org/test_student/stable-13ca0e47310505f4ab1ac59e891e9a3c5e5eec04/static/out/vs/code/browser/workbench/workbench.js:37
[ 3766985ms] [LOG] %c INFO color: #33f [remote-connection][ExtensionHost][4aceb…][reconnect] connecting to WebSocket(ai-lab.rice-business.org:443)... @ https://ai-lab.rice-business.org/test_student/stable-13ca0e47310505f4ab1ac59e891e9a3c5e5eec04/static/out/vs/code/browser/workbench/workbench.js:37
[ 3766985ms] [LOG] %c INFO color: #33f Creating a socket (renderer-ExtensionHost-4aceb238-020c-4daf-966a-5c687671a08c)... @ https://ai-lab.rice-business.org/test_student/stable-13ca0e47310505f4ab1ac59e891e9a3c5e5eec04/static/out/vs/code/browser/workbench/workbench.js:37
[ 3766995ms] [LOG] %c INFO color: #33f [remote-connection][Management   ][f6d89…][reconnect] received socket close event (wasClean: false, code: 1006, reason: ). @ https://ai-lab.rice-business.org/test_student/stable-13ca0e47310505f4ab1ac59e891e9a3c5e5eec04/static/out/vs/code/browser/workbench/workbench.js:37
[ 3766995ms] [ERROR] %c  ERR color: #f33 CloseEvent @ https://ai-lab.rice-business.org/test_student/stable-13ca0e47310505f4ab1ac59e891e9a3c5e5eec04/static/out/vs/code/browser/workbench/workbench.js:37
[ 3766995ms] [LOG] %c INFO color: #33f [remote-connection][Management   ][f6d89…][reconnect] starting reconnecting loop. You can get more information with the trace log level. @ https://ai-lab.rice-business.org/test_student/stable-13ca0e47310505f4ab1ac59e891e9a3c5e5eec04/static/out/vs/code/browser/workbench/workbench.js:37
[ 3766999ms] [LOG] %c INFO color: #33f [remote-connection][Management   ][f6d89…][reconnect] starting reconnection with grace time: 10800000ms (10800s) @ https://ai-lab.rice-business.org/test_student/stable-13ca0e47310505f4ab1ac59e891e9a3c5e5eec04/static/out/vs/code/browser/workbench/workbench.js:37
[ 3767000ms] [LOG] %c INFO color: #33f [remote-connection][Management   ][f6d89…][reconnect] resolving connection... @ https://ai-lab.rice-business.org/test_student/stable-13ca0e47310505f4ab1ac59e891e9a3c5e5eec04/static/out/vs/code/browser/workbench/workbench.js:37
[ 3767000ms] [LOG] %c INFO color: #33f [remote-connection][Management   ][f6d89…][reconnect] connecting to WebSocket(ai-lab.rice-business.org:443)... @ https://ai-lab.rice-business.org/test_student/stable-13ca0e47310505f4ab1ac59e891e9a3c5e5eec04/static/out/vs/code/browser/workbench/workbench.js:37
[ 3767000ms] [LOG] %c INFO color: #33f Creating a socket (renderer-Management-f6d89eb6-b512-45c4-bb6b-0b768dcac8ec)... @ https://ai-lab.rice-business.org/test_student/stable-13ca0e47310505f4ab1ac59e891e9a3c5e5eec04/static/out/vs/code/browser/workbench/workbench.js:37
[ 3767188ms] [ERROR] WebSocket connection to 'wss://ai-lab.rice-business.org/test_student/stable-13ca0e47310505f4ab1ac59e891e9a3c5e5eec04?reconnectionToken=4aceb238-020c-4daf-966a-5c687671a08c&reconnection=true&skipWebSocketFrames=false' failed: Error during WebSocket handshake: Unexpected response code: 502 @ https://ai-lab.rice-business.org/test_student/stable-13ca0e47310505f4ab1ac59e891e9a3c5e5eec04/static/out/vs/code/browser/workbench/workbench.js:4589
[ 3767189ms] [LOG] %c INFO color: #33f Creating a socket (renderer-ExtensionHost-4aceb238-020c-4daf-966a-5c687671a08c) returned an error after 203 ms. @ https://ai-lab.rice-business.org/test_student/stable-13ca0e47310505f4ab1ac59e891e9a3c5e5eec04/static/out/vs/code/browser/workbench/workbench.js:37
[ 3767189ms] [ERROR] %c  ERR color: #f33 CodeExpectedError: WebSocket close with status code 1006
    at WebSocket.<anonymous> (https://ai-lab.rice-business.org/test_student/stable-13ca0e47310505f4ab1ac59e891e9a3c5e5eec04/static/out/vs/code/browser/workbench/workbench.js:4590:23285) @ https://ai-lab.rice-business.org/test_student/stable-13ca0e47310505f4ab1ac59e891e9a3c5e5eec04/static/out/vs/code/browser/workbench/workbench.js:37
[ 3767189ms] [ERROR] %c  ERR color: #f33 [remote-connection][ExtensionHost][4aceb…][reconnect][WebSocket(ai-lab.rice-business.org:443)] socketFactory.connect() failed or timed out. Error: @ https://ai-lab.rice-business.org/test_student/stable-13ca0e47310505f4ab1ac59e891e9a3c5e5eec04/static/out/vs/code/browser/workbench/workbench.js:37
[ 3767189ms] [ERROR] %c  ERR color: #f33 CodeExpectedError: WebSocket close with status code 1006
    at WebSocket.<anonymous> (https://ai-lab.rice-business.org/test_student/stable-13ca0e47310505f4ab1ac59e891e9a3c5e5eec04/static/out/vs/code/browser/workbench/workbench.js:4590:23285) @ https://ai-lab.rice-business.org/test_student/stable-13ca0e47310505f4ab1ac59e891e9a3c5e5eec04/static/out/vs/code/browser/workbench/workbench.js:37
[ 3767189ms] [LOG] %c INFO color: #33f [remote-connection][ExtensionHost][4aceb…][reconnect] A temporarily not available error occurred while trying to reconnect, will try again... @ https://ai-lab.rice-business.org/test_student/stable-13ca0e47310505f4ab1ac59e891e9a3c5e5eec04/static/out/vs/code/browser/workbench/workbench.js:37
[ 3767190ms] [LOG] %c INFO color: #33f [remote-connection][ExtensionHost][4aceb…][reconnect] waiting for 5 seconds before reconnecting... @ https://ai-lab.rice-business.org/test_student/stable-13ca0e47310505f4ab1ac59e891e9a3c5e5eec04/static/out/vs/code/browser/workbench/workbench.js:37
[ 3767380ms] [ERROR] WebSocket connection to 'wss://ai-lab.rice-business.org/test_student/stable-13ca0e47310505f4ab1ac59e891e9a3c5e5eec04?reconnectionToken=f6d89eb6-b512-45c4-bb6b-0b768dcac8ec&reconnection=true&skipWebSocketFrames=false' failed: Error during WebSocket handshake: Unexpected response code: 502 @ https://ai-lab.rice-business.org/test_student/stable-13ca0e47310505f4ab1ac59e891e9a3c5e5eec04/static/out/vs/code/browser/workbench/workbench.js:4589
[ 3767380ms] [LOG] %c INFO color: #33f Creating a socket (renderer-Management-f6d89eb6-b512-45c4-bb6b-0b768dcac8ec) returned an error after 380 ms. @ https://ai-lab.rice-business.org/test_student/stable-13ca0e47310505f4ab1ac59e891e9a3c5e5eec04/static/out/vs/code/browser/workbench/workbench.js:37
[ 3767380ms] [ERROR] %c  ERR color: #f33 CodeExpectedError: WebSocket close with status code 1006
    at WebSocket.<anonymous> (https://ai-lab.rice-business.org/test_student/stable-13ca0e47310505f4ab1ac59e891e9a3c5e5eec04/static/out/vs/code/browser/workbench/workbench.js:4590:23285) @ https://ai-lab.rice-business.org/test_student/stable-13ca0e47310505f4ab1ac59e891e9a3c5e5eec04/static/out/vs/code/browser/workbench/workbench.js:37
[ 3767380ms] [ERROR] %c  ERR color: #f33 [remote-connection][Management   ][f6d89…][reconnect][WebSocket(ai-lab.rice-business.org:443)] socketFactory.connect() failed or timed out. Error: @ https://ai-lab.rice-business.org/test_student/stable-13ca0e47310505f4ab1ac59e891e9a3c5e5eec04/static/out/vs/code/browser/workbench/workbench.js:37
[ 3767380ms] [ERROR] %c  ERR color: #f33 CodeExpectedError: WebSocket close with status code 1006
    at WebSocket.<anonymous> (https://ai-lab.rice-business.org/test_student/stable-13ca0e47310505f4ab1ac59e891e9a3c5e5eec04/static/out/vs/code/browser/workbench/workbench.js:4590:23285) @ https://ai-lab.rice-business.org/test_student/stable-13ca0e47310505f4ab1ac59e891e9a3c5e5eec04/static/out/vs/code/browser/workbench/workbench.js:37
[ 3767380ms] [LOG] %c INFO color: #33f [remote-connection][Management   ][f6d89…][reconnect] A temporarily not available error occurred while trying to reconnect, will try again... @ https://ai-lab.rice-business.org/test_student/stable-13ca0e47310505f4ab1ac59e891e9a3c5e5eec04/static/out/vs/code/browser/workbench/workbench.js:37
[ 3767380ms] [LOG] %c INFO color: #33f [remote-connection][Management   ][f6d89…][reconnect] waiting for 5 seconds before reconnecting... @ https://ai-lab.rice-business.org/test_student/stable-13ca0e47310505f4ab1ac59e891e9a3c5e5eec04/static/out/vs/code/browser/workbench/workbench.js:37
[ 3770136ms] [LOG] %c INFO color: #33f Extension host (Remote) is unresponsive. @ https://ai-lab.rice-business.org/test_student/stable-13ca0e47310505f4ab1ac59e891e9a3c5e5eec04/static/out/vs/code/browser/workbench/workbench.js:37
[ 3772200ms] [LOG] %c INFO color: #33f [remote-connection][ExtensionHost][4aceb…][reconnect] resolving connection... @ https://ai-lab.rice-business.org/test_student/stable-13ca0e47310505f4ab1ac59e891e9a3c5e5eec04/static/out/vs/code/browser/workbench/workbench.js:37
[ 3772200ms] [LOG] %c INFO color: #33f [remote-connection][ExtensionHost][4aceb…][reconnect] connecting to WebSocket(ai-lab.rice-business.org:443)... @ https://ai-lab.rice-business.org/test_student/stable-13ca0e47310505f4ab1ac59e891e9a3c5e5eec04/static/out/vs/code/browser/workbench/workbench.js:37
[ 3772200ms] [LOG] %c INFO color: #33f Creating a socket (renderer-ExtensionHost-4aceb238-020c-4daf-966a-5c687671a08c)... @ https://ai-lab.rice-business.org/test_student/stable-13ca0e47310505f4ab1ac59e891e9a3c5e5eec04/static/out/vs/code/browser/workbench/workbench.js:37
[ 3772376ms] [ERROR] WebSocket connection to 'wss://ai-lab.rice-business.org/test_student/stable-13ca0e47310505f4ab1ac59e891e9a3c5e5eec04?reconnectionToken=4aceb238-020c-4daf-966a-5c687671a08c&reconnection=true&skipWebSocketFrames=false' failed: Error during WebSocket handshake: Unexpected response code: 502 @ https://ai-lab.rice-business.org/test_student/stable-13ca0e47310505f4ab1ac59e891e9a3c5e5eec04/static/out/vs/code/browser/workbench/workbench.js:4589
[ 3772377ms] [LOG] %c INFO color: #33f Creating a socket (renderer-ExtensionHost-4aceb238-020c-4daf-966a-5c687671a08c) returned an error after 176 ms. @ https://ai-lab.rice-business.org/test_student/stable-13ca0e47310505f4ab1ac59e891e9a3c5e5eec04/static/out/vs/code/browser/workbench/workbench.js:37
[ 3772377ms] [ERROR] %c  ERR color: #f33 CodeExpectedError: WebSocket close with status code 1006
    at WebSocket.<anonymous> (https://ai-lab.rice-business.org/test_student/stable-13ca0e47310505f4ab1ac59e891e9a3c5e5eec04/static/out/vs/code/browser/workbench/workbench.js:4590:23285) @ https://ai-lab.rice-business.org/test_student/stable-13ca0e47310505f4ab1ac59e891e9a3c5e5eec04/static/out/vs/code/browser/workbench/workbench.js:37
[ 3772377ms] [ERROR] %c  ERR color: #f33 [remote-connection][ExtensionHost][4aceb…][reconnect][WebSocket(ai-lab.rice-business.org:443)] socketFactory.connect() failed or timed out. Error: @ https://ai-lab.rice-business.org/test_student/stable-13ca0e47310505f4ab1ac59e891e9a3c5e5eec04/static/out/vs/code/browser/workbench/workbench.js:37
[ 3772377ms] [ERROR] %c  ERR color: #f33 CodeExpectedError: WebSocket close with status code 1006
    at WebSocket.<anonymous> (https://ai-lab.rice-business.org/test_student/stable-13ca0e47310505f4ab1ac59e891e9a3c5e5eec04/static/out/vs/code/browser/workbench/workbench.js:4590:23285) @ https://ai-lab.rice-business.org/test_student/stable-13ca0e47310505f4ab1ac59e891e9a3c5e5eec04/static/out/vs/code/browser/workbench/workbench.js:37
[ 3772377ms] [LOG] %c INFO color: #33f [remote-connection][ExtensionHost][4aceb…][reconnect] A temporarily not available error occurred while trying to reconnect, will try again... @ https://ai-lab.rice-business.org/test_student/stable-13ca0e47310505f4ab1ac59e891e9a3c5e5eec04/static/out/vs/code/browser/workbench/workbench.js:37
[ 3772377ms] [LOG] %c INFO color: #33f [remote-connection][ExtensionHost][4aceb…][reconnect] waiting for 5 seconds before reconnecting... @ https://ai-lab.rice-business.org/test_student/stable-13ca0e47310505f4ab1ac59e891e9a3c5e5eec04/static/out/vs/code/browser/workbench/workbench.js:37
[ 3772385ms] [LOG] %c INFO color: #33f [remote-connection][Management   ][f6d89…][reconnect] resolving connection... @ https://ai-lab.rice-business.org/test_student/stable-13ca0e47310505f4ab1ac59e891e9a3c5e5eec04/static/out/vs/code/browser/workbench/workbench.js:37
[ 3772386ms] [LOG] %c INFO color: #33f [remote-connection][Management   ][f6d89…][reconnect] connecting to WebSocket(ai-lab.rice-business.org:443)... @ https://ai-lab.rice-business.org/test_student/stable-13ca0e47310505f4ab1ac59e891e9a3c5e5eec04/static/out/vs/code/browser/workbench/workbench.js:37
[ 3772386ms] [LOG] %c INFO color: #33f Creating a socket (renderer-Management-f6d89eb6-b512-45c4-bb6b-0b768dcac8ec)... @ https://ai-lab.rice-business.org/test_student/stable-13ca0e47310505f4ab1ac59e891e9a3c5e5eec04/static/out/vs/code/browser/workbench/workbench.js:37
[ 3772706ms] [ERROR] WebSocket connection to 'wss://ai-lab.rice-business.org/test_student/stable-13ca0e47310505f4ab1ac59e891e9a3c5e5eec04?reconnectionToken=f6d89eb6-b512-45c4-bb6b-0b768dcac8ec&reconnection=true&skipWebSocketFrames=false' failed: Error during WebSocket handshake: Unexpected response code: 502 @ https://ai-lab.rice-business.org/test_student/stable-13ca0e47310505f4ab1ac59e891e9a3c5e5eec04/static/out/vs/code/browser/workbench/workbench.js:4589
[ 3772707ms] [LOG] %c INFO color: #33f Creating a socket (renderer-Management-f6d89eb6-b512-45c4-bb6b-0b768dcac8ec) returned an error after 321 ms. @ https://ai-lab.rice-business.org/test_student/stable-13ca0e47310505f4ab1ac59e891e9a3c5e5eec04/static/out/vs/code/browser/workbench/workbench.js:37
[ 3772707ms] [ERROR] %c  ERR color: #f33 CodeExpectedError: WebSocket close with status code 1006
    at WebSocket.<anonymous> (https://ai-lab.rice-business.org/test_student/stable-13ca0e47310505f4ab1ac59e891e9a3c5e5eec04/static/out/vs/code/browser/workbench/workbench.js:4590:23285) @ https://ai-lab.rice-business.org/test_student/stable-13ca0e47310505f4ab1ac59e891e9a3c5e5eec04/static/out/vs/code/browser/workbench/workbench.js:37
[ 3772707ms] [ERROR] %c  ERR color: #f33 [remote-connection][Management   ][f6d89…][reconnect][WebSocket(ai-lab.rice-business.org:443)] socketFactory.connect() failed or timed out. Error: @ https://ai-lab.rice-business.org/test_student/stable-13ca0e47310505f4ab1ac59e891e9a3c5e5eec04/static/out/vs/code/browser/workbench/workbench.js:37
[ 3772707ms] [ERROR] %c  ERR color: #f33 CodeExpectedError: WebSocket close with status code 1006
    at WebSocket.<anonymous> (https://ai-lab.rice-business.org/test_student/stable-13ca0e47310505f4ab1ac59e891e9a3c5e5eec04/static/out/vs/code/browser/workbench/workbench.js:4590:23285) @ https://ai-lab.rice-business.org/test_student/stable-13ca0e47310505f4ab1ac59e891e9a3c5e5eec04/static/out/vs/code/browser/workbench/workbench.js:37
[ 3772707ms] [LOG] %c INFO color: #33f [remote-connection][Management   ][f6d89…][reconnect] A temporarily not available error occurred while trying to reconnect, will try again... @ https://ai-lab.rice-business.org/test_student/stable-13ca0e47310505f4ab1ac59e891e9a3c5e5eec04/static/out/vs/code/browser/workbench/workbench.js:37
[ 3772707ms] [LOG] %c INFO color: #33f [remote-connection][Management   ][f6d89…][reconnect] waiting for 5 seconds before reconnecting... @ https://ai-lab.rice-business.org/test_student/stable-13ca0e47310505f4ab1ac59e891e9a3c5e5eec04/static/out/vs/code/browser/workbench/workbench.js:37
[ 3777379ms] [LOG] %c INFO color: #33f [remote-connection][ExtensionHost][4aceb…][reconnect] resolving connection... @ https://ai-lab.rice-business.org/test_student/stable-13ca0e47310505f4ab1ac59e891e9a3c5e5eec04/static/out/vs/code/browser/workbench/workbench.js:37
[ 3777379ms] [LOG] %c INFO color: #33f [remote-connection][ExtensionHost][4aceb…][reconnect] connecting to WebSocket(ai-lab.rice-business.org:443)... @ https://ai-lab.rice-business.org/test_student/stable-13ca0e47310505f4ab1ac59e891e9a3c5e5eec04/static/out/vs/code/browser/workbench/workbench.js:37
[ 3777379ms] [LOG] %c INFO color: #33f Creating a socket (renderer-ExtensionHost-4aceb238-020c-4daf-966a-5c687671a08c)... @ https://ai-lab.rice-business.org/test_student/stable-13ca0e47310505f4ab1ac59e891e9a3c5e5eec04/static/out/vs/code/browser/workbench/workbench.js:37
[ 3777544ms] [ERROR] WebSocket connection to 'wss://ai-lab.rice-business.org/test_student/stable-13ca0e47310505f4ab1ac59e891e9a3c5e5eec04?reconnectionToken=4aceb238-020c-4daf-966a-5c687671a08c&reconnection=true&skipWebSocketFrames=false' failed: Error during WebSocket handshake: Unexpected response code: 502 @ https://ai-lab.rice-business.org/test_student/stable-13ca0e47310505f4ab1ac59e891e9a3c5e5eec04/static/out/vs/code/browser/workbench/workbench.js:4589
[ 3777544ms] [LOG] %c INFO color: #33f Creating a socket (renderer-ExtensionHost-4aceb238-020c-4daf-966a-5c687671a08c) returned an error after 165 ms. @ https://ai-lab.rice-business.org/test_student/stable-13ca0e47310505f4ab1ac59e891e9a3c5e5eec04/static/out/vs/code/browser/workbench/workbench.js:37
[ 3777544ms] [ERROR] %c  ERR color: #f33 CodeExpectedError: WebSocket close with status code 1006
    at WebSocket.<anonymous> (https://ai-lab.rice-business.org/test_student/stable-13ca0e47310505f4ab1ac59e891e9a3c5e5eec04/static/out/vs/code/browser/workbench/workbench.js:4590:23285) @ https://ai-lab.rice-business.org/test_student/stable-13ca0e47310505f4ab1ac59e891e9a3c5e5eec04/static/out/vs/code/browser/workbench/workbench.js:37
[ 3777545ms] [ERROR] %c  ERR color: #f33 [remote-connection][ExtensionHost][4aceb…][reconnect][WebSocket(ai-lab.rice-business.org:443)] socketFactory.connect() failed or timed out. Error: @ https://ai-lab.rice-business.org/test_student/stable-13ca0e47310505f4ab1ac59e891e9a3c5e5eec04/static/out/vs/code/browser/workbench/workbench.js:37
[ 3777545ms] [ERROR] %c  ERR color: #f33 CodeExpectedError: WebSocket close with status code 1006
    at WebSocket.<anonymous> (https://ai-lab.rice-business.org/test_student/stable-13ca0e47310505f4ab1ac59e891e9a3c5e5eec04/static/out/vs/code/browser/workbench/workbench.js:4590:23285) @ https://ai-lab.rice-business.org/test_student/stable-13ca0e47310505f4ab1ac59e891e9a3c5e5eec04/static/out/vs/code/browser/workbench/workbench.js:37
[ 3777545ms] [LOG] %c INFO color: #33f [remote-connection][ExtensionHost][4aceb…][reconnect] A temporarily not available error occurred while trying to reconnect, will try again... @ https://ai-lab.rice-business.org/test_student/stable-13ca0e47310505f4ab1ac59e891e9a3c5e5eec04/static/out/vs/code/browser/workbench/workbench.js:37
[ 3777545ms] [LOG] %c INFO color: #33f [remote-connection][ExtensionHost][4aceb…][reconnect] waiting for 10 seconds before reconnecting... @ https://ai-lab.rice-business.org/test_student/stable-13ca0e47310505f4ab1ac59e891e9a3c5e5eec04/static/out/vs/code/browser/workbench/workbench.js:37
[ 3777717ms] [LOG] %c INFO color: #33f [remote-connection][Management   ][f6d89…][reconnect] resolving connection... @ https://ai-lab.rice-business.org/test_student/stable-13ca0e47310505f4ab1ac59e891e9a3c5e5eec04/static/out/vs/code/browser/workbench/workbench.js:37
[ 3777717ms] [LOG] %c INFO color: #33f [remote-connection][Management   ][f6d89…][reconnect] connecting to WebSocket(ai-lab.rice-business.org:443)... @ https://ai-lab.rice-business.org/test_student/stable-13ca0e47310505f4ab1ac59e891e9a3c5e5eec04/static/out/vs/code/browser/workbench/workbench.js:37
[ 3777717ms] [LOG] %c INFO color: #33f Creating a socket (renderer-Management-f6d89eb6-b512-45c4-bb6b-0b768dcac8ec)... @ https://ai-lab.rice-business.org/test_student/stable-13ca0e47310505f4ab1ac59e891e9a3c5e5eec04/static/out/vs/code/browser/workbench/workbench.js:37
[ 3777882ms] [ERROR] WebSocket connection to 'wss://ai-lab.rice-business.org/test_student/stable-13ca0e47310505f4ab1ac59e891e9a3c5e5eec04?reconnectionToken=f6d89eb6-b512-45c4-bb6b-0b768dcac8ec&reconnection=true&skipWebSocketFrames=false' failed: Error during WebSocket handshake: Unexpected response code: 502 @ https://ai-lab.rice-business.org/test_student/stable-13ca0e47310505f4ab1ac59e891e9a3c5e5eec04/static/out/vs/code/browser/workbench/workbench.js:4589
[ 3777883ms] [LOG] %c INFO color: #33f Creating a socket (renderer-Management-f6d89eb6-b512-45c4-bb6b-0b768dcac8ec) returned an error after 165 ms. @ https://ai-lab.rice-business.org/test_student/stable-13ca0e47310505f4ab1ac59e891e9a3c5e5eec04/static/out/vs/code/browser/workbench/workbench.js:37
[ 3777883ms] [ERROR] %c  ERR color: #f33 CodeExpectedError: WebSocket close with status code 1006
    at WebSocket.<anonymous> (https://ai-lab.rice-business.org/test_student/stable-13ca0e47310505f4ab1ac59e891e9a3c5e5eec04/static/out/vs/code/browser/workbench/workbench.js:4590:23285) @ https://ai-lab.rice-business.org/test_student/stable-13ca0e47310505f4ab1ac59e891e9a3c5e5eec04/static/out/vs/code/browser/workbench/workbench.js:37
[ 3777883ms] [ERROR] %c  ERR color: #f33 [remote-connection][Management   ][f6d89…][reconnect][WebSocket(ai-lab.rice-business.org:443)] socketFactory.connect() failed or timed out. Error: @ https://ai-lab.rice-business.org/test_student/stable-13ca0e47310505f4ab1ac59e891e9a3c5e5eec04/static/out/vs/code/browser/workbench/workbench.js:37
[ 3777883ms] [ERROR] %c  ERR color: #f33 CodeExpectedError: WebSocket close with status code 1006
    at WebSocket.<anonymous> (https://ai-lab.rice-business.org/test_student/stable-13ca0e47310505f4ab1ac59e891e9a3c5e5eec04/static/out/vs/code/browser/workbench/workbench.js:4590:23285) @ https://ai-lab.rice-business.org/test_student/stable-13ca0e47310505f4ab1ac59e891e9a3c5e5eec04/static/out/vs/code/browser/workbench/workbench.js:37
[ 3777883ms] [LOG] %c INFO color: #33f [remote-connection][Management   ][f6d89…][reconnect] A temporarily not available error occurred while trying to reconnect, will try again... @ https://ai-lab.rice-business.org/test_student/stable-13ca0e47310505f4ab1ac59e891e9a3c5e5eec04/static/out/vs/code/browser/workbench/workbench.js:37
[ 3777883ms] [LOG] %c INFO color: #33f [remote-connection][Management   ][f6d89…][reconnect] waiting for 10 seconds before reconnecting... @ https://ai-lab.rice-business.org/test_student/stable-13ca0e47310505f4ab1ac59e891e9a3c5e5eec04/static/out/vs/code/browser/workbench/workbench.js:37
[ 3786541ms] [LOG] %c INFO color: #33f [remote-connection][ExtensionHost][4aceb…][reconnect] received socket timeout event (unacknowledgedMsgCount: 13, timeSinceOldestUnacknowledgedMsg: 20006, timeSinceLastReceivedSomeData: 20010). @ https://ai-lab.rice-business.org/test_student/stable-13ca0e47310505f4ab1ac59e891e9a3c5e5eec04/static/out/vs/code/browser/workbench/workbench.js:37
[ 3787012ms] [LOG] %c INFO color: #33f [remote-connection][Management   ][f6d89…][reconnect] received socket timeout event (unacknowledgedMsgCount: 4, timeSinceOldestUnacknowledgedMsg: 20012, timeSinceLastReceivedSomeData: 20301). @ https://ai-lab.rice-business.org/test_student/stable-13ca0e47310505f4ab1ac59e891e9a3c5e5eec04/static/out/vs/code/browser/workbench/workbench.js:37
[ 3787553ms] [LOG] %c INFO color: #33f [remote-connection][ExtensionHost][4aceb…][reconnect] resolving connection... @ https://ai-lab.rice-business.org/test_student/stable-13ca0e47310505f4ab1ac59e891e9a3c5e5eec04/static/out/vs/code/browser/workbench/workbench.js:37
[ 3787553ms] [LOG] %c INFO color: #33f [remote-connection][ExtensionHost][4aceb…][reconnect] connecting to WebSocket(ai-lab.rice-business.org:443)... @ https://ai-lab.rice-business.org/test_student/stable-13ca0e47310505f4ab1ac59e891e9a3c5e5eec04/static/out/vs/code/browser/workbench/workbench.js:37
[ 3787553ms] [LOG] %c INFO color: #33f Creating a socket (renderer-ExtensionHost-4aceb238-020c-4daf-966a-5c687671a08c)... @ https://ai-lab.rice-business.org/test_student/stable-13ca0e47310505f4ab1ac59e891e9a3c5e5eec04/static/out/vs/code/browser/workbench/workbench.js:37
[ 3787722ms] [ERROR] WebSocket connection to 'wss://ai-lab.rice-business.org/test_student/stable-13ca0e47310505f4ab1ac59e891e9a3c5e5eec04?reconnectionToken=4aceb238-020c-4daf-966a-5c687671a08c&reconnection=true&skipWebSocketFrames=false' failed: Error during WebSocket handshake: Unexpected response code: 502 @ https://ai-lab.rice-business.org/test_student/stable-13ca0e47310505f4ab1ac59e891e9a3c5e5eec04/static/out/vs/code/browser/workbench/workbench.js:4589
[ 3787723ms] [LOG] %c INFO color: #33f Creating a socket (renderer-ExtensionHost-4aceb238-020c-4daf-966a-5c687671a08c) returned an error after 169 ms. @ https://ai-lab.rice-business.org/test_student/stable-13ca0e47310505f4ab1ac59e891e9a3c5e5eec04/static/out/vs/code/browser/workbench/workbench.js:37
[ 3787723ms] [ERROR] %c  ERR color: #f33 CodeExpectedError: WebSocket close with status code 1006
    at WebSocket.<anonymous> (https://ai-lab.rice-business.org/test_student/stable-13ca0e47310505f4ab1ac59e891e9a3c5e5eec04/static/out/vs/code/browser/workbench/workbench.js:4590:23285) @ https://ai-lab.rice-business.org/test_student/stable-13ca0e47310505f4ab1ac59e891e9a3c5e5eec04/static/out/vs/code/browser/workbench/workbench.js:37
[ 3787723ms] [ERROR] %c  ERR color: #f33 [remote-connection][ExtensionHost][4aceb…][reconnect][WebSocket(ai-lab.rice-business.org:443)] socketFactory.connect() failed or timed out. Error: @ https://ai-lab.rice-business.org/test_student/stable-13ca0e47310505f4ab1ac59e891e9a3c5e5eec04/static/out/vs/code/browser/workbench/workbench.js:37
[ 3787723ms] [ERROR] %c  ERR color: #f33 CodeExpectedError: WebSocket close with status code 1006
    at WebSocket.<anonymous> (https://ai-lab.rice-business.org/test_student/stable-13ca0e47310505f4ab1ac59e891e9a3c5e5eec04/static/out/vs/code/browser/workbench/workbench.js:4590:23285) @ https://ai-lab.rice-business.org/test_student/stable-13ca0e47310505f4ab1ac59e891e9a3c5e5eec04/static/out/vs/code/browser/workbench/workbench.js:37
[ 3787723ms] [LOG] %c INFO color: #33f [remote-connection][ExtensionHost][4aceb…][reconnect] A temporarily not available error occurred while trying to reconnect, will try again... @ https://ai-lab.rice-business.org/test_student/stable-13ca0e47310505f4ab1ac59e891e9a3c5e5eec04/static/out/vs/code/browser/workbench/workbench.js:37
[ 3787723ms] [LOG] %c INFO color: #33f [remote-connection][ExtensionHost][4aceb…][reconnect] waiting for 10 seconds before reconnecting... @ https://ai-lab.rice-business.org/test_student/stable-13ca0e47310505f4ab1ac59e891e9a3c5e5eec04/static/out/vs/code/browser/workbench/workbench.js:37
[ 3787891ms] [LOG] %c INFO color: #33f [remote-connection][Management   ][f6d89…][reconnect] resolving connection... @ https://ai-lab.rice-business.org/test_student/stable-13ca0e47310505f4ab1ac59e891e9a3c5e5eec04/static/out/vs/code/browser/workbench/workbench.js:37
[ 3787891ms] [LOG] %c INFO color: #33f [remote-connection][Management   ][f6d89…][reconnect] connecting to WebSocket(ai-lab.rice-business.org:443)... @ https://ai-lab.rice-business.org/test_student/stable-13ca0e47310505f4ab1ac59e891e9a3c5e5eec04/static/out/vs/code/browser/workbench/workbench.js:37
[ 3787891ms] [LOG] %c INFO color: #33f Creating a socket (renderer-Management-f6d89eb6-b512-45c4-bb6b-0b768dcac8ec)... @ https://ai-lab.rice-business.org/test_student/stable-13ca0e47310505f4ab1ac59e891e9a3c5e5eec04/static/out/vs/code/browser/workbench/workbench.js:37
[ 3788052ms] [ERROR] WebSocket connection to 'wss://ai-lab.rice-business.org/test_student/stable-13ca0e47310505f4ab1ac59e891e9a3c5e5eec04?reconnectionToken=f6d89eb6-b512-45c4-bb6b-0b768dcac8ec&reconnection=true&skipWebSocketFrames=false' failed: Error during WebSocket handshake: Unexpected response code: 502 @ https://ai-lab.rice-business.org/test_student/stable-13ca0e47310505f4ab1ac59e891e9a3c5e5eec04/static/out/vs/code/browser/workbench/workbench.js:4589
[ 3788052ms] [LOG] %c INFO color: #33f Creating a socket (renderer-Management-f6d89eb6-b512-45c4-bb6b-0b768dcac8ec) returned an error after 161 ms. @ https://ai-lab.rice-business.org/test_student/stable-13ca0e47310505f4ab1ac59e891e9a3c5e5eec04/static/out/vs/code/browser/workbench/workbench.js:37
[ 3788052ms] [ERROR] %c  ERR color: #f33 CodeExpectedError: WebSocket close with status code 1006
    at WebSocket.<anonymous> (https://ai-lab.rice-business.org/test_student/stable-13ca0e47310505f4ab1ac59e891e9a3c5e5eec04/static/out/vs/code/browser/workbench/workbench.js:4590:23285) @ https://ai-lab.rice-business.org/test_student/stable-13ca0e47310505f4ab1ac59e891e9a3c5e5eec04/static/out/vs/code/browser/workbench/workbench.js:37
[ 3788053ms] [ERROR] %c  ERR color: #f33 [remote-connection][Management   ][f6d89…][reconnect][WebSocket(ai-lab.rice-business.org:443)] socketFactory.connect() failed or timed out. Error: @ https://ai-lab.rice-business.org/test_student/stable-13ca0e47310505f4ab1ac59e891e9a3c5e5eec04/static/out/vs/code/browser/workbench/workbench.js:37
[ 3788053ms] [ERROR] %c  ERR color: #f33 CodeExpectedError: WebSocket close with status code 1006
    at WebSocket.<anonymous> (https://ai-lab.rice-business.org/test_student/stable-13ca0e47310505f4ab1ac59e891e9a3c5e5eec04/static/out/vs/code/browser/workbench/workbench.js:4590:23285) @ https://ai-lab.rice-business.org/test_student/stable-13ca0e47310505f4ab1ac59e891e9a3c5e5eec04/static/out/vs/code/browser/workbench/workbench.js:37
[ 3788053ms] [LOG] %c INFO color: #33f [remote-connection][Management   ][f6d89…][reconnect] A temporarily not available error occurred while trying to reconnect, will try again... @ https://ai-lab.rice-business.org/test_student/stable-13ca0e47310505f4ab1ac59e891e9a3c5e5eec04/static/out/vs/code/browser/workbench/workbench.js:37
[ 3788053ms] [LOG] %c INFO color: #33f [remote-connection][Management   ][f6d89…][reconnect] waiting for 10 seconds before reconnecting... @ https://ai-lab.rice-business.org/test_student/stable-13ca0e47310505f4ab1ac59e891e9a3c5e5eec04/static/out/vs/code/browser/workbench/workbench.js:37
[ 3797725ms] [LOG] %c INFO color: #33f [remote-connection][ExtensionHost][4aceb…][reconnect] resolving connection... @ https://ai-lab.rice-business.org/test_student/stable-13ca0e47310505f4ab1ac59e891e9a3c5e5eec04/static/out/vs/code/browser/workbench/workbench.js:37
[ 3797725ms] [LOG] %c INFO color: #33f [remote-connection][ExtensionHost][4aceb…][reconnect] connecting to WebSocket(ai-lab.rice-business.org:443)... @ https://ai-lab.rice-business.org/test_student/stable-13ca0e47310505f4ab1ac59e891e9a3c5e5eec04/static/out/vs/code/browser/workbench/workbench.js:37
[ 3797725ms] [LOG] %c INFO color: #33f Creating a socket (renderer-ExtensionHost-4aceb238-020c-4daf-966a-5c687671a08c)... @ https://ai-lab.rice-business.org/test_student/stable-13ca0e47310505f4ab1ac59e891e9a3c5e5eec04/static/out/vs/code/browser/workbench/workbench.js:37
[ 3797922ms] [ERROR] WebSocket connection to 'wss://ai-lab.rice-business.org/test_student/stable-13ca0e47310505f4ab1ac59e891e9a3c5e5eec04?reconnectionToken=4aceb238-020c-4daf-966a-5c687671a08c&reconnection=true&skipWebSocketFrames=false' failed: Error during WebSocket handshake: Unexpected response code: 502 @ https://ai-lab.rice-business.org/test_student/stable-13ca0e47310505f4ab1ac59e891e9a3c5e5eec04/static/out/vs/code/browser/workbench/workbench.js:4589
[ 3797922ms] [LOG] %c INFO color: #33f Creating a socket (renderer-ExtensionHost-4aceb238-020c-4daf-966a-5c687671a08c) returned an error after 198 ms. @ https://ai-lab.rice-business.org/test_student/stable-13ca0e47310505f4ab1ac59e891e9a3c5e5eec04/static/out/vs/code/browser/workbench/workbench.js:37
[ 3797922ms] [ERROR] %c  ERR color: #f33 CodeExpectedError: WebSocket close with status code 1006
    at WebSocket.<anonymous> (https://ai-lab.rice-business.org/test_student/stable-13ca0e47310505f4ab1ac59e891e9a3c5e5eec04/static/out/vs/code/browser/workbench/workbench.js:4590:23285) @ https://ai-lab.rice-business.org/test_student/stable-13ca0e47310505f4ab1ac59e891e9a3c5e5eec04/static/out/vs/code/browser/workbench/workbench.js:37
[ 3797922ms] [ERROR] %c  ERR color: #f33 [remote-connection][ExtensionHost][4aceb…][reconnect][WebSocket(ai-lab.rice-business.org:443)] socketFactory.connect() failed or timed out. Error: @ https://ai-lab.rice-business.org/test_student/stable-13ca0e47310505f4ab1ac59e891e9a3c5e5eec04/static/out/vs/code/browser/workbench/workbench.js:37
[ 3797923ms] [ERROR] %c  ERR color: #f33 CodeExpectedError: WebSocket close with status code 1006
    at WebSocket.<anonymous> (https://ai-lab.rice-business.org/test_student/stable-13ca0e47310505f4ab1ac59e891e9a3c5e5eec04/static/out/vs/code/browser/workbench/workbench.js:4590:23285) @ https://ai-lab.rice-business.org/test_student/stable-13ca0e47310505f4ab1ac59e891e9a3c5e5eec04/static/out/vs/code/browser/workbench/workbench.js:37
[ 3797923ms] [LOG] %c INFO color: #33f [remote-connection][ExtensionHost][4aceb…][reconnect] A temporarily not available error occurred while trying to reconnect, will try again... @ https://ai-lab.rice-business.org/test_student/stable-13ca0e47310505f4ab1ac59e891e9a3c5e5eec04/static/out/vs/code/browser/workbench/workbench.js:37
[ 3797923ms] [LOG] %c INFO color: #33f [remote-connection][ExtensionHost][4aceb…][reconnect] waiting for 10 seconds before reconnecting... @ https://ai-lab.rice-business.org/test_student/stable-13ca0e47310505f4ab1ac59e891e9a3c5e5eec04/static/out/vs/code/browser/workbench/workbench.js:37
[ 3798066ms] [LOG] %c INFO color: #33f [remote-connection][Management   ][f6d89…][reconnect] resolving connection... @ https://ai-lab.rice-business.org/test_student/stable-13ca0e47310505f4ab1ac59e891e9a3c5e5eec04/static/out/vs/code/browser/workbench/workbench.js:37
[ 3798066ms] [LOG] %c INFO color: #33f [remote-connection][Management   ][f6d89…][reconnect] connecting to WebSocket(ai-lab.rice-business.org:443)... @ https://ai-lab.rice-business.org/test_student/stable-13ca0e47310505f4ab1ac59e891e9a3c5e5eec04/static/out/vs/code/browser/workbench/workbench.js:37
[ 3798066ms] [LOG] %c INFO color: #33f Creating a socket (renderer-Management-f6d89eb6-b512-45c4-bb6b-0b768dcac8ec)... @ https://ai-lab.rice-business.org/test_student/stable-13ca0e47310505f4ab1ac59e891e9a3c5e5eec04/static/out/vs/code/browser/workbench/workbench.js:37
[ 3798249ms] [ERROR] WebSocket connection to 'wss://ai-lab.rice-business.org/test_student/stable-13ca0e47310505f4ab1ac59e891e9a3c5e5eec04?reconnectionToken=f6d89eb6-b512-45c4-bb6b-0b768dcac8ec&reconnection=true&skipWebSocketFrames=false' failed: Error during WebSocket handshake: Unexpected response code: 502 @ https://ai-lab.rice-business.org/test_student/stable-13ca0e47310505f4ab1ac59e891e9a3c5e5eec04/static/out/vs/code/browser/workbench/workbench.js:4589
[ 3798249ms] [LOG] %c INFO color: #33f Creating a socket (renderer-Management-f6d89eb6-b512-45c4-bb6b-0b768dcac8ec) returned an error after 183 ms. @ https://ai-lab.rice-business.org/test_student/stable-13ca0e47310505f4ab1ac59e891e9a3c5e5eec04/static/out/vs/code/browser/workbench/workbench.js:37
[ 3798249ms] [ERROR] %c  ERR color: #f33 CodeExpectedError: WebSocket close with status code 1006
    at WebSocket.<anonymous> (https://ai-lab.rice-business.org/test_student/stable-13ca0e47310505f4ab1ac59e891e9a3c5e5eec04/static/out/vs/code/browser/workbench/workbench.js:4590:23285) @ https://ai-lab.rice-business.org/test_student/stable-13ca0e47310505f4ab1ac59e891e9a3c5e5eec04/static/out/vs/code/browser/workbench/workbench.js:37
[ 3798249ms] [ERROR] %c  ERR color: #f33 [remote-connection][Management   ][f6d89…][reconnect][WebSocket(ai-lab.rice-business.org:443)] socketFactory.connect() failed or timed out. Error: @ https://ai-lab.rice-business.org/test_student/stable-13ca0e47310505f4ab1ac59e891e9a3c5e5eec04/static/out/vs/code/browser/workbench/workbench.js:37
[ 3798249ms] [ERROR] %c  ERR color: #f33 CodeExpectedError: WebSocket close with status code 1006
    at WebSocket.<anonymous> (https://ai-lab.rice-business.org/test_student/stable-13ca0e47310505f4ab1ac59e891e9a3c5e5eec04/static/out/vs/code/browser/workbench/workbench.js:4590:23285) @ https://ai-lab.rice-business.org/test_student/stable-13ca0e47310505f4ab1ac59e891e9a3c5e5eec04/static/out/vs/code/browser/workbench/workbench.js:37
[ 3798249ms] [LOG] %c INFO color: #33f [remote-connection][Management   ][f6d89…][reconnect] A temporarily not available error occurred while trying to reconnect, will try again... @ https://ai-lab.rice-business.org/test_student/stable-13ca0e47310505f4ab1ac59e891e9a3c5e5eec04/static/out/vs/code/browser/workbench/workbench.js:37
[ 3798249ms] [LOG] %c INFO color: #33f [remote-connection][Management   ][f6d89…][reconnect] waiting for 10 seconds before reconnecting... @ https://ai-lab.rice-business.org/test_student/stable-13ca0e47310505f4ab1ac59e891e9a3c5e5eec04/static/out/vs/code/browser/workbench/workbench.js:37
[ 3806557ms] [LOG] %c INFO color: #33f [remote-connection][ExtensionHost][4aceb…][reconnect] received socket timeout event (unacknowledgedMsgCount: 23, timeSinceOldestUnacknowledgedMsg: 40022, timeSinceLastReceivedSomeData: 40026). @ https://ai-lab.rice-business.org/test_student/stable-13ca0e47310505f4ab1ac59e891e9a3c5e5eec04/static/out/vs/code/browser/workbench/workbench.js:37
[ 3807013ms] [LOG] %c INFO color: #33f [remote-connection][Management   ][f6d89…][reconnect] received socket timeout event (unacknowledgedMsgCount: 6, timeSinceOldestUnacknowledgedMsg: 40013, timeSinceLastReceivedSomeData: 40302). @ https://ai-lab.rice-business.org/test_student/stable-13ca0e47310505f4ab1ac59e891e9a3c5e5eec04/static/out/vs/code/browser/workbench/workbench.js:37
[ 3807928ms] [LOG] %c INFO color: #33f [remote-connection][ExtensionHost][4aceb…][reconnect] resolving connection... @ https://ai-lab.rice-business.org/test_student/stable-13ca0e47310505f4ab1ac59e891e9a3c5e5eec04/static/out/vs/code/browser/workbench/workbench.js:37
[ 3807928ms] [LOG] %c INFO color: #33f [remote-connection][ExtensionHost][4aceb…][reconnect] connecting to WebSocket(ai-lab.rice-business.org:443)... @ https://ai-lab.rice-business.org/test_student/stable-13ca0e47310505f4ab1ac59e891e9a3c5e5eec04/static/out/vs/code/browser/workbench/workbench.js:37
[ 3807928ms] [LOG] %c INFO color: #33f Creating a socket (renderer-ExtensionHost-4aceb238-020c-4daf-966a-5c687671a08c)... @ https://ai-lab.rice-business.org/test_student/stable-13ca0e47310505f4ab1ac59e891e9a3c5e5eec04/static/out/vs/code/browser/workbench/workbench.js:37
[ 3808136ms] [ERROR] WebSocket connection to 'wss://ai-lab.rice-business.org/test_student/stable-13ca0e47310505f4ab1ac59e891e9a3c5e5eec04?reconnectionToken=4aceb238-020c-4daf-966a-5c687671a08c&reconnection=true&skipWebSocketFrames=false' failed: Error during WebSocket handshake: Unexpected response code: 502 @ https://ai-lab.rice-business.org/test_student/stable-13ca0e47310505f4ab1ac59e891e9a3c5e5eec04/static/out/vs/code/browser/workbench/workbench.js:4589
[ 3808136ms] [LOG] %c INFO color: #33f Creating a socket (renderer-ExtensionHost-4aceb238-020c-4daf-966a-5c687671a08c) returned an error after 208 ms. @ https://ai-lab.rice-business.org/test_student/stable-13ca0e47310505f4ab1ac59e891e9a3c5e5eec04/static/out/vs/code/browser/workbench/workbench.js:37
[ 3808136ms] [ERROR] %c  ERR color: #f33 CodeExpectedError: WebSocket close with status code 1006
    at WebSocket.<anonymous> (https://ai-lab.rice-business.org/test_student/stable-13ca0e47310505f4ab1ac59e891e9a3c5e5eec04/static/out/vs/code/browser/workbench/workbench.js:4590:23285) @ https://ai-lab.rice-business.org/test_student/stable-13ca0e47310505f4ab1ac59e891e9a3c5e5eec04/static/out/vs/code/browser/workbench/workbench.js:37
[ 3808136ms] [ERROR] %c  ERR color: #f33 [remote-connection][ExtensionHost][4aceb…][reconnect][WebSocket(ai-lab.rice-business.org:443)] socketFactory.connect() failed or timed out. Error: @ https://ai-lab.rice-business.org/test_student/stable-13ca0e47310505f4ab1ac59e891e9a3c5e5eec04/static/out/vs/code/browser/workbench/workbench.js:37
[ 3808136ms] [ERROR] %c  ERR color: #f33 CodeExpectedError: WebSocket close with status code 1006
    at WebSocket.<anonymous> (https://ai-lab.rice-business.org/test_student/stable-13ca0e47310505f4ab1ac59e891e9a3c5e5eec04/static/out/vs/code/browser/workbench/workbench.js:4590:23285) @ https://ai-lab.rice-business.org/test_student/stable-13ca0e47310505f4ab1ac59e891e9a3c5e5eec04/static/out/vs/code/browser/workbench/workbench.js:37
[ 3808137ms] [LOG] %c INFO color: #33f [remote-connection][ExtensionHost][4aceb…][reconnect] A temporarily not available error occurred while trying to reconnect, will try again... @ https://ai-lab.rice-business.org/test_student/stable-13ca0e47310505f4ab1ac59e891e9a3c5e5eec04/static/out/vs/code/browser/workbench/workbench.js:37
[ 3808137ms] [LOG] %c INFO color: #33f [remote-connection][ExtensionHost][4aceb…][reconnect] waiting for 10 seconds before reconnecting... @ https://ai-lab.rice-business.org/test_student/stable-13ca0e47310505f4ab1ac59e891e9a3c5e5eec04/static/out/vs/code/browser/workbench/workbench.js:37
[ 3808256ms] [LOG] %c INFO color: #33f [remote-connection][Management   ][f6d89…][reconnect] resolving connection... @ https://ai-lab.rice-business.org/test_student/stable-13ca0e47310505f4ab1ac59e891e9a3c5e5eec04/static/out/vs/code/browser/workbench/workbench.js:37
[ 3808257ms] [LOG] %c INFO color: #33f [remote-connection][Management   ][f6d89…][reconnect] connecting to WebSocket(ai-lab.rice-business.org:443)... @ https://ai-lab.rice-business.org/test_student/stable-13ca0e47310505f4ab1ac59e891e9a3c5e5eec04/static/out/vs/code/browser/workbench/workbench.js:37
[ 3808257ms] [LOG] %c INFO color: #33f Creating a socket (renderer-Management-f6d89eb6-b512-45c4-bb6b-0b768dcac8ec)... @ https://ai-lab.rice-business.org/test_student/stable-13ca0e47310505f4ab1ac59e891e9a3c5e5eec04/static/out/vs/code/browser/workbench/workbench.js:37
[ 3808480ms] [ERROR] WebSocket connection to 'wss://ai-lab.rice-business.org/test_student/stable-13ca0e47310505f4ab1ac59e891e9a3c5e5eec04?reconnectionToken=f6d89eb6-b512-45c4-bb6b-0b768dcac8ec&reconnection=true&skipWebSocketFrames=false' failed: Error during WebSocket handshake: Unexpected response code: 502 @ https://ai-lab.rice-business.org/test_student/stable-13ca0e47310505f4ab1ac59e891e9a3c5e5eec04/static/out/vs/code/browser/workbench/workbench.js:4589
[ 3808481ms] [LOG] %c INFO color: #33f Creating a socket (renderer-Management-f6d89eb6-b512-45c4-bb6b-0b768dcac8ec) returned an error after 224 ms. @ https://ai-lab.rice-business.org/test_student/stable-13ca0e47310505f4ab1ac59e891e9a3c5e5eec04/static/out/vs/code/browser/workbench/workbench.js:37
[ 3808481ms] [ERROR] %c  ERR color: #f33 CodeExpectedError: WebSocket close with status code 1006
    at WebSocket.<anonymous> (https://ai-lab.rice-business.org/test_student/stable-13ca0e47310505f4ab1ac59e891e9a3c5e5eec04/static/out/vs/code/browser/workbench/workbench.js:4590:23285) @ https://ai-lab.rice-business.org/test_student/stable-13ca0e47310505f4ab1ac59e891e9a3c5e5eec04/static/out/vs/code/browser/workbench/workbench.js:37
[ 3808481ms] [ERROR] %c  ERR color: #f33 [remote-connection][Management   ][f6d89…][reconnect][WebSocket(ai-lab.rice-business.org:443)] socketFactory.connect() failed or timed out. Error: @ https://ai-lab.rice-business.org/test_student/stable-13ca0e47310505f4ab1ac59e891e9a3c5e5eec04/static/out/vs/code/browser/workbench/workbench.js:37
[ 3808481ms] [ERROR] %c  ERR color: #f33 CodeExpectedError: WebSocket close with status code 1006
    at WebSocket.<anonymous> (https://ai-lab.rice-business.org/test_student/stable-13ca0e47310505f4ab1ac59e891e9a3c5e5eec04/static/out/vs/code/browser/workbench/workbench.js:4590:23285) @ https://ai-lab.rice-business.org/test_student/stable-13ca0e47310505f4ab1ac59e891e9a3c5e5eec04/static/out/vs/code/browser/workbench/workbench.js:37
[ 3808481ms] [LOG] %c INFO color: #33f [remote-connection][Management   ][f6d89…][reconnect] A temporarily not available error occurred while trying to reconnect, will try again... @ https://ai-lab.rice-business.org/test_student/stable-13ca0e47310505f4ab1ac59e891e9a3c5e5eec04/static/out/vs/code/browser/workbench/workbench.js:37
[ 3808481ms] [LOG] %c INFO color: #33f [remote-connection][Management   ][f6d89…][reconnect] waiting for 10 seconds before reconnecting... @ https://ai-lab.rice-business.org/test_student/stable-13ca0e47310505f4ab1ac59e891e9a3c5e5eec04/static/out/vs/code/browser/workbench/workbench.js:37
[ 3818150ms] [LOG] %c INFO color: #33f [remote-connection][ExtensionHost][4aceb…][reconnect] resolving connection... @ https://ai-lab.rice-business.org/test_student/stable-13ca0e47310505f4ab1ac59e891e9a3c5e5eec04/static/out/vs/code/browser/workbench/workbench.js:37
[ 3818151ms] [LOG] %c INFO color: #33f [remote-connection][ExtensionHost][4aceb…][reconnect] connecting to WebSocket(ai-lab.rice-business.org:443)... @ https://ai-lab.rice-business.org/test_student/stable-13ca0e47310505f4ab1ac59e891e9a3c5e5eec04/static/out/vs/code/browser/workbench/workbench.js:37
[ 3818151ms] [LOG] %c INFO color: #33f Creating a socket (renderer-ExtensionHost-4aceb238-020c-4daf-966a-5c687671a08c)... @ https://ai-lab.rice-business.org/test_student/stable-13ca0e47310505f4ab1ac59e891e9a3c5e5eec04/static/out/vs/code/browser/workbench/workbench.js:37
[ 3818495ms] [LOG] %c INFO color: #33f [remote-connection][Management   ][f6d89…][reconnect] resolving connection... @ https://ai-lab.rice-business.org/test_student/stable-13ca0e47310505f4ab1ac59e891e9a3c5e5eec04/static/out/vs/code/browser/workbench/workbench.js:37
[ 3818496ms] [LOG] %c INFO color: #33f [remote-connection][Management   ][f6d89…][reconnect] connecting to WebSocket(ai-lab.rice-business.org:443)... @ https://ai-lab.rice-business.org/test_student/stable-13ca0e47310505f4ab1ac59e891e9a3c5e5eec04/static/out/vs/code/browser/workbench/workbench.js:37
[ 3818496ms] [LOG] %c INFO color: #33f Creating a socket (renderer-Management-f6d89eb6-b512-45c4-bb6b-0b768dcac8ec)... @ https://ai-lab.rice-business.org/test_student/stable-13ca0e47310505f4ab1ac59e891e9a3c5e5eec04/static/out/vs/code/browser/workbench/workbench.js:37
[ 3818618ms] [ERROR] WebSocket connection to 'wss://ai-lab.rice-business.org/test_student/stable-13ca0e47310505f4ab1ac59e891e9a3c5e5eec04?reconnectionToken=4aceb238-020c-4daf-966a-5c687671a08c&reconnection=true&skipWebSocketFrames=false' failed: Error during WebSocket handshake: Unexpected response code: 502 @ https://ai-lab.rice-business.org/test_student/stable-13ca0e47310505f4ab1ac59e891e9a3c5e5eec04/static/out/vs/code/browser/workbench/workbench.js:4589
[ 3818619ms] [LOG] %c INFO color: #33f Creating a socket (renderer-ExtensionHost-4aceb238-020c-4daf-966a-5c687671a08c) returned an error after 468 ms. @ https://ai-lab.rice-business.org/test_student/stable-13ca0e47310505f4ab1ac59e891e9a3c5e5eec04/static/out/vs/code/browser/workbench/workbench.js:37
[ 3818619ms] [ERROR] %c  ERR color: #f33 CodeExpectedError: WebSocket close with status code 1006
    at WebSocket.<anonymous> (https://ai-lab.rice-business.org/test_student/stable-13ca0e47310505f4ab1ac59e891e9a3c5e5eec04/static/out/vs/code/browser/workbench/workbench.js:4590:23285) @ https://ai-lab.rice-business.org/test_student/stable-13ca0e47310505f4ab1ac59e891e9a3c5e5eec04/static/out/vs/code/browser/workbench/workbench.js:37
[ 3818619ms] [ERROR] %c  ERR color: #f33 [remote-connection][ExtensionHost][4aceb…][reconnect][WebSocket(ai-lab.rice-business.org:443)] socketFactory.connect() failed or timed out. Error: @ https://ai-lab.rice-business.org/test_student/stable-13ca0e47310505f4ab1ac59e891e9a3c5e5eec04/static/out/vs/code/browser/workbench/workbench.js:37
[ 3818619ms] [ERROR] %c  ERR color: #f33 CodeExpectedError: WebSocket close with status code 1006
    at WebSocket.<anonymous> (https://ai-lab.rice-business.org/test_student/stable-13ca0e47310505f4ab1ac59e891e9a3c5e5eec04/static/out/vs/code/browser/workbench/workbench.js:4590:23285) @ https://ai-lab.rice-business.org/test_student/stable-13ca0e47310505f4ab1ac59e891e9a3c5e5eec04/static/out/vs/code/browser/workbench/workbench.js:37
[ 3818619ms] [LOG] %c INFO color: #33f [remote-connection][ExtensionHost][4aceb…][reconnect] A temporarily not available error occurred while trying to reconnect, will try again... @ https://ai-lab.rice-business.org/test_student/stable-13ca0e47310505f4ab1ac59e891e9a3c5e5eec04/static/out/vs/code/browser/workbench/workbench.js:37
[ 3818619ms] [LOG] %c INFO color: #33f [remote-connection][ExtensionHost][4aceb…][reconnect] waiting for 10 seconds before reconnecting... @ https://ai-lab.rice-business.org/test_student/stable-13ca0e47310505f4ab1ac59e891e9a3c5e5eec04/static/out/vs/code/browser/workbench/workbench.js:37
[ 3818931ms] [ERROR] WebSocket connection to 'wss://ai-lab.rice-business.org/test_student/stable-13ca0e47310505f4ab1ac59e891e9a3c5e5eec04?reconnectionToken=f6d89eb6-b512-45c4-bb6b-0b768dcac8ec&reconnection=true&skipWebSocketFrames=false' failed: Error during WebSocket handshake: Unexpected response code: 502 @ https://ai-lab.rice-business.org/test_student/stable-13ca0e47310505f4ab1ac59e891e9a3c5e5eec04/static/out/vs/code/browser/workbench/workbench.js:4589
[ 3818931ms] [LOG] %c INFO color: #33f Creating a socket (renderer-Management-f6d89eb6-b512-45c4-bb6b-0b768dcac8ec) returned an error after 434 ms. @ https://ai-lab.rice-business.org/test_student/stable-13ca0e47310505f4ab1ac59e891e9a3c5e5eec04/static/out/vs/code/browser/workbench/workbench.js:37
[ 3818931ms] [ERROR] %c  ERR color: #f33 CodeExpectedError: WebSocket close with status code 1006
    at WebSocket.<anonymous> (https://ai-lab.rice-business.org/test_student/stable-13ca0e47310505f4ab1ac59e891e9a3c5e5eec04/static/out/vs/code/browser/workbench/workbench.js:4590:23285) @ https://ai-lab.rice-business.org/test_student/stable-13ca0e47310505f4ab1ac59e891e9a3c5e5eec04/static/out/vs/code/browser/workbench/workbench.js:37
[ 3818931ms] [ERROR] %c  ERR color: #f33 [remote-connection][Management   ][f6d89…][reconnect][WebSocket(ai-lab.rice-business.org:443)] socketFactory.connect() failed or timed out. Error: @ https://ai-lab.rice-business.org/test_student/stable-13ca0e47310505f4ab1ac59e891e9a3c5e5eec04/static/out/vs/code/browser/workbench/workbench.js:37
[ 3818931ms] [ERROR] %c  ERR color: #f33 CodeExpectedError: WebSocket close with status code 1006
    at WebSocket.<anonymous> (https://ai-lab.rice-business.org/test_student/stable-13ca0e47310505f4ab1ac59e891e9a3c5e5eec04/static/out/vs/code/browser/workbench/workbench.js:4590:23285) @ https://ai-lab.rice-business.org/test_student/stable-13ca0e47310505f4ab1ac59e891e9a3c5e5eec04/static/out/vs/code/browser/workbench/workbench.js:37
[ 3818931ms] [LOG] %c INFO color: #33f [remote-connection][Management   ][f6d89…][reconnect] A temporarily not available error occurred while trying to reconnect, will try again... @ https://ai-lab.rice-business.org/test_student/stable-13ca0e47310505f4ab1ac59e891e9a3c5e5eec04/static/out/vs/code/browser/workbench/workbench.js:37
[ 3818931ms] [LOG] %c INFO color: #33f [remote-connection][Management   ][f6d89…][reconnect] waiting for 10 seconds before reconnecting... @ https://ai-lab.rice-business.org/test_student/stable-13ca0e47310505f4ab1ac59e891e9a3c5e5eec04/static/out/vs/code/browser/workbench/workbench.js:37
[ 3826572ms] [LOG] %c INFO color: #33f [remote-connection][ExtensionHost][4aceb…][reconnect] received socket timeout event (unacknowledgedMsgCount: 33, timeSinceOldestUnacknowledgedMsg: 60038, timeSinceLastReceivedSomeData: 60042). @ https://ai-lab.rice-business.org/test_student/stable-13ca0e47310505f4ab1ac59e891e9a3c5e5eec04/static/out/vs/code/browser/workbench/workbench.js:37
[ 3827020ms] [LOG] %c INFO color: #33f [remote-connection][Management   ][f6d89…][reconnect] received socket timeout event (unacknowledgedMsgCount: 8, timeSinceOldestUnacknowledgedMsg: 60020, timeSinceLastReceivedSomeData: 60309). @ https://ai-lab.rice-business.org/test_student/stable-13ca0e47310505f4ab1ac59e891e9a3c5e5eec04/static/out/vs/code/browser/workbench/workbench.js:37
[ 3828627ms] [LOG] %c INFO color: #33f [remote-connection][ExtensionHost][4aceb…][reconnect] resolving connection... @ https://ai-lab.rice-business.org/test_student/stable-13ca0e47310505f4ab1ac59e891e9a3c5e5eec04/static/out/vs/code/browser/workbench/workbench.js:37
[ 3828627ms] [LOG] %c INFO color: #33f [remote-connection][ExtensionHost][4aceb…][reconnect] connecting to WebSocket(ai-lab.rice-business.org:443)... @ https://ai-lab.rice-business.org/test_student/stable-13ca0e47310505f4ab1ac59e891e9a3c5e5eec04/static/out/vs/code/browser/workbench/workbench.js:37
[ 3828628ms] [LOG] %c INFO color: #33f Creating a socket (renderer-ExtensionHost-4aceb238-020c-4daf-966a-5c687671a08c)... @ https://ai-lab.rice-business.org/test_student/stable-13ca0e47310505f4ab1ac59e891e9a3c5e5eec04/static/out/vs/code/browser/workbench/workbench.js:37
[ 3828938ms] [LOG] %c INFO color: #33f [remote-connection][Management   ][f6d89…][reconnect] resolving connection... @ https://ai-lab.rice-business.org/test_student/stable-13ca0e47310505f4ab1ac59e891e9a3c5e5eec04/static/out/vs/code/browser/workbench/workbench.js:37
[ 3828939ms] [LOG] %c INFO color: #33f [remote-connection][Management   ][f6d89…][reconnect] connecting to WebSocket(ai-lab.rice-business.org:443)... @ https://ai-lab.rice-business.org/test_student/stable-13ca0e47310505f4ab1ac59e891e9a3c5e5eec04/static/out/vs/code/browser/workbench/workbench.js:37
[ 3828939ms] [LOG] %c INFO color: #33f Creating a socket (renderer-Management-f6d89eb6-b512-45c4-bb6b-0b768dcac8ec)... @ https://ai-lab.rice-business.org/test_student/stable-13ca0e47310505f4ab1ac59e891e9a3c5e5eec04/static/out/vs/code/browser/workbench/workbench.js:37
[ 3829567ms] [ERROR] WebSocket connection to 'wss://ai-lab.rice-business.org/test_student/stable-13ca0e47310505f4ab1ac59e891e9a3c5e5eec04?reconnectionToken=4aceb238-020c-4daf-966a-5c687671a08c&reconnection=true&skipWebSocketFrames=false' failed: Error during WebSocket handshake: Unexpected response code: 502 @ https://ai-lab.rice-business.org/test_student/stable-13ca0e47310505f4ab1ac59e891e9a3c5e5eec04/static/out/vs/code/browser/workbench/workbench.js:4589
[ 3829567ms] [LOG] %c INFO color: #33f Creating a socket (renderer-ExtensionHost-4aceb238-020c-4daf-966a-5c687671a08c) returned an error after 940 ms. @ https://ai-lab.rice-business.org/test_student/stable-13ca0e47310505f4ab1ac59e891e9a3c5e5eec04/static/out/vs/code/browser/workbench/workbench.js:37
[ 3829568ms] [ERROR] %c  ERR color: #f33 CodeExpectedError: WebSocket close with status code 1006
    at WebSocket.<anonymous> (https://ai-lab.rice-business.org/test_student/stable-13ca0e47310505f4ab1ac59e891e9a3c5e5eec04/static/out/vs/code/browser/workbench/workbench.js:4590:23285) @ https://ai-lab.rice-business.org/test_student/stable-13ca0e47310505f4ab1ac59e891e9a3c5e5eec04/static/out/vs/code/browser/workbench/workbench.js:37
[ 3829568ms] [ERROR] %c  ERR color: #f33 [remote-connection][ExtensionHost][4aceb…][reconnect][WebSocket(ai-lab.rice-business.org:443)] socketFactory.connect() failed or timed out. Error: @ https://ai-lab.rice-business.org/test_student/stable-13ca0e47310505f4ab1ac59e891e9a3c5e5eec04/static/out/vs/code/browser/workbench/workbench.js:37
[ 3829568ms] [ERROR] %c  ERR color: #f33 CodeExpectedError: WebSocket close with status code 1006
    at WebSocket.<anonymous> (https://ai-lab.rice-business.org/test_student/stable-13ca0e47310505f4ab1ac59e891e9a3c5e5eec04/static/out/vs/code/browser/workbench/workbench.js:4590:23285) @ https://ai-lab.rice-business.org/test_student/stable-13ca0e47310505f4ab1ac59e891e9a3c5e5eec04/static/out/vs/code/browser/workbench/workbench.js:37
[ 3829568ms] [LOG] %c INFO color: #33f [remote-connection][ExtensionHost][4aceb…][reconnect] A temporarily not available error occurred while trying to reconnect, will try again... @ https://ai-lab.rice-business.org/test_student/stable-13ca0e47310505f4ab1ac59e891e9a3c5e5eec04/static/out/vs/code/browser/workbench/workbench.js:37
[ 3829568ms] [LOG] %c INFO color: #33f [remote-connection][ExtensionHost][4aceb…][reconnect] waiting for 30 seconds before reconnecting... @ https://ai-lab.rice-business.org/test_student/stable-13ca0e47310505f4ab1ac59e891e9a3c5e5eec04/static/out/vs/code/browser/workbench/workbench.js:37
[ 3829732ms] [ERROR] WebSocket connection to 'wss://ai-lab.rice-business.org/test_student/stable-13ca0e47310505f4ab1ac59e891e9a3c5e5eec04?reconnectionToken=f6d89eb6-b512-45c4-bb6b-0b768dcac8ec&reconnection=true&skipWebSocketFrames=false' failed: Error during WebSocket handshake: Unexpected response code: 502 @ https://ai-lab.rice-business.org/test_student/stable-13ca0e47310505f4ab1ac59e891e9a3c5e5eec04/static/out/vs/code/browser/workbench/workbench.js:4589
[ 3829732ms] [LOG] %c INFO color: #33f Creating a socket (renderer-Management-f6d89eb6-b512-45c4-bb6b-0b768dcac8ec) returned an error after 793 ms. @ https://ai-lab.rice-business.org/test_student/stable-13ca0e47310505f4ab1ac59e891e9a3c5e5eec04/static/out/vs/code/browser/workbench/workbench.js:37
[ 3829733ms] [ERROR] %c  ERR color: #f33 CodeExpectedError: WebSocket close with status code 1006
    at WebSocket.<anonymous> (https://ai-lab.rice-business.org/test_student/stable-13ca0e47310505f4ab1ac59e891e9a3c5e5eec04/static/out/vs/code/browser/workbench/workbench.js:4590:23285) @ https://ai-lab.rice-business.org/test_student/stable-13ca0e47310505f4ab1ac59e891e9a3c5e5eec04/static/out/vs/code/browser/workbench/workbench.js:37
[ 3829733ms] [ERROR] %c  ERR color: #f33 [remote-connection][Management   ][f6d89…][reconnect][WebSocket(ai-lab.rice-business.org:443)] socketFactory.connect() failed or timed out. Error: @ https://ai-lab.rice-business.org/test_student/stable-13ca0e47310505f4ab1ac59e891e9a3c5e5eec04/static/out/vs/code/browser/workbench/workbench.js:37
[ 3829733ms] [ERROR] %c  ERR color: #f33 CodeExpectedError: WebSocket close with status code 1006
    at WebSocket.<anonymous> (https://ai-lab.rice-business.org/test_student/stable-13ca0e47310505f4ab1ac59e891e9a3c5e5eec04/static/out/vs/code/browser/workbench/workbench.js:4590:23285) @ https://ai-lab.rice-business.org/test_student/stable-13ca0e47310505f4ab1ac59e891e9a3c5e5eec04/static/out/vs/code/browser/workbench/workbench.js:37
[ 3829733ms] [LOG] %c INFO color: #33f [remote-connection][Management   ][f6d89…][reconnect] A temporarily not available error occurred while trying to reconnect, will try again... @ https://ai-lab.rice-business.org/test_student/stable-13ca0e47310505f4ab1ac59e891e9a3c5e5eec04/static/out/vs/code/browser/workbench/workbench.js:37
[ 3829733ms] [LOG] %c INFO color: #33f [remote-connection][Management   ][f6d89…][reconnect] waiting for 30 seconds before reconnecting... @ https://ai-lab.rice-business.org/test_student/stable-13ca0e47310505f4ab1ac59e891e9a3c5e5eec04/static/out/vs/code/browser/workbench/workbench.js:37
[ 3846578ms] [LOG] %c INFO color: #33f [remote-connection][ExtensionHost][4aceb…][reconnect] received socket timeout event (unacknowledgedMsgCount: 39, timeSinceOldestUnacknowledgedMsg: 80044, timeSinceLastReceivedSomeData: 80048). @ https://ai-lab.rice-business.org/test_student/stable-13ca0e47310505f4ab1ac59e891e9a3c5e5eec04/static/out/vs/code/browser/workbench/workbench.js:37
[ 3847029ms] [LOG] %c INFO color: #33f [remote-connection][Management   ][f6d89…][reconnect] received socket timeout event (unacknowledgedMsgCount: 10, timeSinceOldestUnacknowledgedMsg: 80030, timeSinceLastReceivedSomeData: 80319). @ https://ai-lab.rice-business.org/test_student/stable-13ca0e47310505f4ab1ac59e891e9a3c5e5eec04/static/out/vs/code/browser/workbench/workbench.js:37
[ 3859578ms] [LOG] %c INFO color: #33f [remote-connection][ExtensionHost][4aceb…][reconnect] resolving connection... @ https://ai-lab.rice-business.org/test_student/stable-13ca0e47310505f4ab1ac59e891e9a3c5e5eec04/static/out/vs/code/browser/workbench/workbench.js:37
[ 3859578ms] [LOG] %c INFO color: #33f [remote-connection][ExtensionHost][4aceb…][reconnect] connecting to WebSocket(ai-lab.rice-business.org:443)... @ https://ai-lab.rice-business.org/test_student/stable-13ca0e47310505f4ab1ac59e891e9a3c5e5eec04/static/out/vs/code/browser/workbench/workbench.js:37
[ 3859578ms] [LOG] %c INFO color: #33f Creating a socket (renderer-ExtensionHost-4aceb238-020c-4daf-966a-5c687671a08c)... @ https://ai-lab.rice-business.org/test_student/stable-13ca0e47310505f4ab1ac59e891e9a3c5e5eec04/static/out/vs/code/browser/workbench/workbench.js:37
[ 3859749ms] [LOG] %c INFO color: #33f [remote-connection][Management   ][f6d89…][reconnect] resolving connection... @ https://ai-lab.rice-business.org/test_student/stable-13ca0e47310505f4ab1ac59e891e9a3c5e5eec04/static/out/vs/code/browser/workbench/workbench.js:37
[ 3859750ms] [LOG] %c INFO color: #33f [remote-connection][Management   ][f6d89…][reconnect] connecting to WebSocket(ai-lab.rice-business.org:443)... @ https://ai-lab.rice-business.org/test_student/stable-13ca0e47310505f4ab1ac59e891e9a3c5e5eec04/static/out/vs/code/browser/workbench/workbench.js:37
[ 3859750ms] [LOG] %c INFO color: #33f Creating a socket (renderer-Management-f6d89eb6-b512-45c4-bb6b-0b768dcac8ec)... @ https://ai-lab.rice-business.org/test_student/stable-13ca0e47310505f4ab1ac59e891e9a3c5e5eec04/static/out/vs/code/browser/workbench/workbench.js:37
[ 3860954ms] [LOG] %c INFO color: #33f Creating a socket (renderer-ExtensionHost-4aceb238-020c-4daf-966a-5c687671a08c) was successful after 1375 ms. @ https://ai-lab.rice-business.org/test_student/stable-13ca0e47310505f4ab1ac59e891e9a3c5e5eec04/static/out/vs/code/browser/workbench/workbench.js:37
[ 3861267ms] [LOG] %c INFO color: #33f Creating a socket (renderer-Management-f6d89eb6-b512-45c4-bb6b-0b768dcac8ec) was successful after 1517 ms. @ https://ai-lab.rice-business.org/test_student/stable-13ca0e47310505f4ab1ac59e891e9a3c5e5eec04/static/out/vs/code/browser/workbench/workbench.js:37
[ 3870956ms] [ERROR] %c  ERR color: #f33 [remote-connection][ExtensionHost][4aceb…][reconnect][WebSocket(ai-lab.rice-business.org:443)] the handshake timed out. Error: @ https://ai-lab.rice-business.org/test_student/stable-13ca0e47310505f4ab1ac59e891e9a3c5e5eec04/static/out/vs/code/browser/workbench/workbench.js:37
[ 3870957ms] [ERROR] %c  ERR color: #f33 Error: Time limit reached
    at T2e.i (https://ai-lab.rice-business.org/test_student/stable-13ca0e47310505f4ab1ac59e891e9a3c5e5eec04/static/out/vs/code/browser/workbench/workbench.js:3665:29310)
    at T2e.h (https://ai-lab.rice-business.org/test_student/stable-13ca0e47310505f4ab1ac59e891e9a3c5e5eec04/static/out/vs/code/browser/workbench/workbench.js:3665:29292)
    at ufe.value (https://ai-lab.rice-business.org/test_student/stable-13ca0e47310505f4ab1ac59e891e9a3c5e5eec04/static/out/vs/code/browser/workbench/workbench.js:3665:29147)
    at L.C (https://ai-lab.rice-business.org/test_student/stable-13ca0e47310505f4ab1ac59e891e9a3c5e5eec04/static/out/vs/code/browser/workbench/workbench.js:29:2349)
    at L.fire (https://ai-lab.rice-business.org/test_student/stable-13ca0e47310505f4ab1ac59e891e9a3c5e5eec04/static/out/vs/code/browser/workbench/workbench.js:29:2568)
    at vfe.cancel (https://ai-lab.rice-business.org/test_student/stable-13ca0e47310505f4ab1ac59e891e9a3c5e5eec04/static/out/vs/code/browser/workbench/workbench.js:29:37897)
    at pt.cancel (https://ai-lab.rice-business.org/test_student/stable-13ca0e47310505f4ab1ac59e891e9a3c5e5eec04/static/out/vs/code/browser/workbench/workbench.js:29:38311)
    at ufe.value (https://ai-lab.rice-business.org/test_student/stable-13ca0e47310505f4ab1ac59e891e9a3c5e5eec04/static/out/vs/code/browser/workbench/workbench.js:3665:28888)
    at L.C (https://ai-lab.rice-business.org/test_student/stable-13ca0e47310505f4ab1ac59e891e9a3c5e5eec04/static/out/vs/code/browser/workbench/workbench.js:29:2349)
    at L.fire (https://ai-lab.rice-business.org/test_student/stable-13ca0e47310505f4ab1ac59e891e9a3c5e5eec04/static/out/vs/code/browser/workbench/workbench.js:29:2568)
    at vfe.cancel (https://ai-lab.rice-business.org/test_student/stable-13ca0e47310505f4ab1ac59e891e9a3c5e5eec04/static/out/vs/code/browser/workbench/workbench.js:29:37897)
    at pt.cancel (https://ai-lab.rice-business.org/test_student/stable-13ca0e47310505f4ab1ac59e891e9a3c5e5eec04/static/out/vs/code/browser/workbench/workbench.js:29:38311)
    at https://ai-lab.rice-business.org/test_student/stable-13ca0e47310505f4ab1ac59e891e9a3c5e5eec04/static/out/vs/code/browser/workbench/workbench.js:3665:28678 @ https://ai-lab.rice-business.org/test_student/stable-13ca0e47310505f4ab1ac59e891e9a3c5e5eec04/static/out/vs/code/browser/workbench/workbench.js:37
[ 3870957ms] [LOG] %c INFO color: #33f [remote-connection][ExtensionHost][4aceb…][reconnect] A network error occurred while trying to reconnect, will try again... @ https://ai-lab.rice-business.org/test_student/stable-13ca0e47310505f4ab1ac59e891e9a3c5e5eec04/static/out/vs/code/browser/workbench/workbench.js:37
[ 3870957ms] [LOG] %c INFO color: #33f [remote-connection][ExtensionHost][4aceb…][reconnect] waiting for 30 seconds before reconnecting... @ https://ai-lab.rice-business.org/test_student/stable-13ca0e47310505f4ab1ac59e891e9a3c5e5eec04/static/out/vs/code/browser/workbench/workbench.js:37
[ 3871281ms] [ERROR] %c  ERR color: #f33 [remote-connection][Management   ][f6d89…][reconnect][WebSocket(ai-lab.rice-business.org:443)] the handshake timed out. Error: @ https://ai-lab.rice-business.org/test_student/stable-13ca0e47310505f4ab1ac59e891e9a3c5e5eec04/static/out/vs/code/browser/workbench/workbench.js:37
[ 3871281ms] [ERROR] %c  ERR color: #f33 Error: Time limit reached
    at T2e.i (https://ai-lab.rice-business.org/test_student/stable-13ca0e47310505f4ab1ac59e891e9a3c5e5eec04/static/out/vs/code/browser/workbench/workbench.js:3665:29310)
    at T2e.h (https://ai-lab.rice-business.org/test_student/stable-13ca0e47310505f4ab1ac59e891e9a3c5e5eec04/static/out/vs/code/browser/workbench/workbench.js:3665:29292)
    at ufe.value (https://ai-lab.rice-business.org/test_student/stable-13ca0e47310505f4ab1ac59e891e9a3c5e5eec04/static/out/vs/code/browser/workbench/workbench.js:3665:29147)
    at L.C (https://ai-lab.rice-business.org/test_student/stable-13ca0e47310505f4ab1ac59e891e9a3c5e5eec04/static/out/vs/code/browser/workbench/workbench.js:29:2349)
    at L.fire (https://ai-lab.rice-business.org/test_student/stable-13ca0e47310505f4ab1ac59e891e9a3c5e5eec04/static/out/vs/code/browser/workbench/workbench.js:29:2568)
    at vfe.cancel (https://ai-lab.rice-business.org/test_student/stable-13ca0e47310505f4ab1ac59e891e9a3c5e5eec04/static/out/vs/code/browser/workbench/workbench.js:29:37897)
    at pt.cancel (https://ai-lab.rice-business.org/test_student/stable-13ca0e47310505f4ab1ac59e891e9a3c5e5eec04/static/out/vs/code/browser/workbench/workbench.js:29:38311)
    at ufe.value (https://ai-lab.rice-business.org/test_student/stable-13ca0e47310505f4ab1ac59e891e9a3c5e5eec04/static/out/vs/code/browser/workbench/workbench.js:3665:28888)
    at L.C (https://ai-lab.rice-business.org/test_student/stable-13ca0e47310505f4ab1ac59e891e9a3c5e5eec04/static/out/vs/code/browser/workbench/workbench.js:29:2349)
    at L.fire (https://ai-lab.rice-business.org/test_student/stable-13ca0e47310505f4ab1ac59e891e9a3c5e5eec04/static/out/vs/code/browser/workbench/workbench.js:29:2568)
    at vfe.cancel (https://ai-lab.rice-business.org/test_student/stable-13ca0e47310505f4ab1ac59e891e9a3c5e5eec04/static/out/vs/code/browser/workbench/workbench.js:29:37897)
    at pt.cancel (https://ai-lab.rice-business.org/test_student/stable-13ca0e47310505f4ab1ac59e891e9a3c5e5eec04/static/out/vs/code/browser/workbench/workbench.js:29:38311)
    at https://ai-lab.rice-business.org/test_student/stable-13ca0e47310505f4ab1ac59e891e9a3c5e5eec04/static/out/vs/code/browser/workbench/workbench.js:3665:28678 @ https://ai-lab.rice-business.org/test_student/stable-13ca0e47310505f4ab1ac59e891e9a3c5e5eec04/static/out/vs/code/browser/workbench/workbench.js:37
[ 3871282ms] [LOG] %c INFO color: #33f [remote-connection][Management   ][f6d89…][reconnect] A network error occurred while trying to reconnect, will try again... @ https://ai-lab.rice-business.org/test_student/stable-13ca0e47310505f4ab1ac59e891e9a3c5e5eec04/static/out/vs/code/browser/workbench/workbench.js:37
[ 3871282ms] [LOG] %c INFO color: #33f [remote-connection][Management   ][f6d89…][reconnect] waiting for 30 seconds before reconnecting... @ https://ai-lab.rice-business.org/test_student/stable-13ca0e47310505f4ab1ac59e891e9a3c5e5eec04/static/out/vs/code/browser/workbench/workbench.js:37
[ 3900971ms] [LOG] %c INFO color: #33f [remote-connection][ExtensionHost][4aceb…][reconnect] resolving connection... @ https://ai-lab.rice-business.org/test_student/stable-13ca0e47310505f4ab1ac59e891e9a3c5e5eec04/static/out/vs/code/browser/workbench/workbench.js:37
[ 3900971ms] [LOG] %c INFO color: #33f [remote-connection][ExtensionHost][4aceb…][reconnect] connecting to WebSocket(ai-lab.rice-business.org:443)... @ https://ai-lab.rice-business.org/test_student/stable-13ca0e47310505f4ab1ac59e891e9a3c5e5eec04/static/out/vs/code/browser/workbench/workbench.js:37
[ 3900971ms] [LOG] %c INFO color: #33f Creating a socket (renderer-ExtensionHost-4aceb238-020c-4daf-966a-5c687671a08c)... @ https://ai-lab.rice-business.org/test_student/stable-13ca0e47310505f4ab1ac59e891e9a3c5e5eec04/static/out/vs/code/browser/workbench/workbench.js:37
[ 3901145ms] [LOG] %c INFO color: #33f Creating a socket (renderer-ExtensionHost-4aceb238-020c-4daf-966a-5c687671a08c) was successful after 173 ms. @ https://ai-lab.rice-business.org/test_student/stable-13ca0e47310505f4ab1ac59e891e9a3c5e5eec04/static/out/vs/code/browser/workbench/workbench.js:37
[ 3901296ms] [LOG] %c INFO color: #33f [remote-connection][Management   ][f6d89…][reconnect] resolving connection... @ https://ai-lab.rice-business.org/test_student/stable-13ca0e47310505f4ab1ac59e891e9a3c5e5eec04/static/out/vs/code/browser/workbench/workbench.js:37
[ 3901298ms] [LOG] %c INFO color: #33f [remote-connection][Management   ][f6d89…][reconnect] connecting to WebSocket(ai-lab.rice-business.org:443)... @ https://ai-lab.rice-business.org/test_student/stable-13ca0e47310505f4ab1ac59e891e9a3c5e5eec04/static/out/vs/code/browser/workbench/workbench.js:37
[ 3901298ms] [LOG] %c INFO color: #33f Creating a socket (renderer-Management-f6d89eb6-b512-45c4-bb6b-0b768dcac8ec)... @ https://ai-lab.rice-business.org/test_student/stable-13ca0e47310505f4ab1ac59e891e9a3c5e5eec04/static/out/vs/code/browser/workbench/workbench.js:37
[ 3901452ms] [LOG] %c INFO color: #33f Creating a socket (renderer-Management-f6d89eb6-b512-45c4-bb6b-0b768dcac8ec) was successful after 154 ms. @ https://ai-lab.rice-business.org/test_student/stable-13ca0e47310505f4ab1ac59e891e9a3c5e5eec04/static/out/vs/code/browser/workbench/workbench.js:37
[ 3911152ms] [ERROR] %c  ERR color: #f33 [remote-connection][ExtensionHost][4aceb…][reconnect][WebSocket(ai-lab.rice-business.org:443)] the handshake timed out. Error: @ https://ai-lab.rice-business.org/test_student/stable-13ca0e47310505f4ab1ac59e891e9a3c5e5eec04/static/out/vs/code/browser/workbench/workbench.js:37
[ 3911153ms] [ERROR] %c  ERR color: #f33 Error: Time limit reached
    at T2e.i (https://ai-lab.rice-business.org/test_student/stable-13ca0e47310505f4ab1ac59e891e9a3c5e5eec04/static/out/vs/code/browser/workbench/workbench.js:3665:29310)
    at T2e.h (https://ai-lab.rice-business.org/test_student/stable-13ca0e47310505f4ab1ac59e891e9a3c5e5eec04/static/out/vs/code/browser/workbench/workbench.js:3665:29292)
    at ufe.value (https://ai-lab.rice-business.org/test_student/stable-13ca0e47310505f4ab1ac59e891e9a3c5e5eec04/static/out/vs/code/browser/workbench/workbench.js:3665:29147)
    at L.C (https://ai-lab.rice-business.org/test_student/stable-13ca0e47310505f4ab1ac59e891e9a3c5e5eec04/static/out/vs/code/browser/workbench/workbench.js:29:2349)
    at L.fire (https://ai-lab.rice-business.org/test_student/stable-13ca0e47310505f4ab1ac59e891e9a3c5e5eec04/static/out/vs/code/browser/workbench/workbench.js:29:2568)
    at vfe.cancel (https://ai-lab.rice-business.org/test_student/stable-13ca0e47310505f4ab1ac59e891e9a3c5e5eec04/static/out/vs/code/browser/workbench/workbench.js:29:37897)
    at pt.cancel (https://ai-lab.rice-business.org/test_student/stable-13ca0e47310505f4ab1ac59e891e9a3c5e5eec04/static/out/vs/code/browser/workbench/workbench.js:29:38311)
    at ufe.value (https://ai-lab.rice-business.org/test_student/stable-13ca0e47310505f4ab1ac59e891e9a3c5e5eec04/static/out/vs/code/browser/workbench/workbench.js:3665:28888)
    at L.C (https://ai-lab.rice-business.org/test_student/stable-13ca0e47310505f4ab1ac59e891e9a3c5e5eec04/static/out/vs/code/browser/workbench/workbench.js:29:2349)
    at L.fire (https://ai-lab.rice-business.org/test_student/stable-13ca0e47310505f4ab1ac59e891e9a3c5e5eec04/static/out/vs/code/browser/workbench/workbench.js:29:2568)
    at vfe.cancel (https://ai-lab.rice-business.org/test_student/stable-13ca0e47310505f4ab1ac59e891e9a3c5e5eec04/static/out/vs/code/browser/workbench/workbench.js:29:37897)
    at pt.cancel (https://ai-lab.rice-business.org/test_student/stable-13ca0e47310505f4ab1ac59e891e9a3c5e5eec04/static/out/vs/code/browser/workbench/workbench.js:29:38311)
    at https://ai-lab.rice-business.org/test_student/stable-13ca0e47310505f4ab1ac59e891e9a3c5e5eec04/static/out/vs/code/browser/workbench/workbench.js:3665:28678 @ https://ai-lab.rice-business.org/test_student/stable-13ca0e47310505f4ab1ac59e891e9a3c5e5eec04/static/out/vs/code/browser/workbench/workbench.js:37
[ 3911153ms] [LOG] %c INFO color: #33f [remote-connection][ExtensionHost][4aceb…][reconnect] A network error occurred while trying to reconnect, will try again... @ https://ai-lab.rice-business.org/test_student/stable-13ca0e47310505f4ab1ac59e891e9a3c5e5eec04/static/out/vs/code/browser/workbench/workbench.js:37
[ 3911153ms] [LOG] %c INFO color: #33f [remote-connection][ExtensionHost][4aceb…][reconnect] waiting for 30 seconds before reconnecting... @ https://ai-lab.rice-business.org/test_student/stable-13ca0e47310505f4ab1ac59e891e9a3c5e5eec04/static/out/vs/code/browser/workbench/workbench.js:37
[ 3911463ms] [ERROR] %c  ERR color: #f33 [remote-connection][Management   ][f6d89…][reconnect][WebSocket(ai-lab.rice-business.org:443)] the handshake timed out. Error: @ https://ai-lab.rice-business.org/test_student/stable-13ca0e47310505f4ab1ac59e891e9a3c5e5eec04/static/out/vs/code/browser/workbench/workbench.js:37
[ 3911463ms] [ERROR] %c  ERR color: #f33 Error: Time limit reached
    at T2e.i (https://ai-lab.rice-business.org/test_student/stable-13ca0e47310505f4ab1ac59e891e9a3c5e5eec04/static/out/vs/code/browser/workbench/workbench.js:3665:29310)
    at T2e.h (https://ai-lab.rice-business.org/test_student/stable-13ca0e47310505f4ab1ac59e891e9a3c5e5eec04/static/out/vs/code/browser/workbench/workbench.js:3665:29292)
    at ufe.value (https://ai-lab.rice-business.org/test_student/stable-13ca0e47310505f4ab1ac59e891e9a3c5e5eec04/static/out/vs/code/browser/workbench/workbench.js:3665:29147)
    at L.C (https://ai-lab.rice-business.org/test_student/stable-13ca0e47310505f4ab1ac59e891e9a3c5e5eec04/static/out/vs/code/browser/workbench/workbench.js:29:2349)
    at L.fire (https://ai-lab.rice-business.org/test_student/stable-13ca0e47310505f4ab1ac59e891e9a3c5e5eec04/static/out/vs/code/browser/workbench/workbench.js:29:2568)
    at vfe.cancel (https://ai-lab.rice-business.org/test_student/stable-13ca0e47310505f4ab1ac59e891e9a3c5e5eec04/static/out/vs/code/browser/workbench/workbench.js:29:37897)
    at pt.cancel (https://ai-lab.rice-business.org/test_student/stable-13ca0e47310505f4ab1ac59e891e9a3c5e5eec04/static/out/vs/code/browser/workbench/workbench.js:29:38311)
    at ufe.value (https://ai-lab.rice-business.org/test_student/stable-13ca0e47310505f4ab1ac59e891e9a3c5e5eec04/static/out/vs/code/browser/workbench/workbench.js:3665:28888)
    at L.C (https://ai-lab.rice-business.org/test_student/stable-13ca0e47310505f4ab1ac59e891e9a3c5e5eec04/static/out/vs/code/browser/workbench/workbench.js:29:2349)
    at L.fire (https://ai-lab.rice-business.org/test_student/stable-13ca0e47310505f4ab1ac59e891e9a3c5e5eec04/static/out/vs/code/browser/workbench/workbench.js:29:2568)
    at vfe.cancel (https://ai-lab.rice-business.org/test_student/stable-13ca0e47310505f4ab1ac59e891e9a3c5e5eec04/static/out/vs/code/browser/workbench/workbench.js:29:37897)
    at pt.cancel (https://ai-lab.rice-business.org/test_student/stable-13ca0e47310505f4ab1ac59e891e9a3c5e5eec04/static/out/vs/code/browser/workbench/workbench.js:29:38311)
    at https://ai-lab.rice-business.org/test_student/stable-13ca0e47310505f4ab1ac59e891e9a3c5e5eec04/static/out/vs/code/browser/workbench/workbench.js:3665:28678 @ https://ai-lab.rice-business.org/test_student/stable-13ca0e47310505f4ab1ac59e891e9a3c5e5eec04/static/out/vs/code/browser/workbench/workbench.js:37
[ 3911463ms] [LOG] %c INFO color: #33f [remote-connection][Management   ][f6d89…][reconnect] A network error occurred while trying to reconnect, will try again... @ https://ai-lab.rice-business.org/test_student/stable-13ca0e47310505f4ab1ac59e891e9a3c5e5eec04/static/out/vs/code/browser/workbench/workbench.js:37
[ 3911463ms] [LOG] %c INFO color: #33f [remote-connection][Management   ][f6d89…][reconnect] waiting for 30 seconds before reconnecting... @ https://ai-lab.rice-business.org/test_student/stable-13ca0e47310505f4ab1ac59e891e9a3c5e5eec04/static/out/vs/code/browser/workbench/workbench.js:37
[ 3941159ms] [LOG] %c INFO color: #33f [remote-connection][ExtensionHost][4aceb…][reconnect] resolving connection... @ https://ai-lab.rice-business.org/test_student/stable-13ca0e47310505f4ab1ac59e891e9a3c5e5eec04/static/out/vs/code/browser/workbench/workbench.js:37
[ 3941159ms] [LOG] %c INFO color: #33f [remote-connection][ExtensionHost][4aceb…][reconnect] connecting to WebSocket(ai-lab.rice-business.org:443)... @ https://ai-lab.rice-business.org/test_student/stable-13ca0e47310505f4ab1ac59e891e9a3c5e5eec04/static/out/vs/code/browser/workbench/workbench.js:37
[ 3941159ms] [LOG] %c INFO color: #33f Creating a socket (renderer-ExtensionHost-4aceb238-020c-4daf-966a-5c687671a08c)... @ https://ai-lab.rice-business.org/test_student/stable-13ca0e47310505f4ab1ac59e891e9a3c5e5eec04/static/out/vs/code/browser/workbench/workbench.js:37
[ 3941337ms] [LOG] %c INFO color: #33f Creating a socket (renderer-ExtensionHost-4aceb238-020c-4daf-966a-5c687671a08c) was successful after 179 ms. @ https://ai-lab.rice-business.org/test_student/stable-13ca0e47310505f4ab1ac59e891e9a3c5e5eec04/static/out/vs/code/browser/workbench/workbench.js:37
[ 3941463ms] [LOG] %c INFO color: #33f [remote-connection][Management   ][f6d89…][reconnect] resolving connection... @ https://ai-lab.rice-business.org/test_student/stable-13ca0e47310505f4ab1ac59e891e9a3c5e5eec04/static/out/vs/code/browser/workbench/workbench.js:37
[ 3941465ms] [LOG] %c INFO color: #33f [remote-connection][Management   ][f6d89…][reconnect] connecting to WebSocket(ai-lab.rice-business.org:443)... @ https://ai-lab.rice-business.org/test_student/stable-13ca0e47310505f4ab1ac59e891e9a3c5e5eec04/static/out/vs/code/browser/workbench/workbench.js:37
[ 3941465ms] [LOG] %c INFO color: #33f Creating a socket (renderer-Management-f6d89eb6-b512-45c4-bb6b-0b768dcac8ec)... @ https://ai-lab.rice-business.org/test_student/stable-13ca0e47310505f4ab1ac59e891e9a3c5e5eec04/static/out/vs/code/browser/workbench/workbench.js:37
[ 3941619ms] [LOG] %c INFO color: #33f Creating a socket (renderer-Management-f6d89eb6-b512-45c4-bb6b-0b768dcac8ec) was successful after 154 ms. @ https://ai-lab.rice-business.org/test_student/stable-13ca0e47310505f4ab1ac59e891e9a3c5e5eec04/static/out/vs/code/browser/workbench/workbench.js:37
[ 3951347ms] [ERROR] %c  ERR color: #f33 [remote-connection][ExtensionHost][4aceb…][reconnect][WebSocket(ai-lab.rice-business.org:443)] the handshake timed out. Error: @ https://ai-lab.rice-business.org/test_student/stable-13ca0e47310505f4ab1ac59e891e9a3c5e5eec04/static/out/vs/code/browser/workbench/workbench.js:37
[ 3951347ms] [ERROR] %c  ERR color: #f33 Error: Time limit reached
    at T2e.i (https://ai-lab.rice-business.org/test_student/stable-13ca0e47310505f4ab1ac59e891e9a3c5e5eec04/static/out/vs/code/browser/workbench/workbench.js:3665:29310)
    at T2e.h (https://ai-lab.rice-business.org/test_student/stable-13ca0e47310505f4ab1ac59e891e9a3c5e5eec04/static/out/vs/code/browser/workbench/workbench.js:3665:29292)
    at ufe.value (https://ai-lab.rice-business.org/test_student/stable-13ca0e47310505f4ab1ac59e891e9a3c5e5eec04/static/out/vs/code/browser/workbench/workbench.js:3665:29147)
    at L.C (https://ai-lab.rice-business.org/test_student/stable-13ca0e47310505f4ab1ac59e891e9a3c5e5eec04/static/out/vs/code/browser/workbench/workbench.js:29:2349)
    at L.fire (https://ai-lab.rice-business.org/test_student/stable-13ca0e47310505f4ab1ac59e891e9a3c5e5eec04/static/out/vs/code/browser/workbench/workbench.js:29:2568)
    at vfe.cancel (https://ai-lab.rice-business.org/test_student/stable-13ca0e47310505f4ab1ac59e891e9a3c5e5eec04/static/out/vs/code/browser/workbench/workbench.js:29:37897)
    at pt.cancel (https://ai-lab.rice-business.org/test_student/stable-13ca0e47310505f4ab1ac59e891e9a3c5e5eec04/static/out/vs/code/browser/workbench/workbench.js:29:38311)
    at ufe.value (https://ai-lab.rice-business.org/test_student/stable-13ca0e47310505f4ab1ac59e891e9a3c5e5eec04/static/out/vs/code/browser/workbench/workbench.js:3665:28888)
    at L.C (https://ai-lab.rice-business.org/test_student/stable-13ca0e47310505f4ab1ac59e891e9a3c5e5eec04/static/out/vs/code/browser/workbench/workbench.js:29:2349)
    at L.fire (https://ai-lab.rice-business.org/test_student/stable-13ca0e47310505f4ab1ac59e891e9a3c5e5eec04/static/out/vs/code/browser/workbench/workbench.js:29:2568)
    at vfe.cancel (https://ai-lab.rice-business.org/test_student/stable-13ca0e47310505f4ab1ac59e891e9a3c5e5eec04/static/out/vs/code/browser/workbench/workbench.js:29:37897)
    at pt.cancel (https://ai-lab.rice-business.org/test_student/stable-13ca0e47310505f4ab1ac59e891e9a3c5e5eec04/static/out/vs/code/browser/workbench/workbench.js:29:38311)
    at https://ai-lab.rice-business.org/test_student/stable-13ca0e47310505f4ab1ac59e891e9a3c5e5eec04/static/out/vs/code/browser/workbench/workbench.js:3665:28678 @ https://ai-lab.rice-business.org/test_student/stable-13ca0e47310505f4ab1ac59e891e9a3c5e5eec04/static/out/vs/code/browser/workbench/workbench.js:37
[ 3951347ms] [LOG] %c INFO color: #33f [remote-connection][ExtensionHost][4aceb…][reconnect] A network error occurred while trying to reconnect, will try again... @ https://ai-lab.rice-business.org/test_student/stable-13ca0e47310505f4ab1ac59e891e9a3c5e5eec04/static/out/vs/code/browser/workbench/workbench.js:37
[ 3951347ms] [LOG] %c INFO color: #33f [remote-connection][ExtensionHost][4aceb…][reconnect] waiting for 30 seconds before reconnecting... @ https://ai-lab.rice-business.org/test_student/stable-13ca0e47310505f4ab1ac59e891e9a3c5e5eec04/static/out/vs/code/browser/workbench/workbench.js:37
[ 3951624ms] [ERROR] %c  ERR color: #f33 [remote-connection][Management   ][f6d89…][reconnect][WebSocket(ai-lab.rice-business.org:443)] the handshake timed out. Error: @ https://ai-lab.rice-business.org/test_student/stable-13ca0e47310505f4ab1ac59e891e9a3c5e5eec04/static/out/vs/code/browser/workbench/workbench.js:37
[ 3951625ms] [ERROR] %c  ERR color: #f33 Error: Time limit reached
    at T2e.i (https://ai-lab.rice-business.org/test_student/stable-13ca0e47310505f4ab1ac59e891e9a3c5e5eec04/static/out/vs/code/browser/workbench/workbench.js:3665:29310)
    at T2e.h (https://ai-lab.rice-business.org/test_student/stable-13ca0e47310505f4ab1ac59e891e9a3c5e5eec04/static/out/vs/code/browser/workbench/workbench.js:3665:29292)
    at ufe.value (https://ai-lab.rice-business.org/test_student/stable-13ca0e47310505f4ab1ac59e891e9a3c5e5eec04/static/out/vs/code/browser/workbench/workbench.js:3665:29147)
    at L.C (https://ai-lab.rice-business.org/test_student/stable-13ca0e47310505f4ab1ac59e891e9a3c5e5eec04/static/out/vs/code/browser/workbench/workbench.js:29:2349)
    at L.fire (https://ai-lab.rice-business.org/test_student/stable-13ca0e47310505f4ab1ac59e891e9a3c5e5eec04/static/out/vs/code/browser/workbench/workbench.js:29:2568)
    at vfe.cancel (https://ai-lab.rice-business.org/test_student/stable-13ca0e47310505f4ab1ac59e891e9a3c5e5eec04/static/out/vs/code/browser/workbench/workbench.js:29:37897)
    at pt.cancel (https://ai-lab.rice-business.org/test_student/stable-13ca0e47310505f4ab1ac59e891e9a3c5e5eec04/static/out/vs/code/browser/workbench/workbench.js:29:38311)
    at ufe.value (https://ai-lab.rice-business.org/test_student/stable-13ca0e47310505f4ab1ac59e891e9a3c5e5eec04/static/out/vs/code/browser/workbench/workbench.js:3665:28888)
    at L.C (https://ai-lab.rice-business.org/test_student/stable-13ca0e47310505f4ab1ac59e891e9a3c5e5eec04/static/out/vs/code/browser/workbench/workbench.js:29:2349)
    at L.fire (https://ai-lab.rice-business.org/test_student/stable-13ca0e47310505f4ab1ac59e891e9a3c5e5eec04/static/out/vs/code/browser/workbench/workbench.js:29:2568)
    at vfe.cancel (https://ai-lab.rice-business.org/test_student/stable-13ca0e47310505f4ab1ac59e891e9a3c5e5eec04/static/out/vs/code/browser/workbench/workbench.js:29:37897)
    at pt.cancel (https://ai-lab.rice-business.org/test_student/stable-13ca0e47310505f4ab1ac59e891e9a3c5e5eec04/static/out/vs/code/browser/workbench/workbench.js:29:38311)
    at https://ai-lab.rice-business.org/test_student/stable-13ca0e47310505f4ab1ac59e891e9a3c5e5eec04/static/out/vs/code/browser/workbench/workbench.js:3665:28678 @ https://ai-lab.rice-business.org/test_student/stable-13ca0e47310505f4ab1ac59e891e9a3c5e5eec04/static/out/vs/code/browser/workbench/workbench.js:37
[ 3951625ms] [LOG] %c INFO color: #33f [remote-connection][Management   ][f6d89…][reconnect] A network error occurred while trying to reconnect, will try again... @ https://ai-lab.rice-business.org/test_student/stable-13ca0e47310505f4ab1ac59e891e9a3c5e5eec04/static/out/vs/code/browser/workbench/workbench.js:37
[ 3951625ms] [LOG] %c INFO color: #33f [remote-connection][Management   ][f6d89…][reconnect] waiting for 30 seconds before reconnecting... @ https://ai-lab.rice-business.org/test_student/stable-13ca0e47310505f4ab1ac59e891e9a3c5e5eec04/static/out/vs/code/browser/workbench/workbench.js:37
[ 3981358ms] [LOG] %c INFO color: #33f [remote-connection][ExtensionHost][4aceb…][reconnect] resolving connection... @ https://ai-lab.rice-business.org/test_student/stable-13ca0e47310505f4ab1ac59e891e9a3c5e5eec04/static/out/vs/code/browser/workbench/workbench.js:37
[ 3981358ms] [LOG] %c INFO color: #33f [remote-connection][ExtensionHost][4aceb…][reconnect] connecting to WebSocket(ai-lab.rice-business.org:443)... @ https://ai-lab.rice-business.org/test_student/stable-13ca0e47310505f4ab1ac59e891e9a3c5e5eec04/static/out/vs/code/browser/workbench/workbench.js:37
[ 3981358ms] [LOG] %c INFO color: #33f Creating a socket (renderer-ExtensionHost-4aceb238-020c-4daf-966a-5c687671a08c)... @ https://ai-lab.rice-business.org/test_student/stable-13ca0e47310505f4ab1ac59e891e9a3c5e5eec04/static/out/vs/code/browser/workbench/workbench.js:37
[ 3981507ms] [LOG] %c INFO color: #33f Creating a socket (renderer-ExtensionHost-4aceb238-020c-4daf-966a-5c687671a08c) was successful after 149 ms. @ https://ai-lab.rice-business.org/test_student/stable-13ca0e47310505f4ab1ac59e891e9a3c5e5eec04/static/out/vs/code/browser/workbench/workbench.js:37
[ 3981634ms] [LOG] %c INFO color: #33f [remote-connection][Management   ][f6d89…][reconnect] resolving connection... @ https://ai-lab.rice-business.org/test_student/stable-13ca0e47310505f4ab1ac59e891e9a3c5e5eec04/static/out/vs/code/browser/workbench/workbench.js:37
[ 3981635ms] [LOG] %c INFO color: #33f [remote-connection][Management   ][f6d89…][reconnect] connecting to WebSocket(ai-lab.rice-business.org:443)... @ https://ai-lab.rice-business.org/test_student/stable-13ca0e47310505f4ab1ac59e891e9a3c5e5eec04/static/out/vs/code/browser/workbench/workbench.js:37
[ 3981636ms] [LOG] %c INFO color: #33f Creating a socket (renderer-Management-f6d89eb6-b512-45c4-bb6b-0b768dcac8ec)... @ https://ai-lab.rice-business.org/test_student/stable-13ca0e47310505f4ab1ac59e891e9a3c5e5eec04/static/out/vs/code/browser/workbench/workbench.js:37
[ 3981803ms] [LOG] %c INFO color: #33f Creating a socket (renderer-Management-f6d89eb6-b512-45c4-bb6b-0b768dcac8ec) was successful after 167 ms. @ https://ai-lab.rice-business.org/test_student/stable-13ca0e47310505f4ab1ac59e891e9a3c5e5eec04/static/out/vs/code/browser/workbench/workbench.js:37
[ 3991517ms] [ERROR] %c  ERR color: #f33 [remote-connection][ExtensionHost][4aceb…][reconnect][WebSocket(ai-lab.rice-business.org:443)] the handshake timed out. Error: @ https://ai-lab.rice-business.org/test_student/stable-13ca0e47310505f4ab1ac59e891e9a3c5e5eec04/static/out/vs/code/browser/workbench/workbench.js:37
[ 3991517ms] [ERROR] %c  ERR color: #f33 Error: Time limit reached
    at T2e.i (https://ai-lab.rice-business.org/test_student/stable-13ca0e47310505f4ab1ac59e891e9a3c5e5eec04/static/out/vs/code/browser/workbench/workbench.js:3665:29310)
    at T2e.h (https://ai-lab.rice-business.org/test_student/stable-13ca0e47310505f4ab1ac59e891e9a3c5e5eec04/static/out/vs/code/browser/workbench/workbench.js:3665:29292)
    at ufe.value (https://ai-lab.rice-business.org/test_student/stable-13ca0e47310505f4ab1ac59e891e9a3c5e5eec04/static/out/vs/code/browser/workbench/workbench.js:3665:29147)
    at L.C (https://ai-lab.rice-business.org/test_student/stable-13ca0e47310505f4ab1ac59e891e9a3c5e5eec04/static/out/vs/code/browser/workbench/workbench.js:29:2349)
    at L.fire (https://ai-lab.rice-business.org/test_student/stable-13ca0e47310505f4ab1ac59e891e9a3c5e5eec04/static/out/vs/code/browser/workbench/workbench.js:29:2568)
    at vfe.cancel (https://ai-lab.rice-business.org/test_student/stable-13ca0e47310505f4ab1ac59e891e9a3c5e5eec04/static/out/vs/code/browser/workbench/workbench.js:29:37897)
    at pt.cancel (https://ai-lab.rice-business.org/test_student/stable-13ca0e47310505f4ab1ac59e891e9a3c5e5eec04/static/out/vs/code/browser/workbench/workbench.js:29:38311)
    at ufe.value (https://ai-lab.rice-business.org/test_student/stable-13ca0e47310505f4ab1ac59e891e9a3c5e5eec04/static/out/vs/code/browser/workbench/workbench.js:3665:28888)
    at L.C (https://ai-lab.rice-business.org/test_student/stable-13ca0e47310505f4ab1ac59e891e9a3c5e5eec04/static/out/vs/code/browser/workbench/workbench.js:29:2349)
    at L.fire (https://ai-lab.rice-business.org/test_student/stable-13ca0e47310505f4ab1ac59e891e9a3c5e5eec04/static/out/vs/code/browser/workbench/workbench.js:29:2568)
    at vfe.cancel (https://ai-lab.rice-business.org/test_student/stable-13ca0e47310505f4ab1ac59e891e9a3c5e5eec04/static/out/vs/code/browser/workbench/workbench.js:29:37897)
    at pt.cancel (https://ai-lab.rice-business.org/test_student/stable-13ca0e47310505f4ab1ac59e891e9a3c5e5eec04/static/out/vs/code/browser/workbench/workbench.js:29:38311)
    at https://ai-lab.rice-business.org/test_student/stable-13ca0e47310505f4ab1ac59e891e9a3c5e5eec04/static/out/vs/code/browser/workbench/workbench.js:3665:28678 @ https://ai-lab.rice-business.org/test_student/stable-13ca0e47310505f4ab1ac59e891e9a3c5e5eec04/static/out/vs/code/browser/workbench/workbench.js:37
[ 3991517ms] [LOG] %c INFO color: #33f [remote-connection][ExtensionHost][4aceb…][reconnect] A network error occurred while trying to reconnect, will try again... @ https://ai-lab.rice-business.org/test_student/stable-13ca0e47310505f4ab1ac59e891e9a3c5e5eec04/static/out/vs/code/browser/workbench/workbench.js:37
[ 3991517ms] [LOG] %c INFO color: #33f [remote-connection][ExtensionHost][4aceb…][reconnect] waiting for 30 seconds before reconnecting... @ https://ai-lab.rice-business.org/test_student/stable-13ca0e47310505f4ab1ac59e891e9a3c5e5eec04/static/out/vs/code/browser/workbench/workbench.js:37
[ 3991813ms] [ERROR] %c  ERR color: #f33 [remote-connection][Management   ][f6d89…][reconnect][WebSocket(ai-lab.rice-business.org:443)] the handshake timed out. Error: @ https://ai-lab.rice-business.org/test_student/stable-13ca0e47310505f4ab1ac59e891e9a3c5e5eec04/static/out/vs/code/browser/workbench/workbench.js:37
[ 3991813ms] [ERROR] %c  ERR color: #f33 Error: Time limit reached
    at T2e.i (https://ai-lab.rice-business.org/test_student/stable-13ca0e47310505f4ab1ac59e891e9a3c5e5eec04/static/out/vs/code/browser/workbench/workbench.js:3665:29310)
    at T2e.h (https://ai-lab.rice-business.org/test_student/stable-13ca0e47310505f4ab1ac59e891e9a3c5e5eec04/static/out/vs/code/browser/workbench/workbench.js:3665:29292)
    at ufe.value (https://ai-lab.rice-business.org/test_student/stable-13ca0e47310505f4ab1ac59e891e9a3c5e5eec04/static/out/vs/code/browser/workbench/workbench.js:3665:29147)
    at L.C (https://ai-lab.rice-business.org/test_student/stable-13ca0e47310505f4ab1ac59e891e9a3c5e5eec04/static/out/vs/code/browser/workbench/workbench.js:29:2349)
    at L.fire (https://ai-lab.rice-business.org/test_student/stable-13ca0e47310505f4ab1ac59e891e9a3c5e5eec04/static/out/vs/code/browser/workbench/workbench.js:29:2568)
    at vfe.cancel (https://ai-lab.rice-business.org/test_student/stable-13ca0e47310505f4ab1ac59e891e9a3c5e5eec04/static/out/vs/code/browser/workbench/workbench.js:29:37897)
    at pt.cancel (https://ai-lab.rice-business.org/test_student/stable-13ca0e47310505f4ab1ac59e891e9a3c5e5eec04/static/out/vs/code/browser/workbench/workbench.js:29:38311)
    at ufe.value (https://ai-lab.rice-business.org/test_student/stable-13ca0e47310505f4ab1ac59e891e9a3c5e5eec04/static/out/vs/code/browser/workbench/workbench.js:3665:28888)
    at L.C (https://ai-lab.rice-business.org/test_student/stable-13ca0e47310505f4ab1ac59e891e9a3c5e5eec04/static/out/vs/code/browser/workbench/workbench.js:29:2349)
    at L.fire (https://ai-lab.rice-business.org/test_student/stable-13ca0e47310505f4ab1ac59e891e9a3c5e5eec04/static/out/vs/code/browser/workbench/workbench.js:29:2568)
    at vfe.cancel (https://ai-lab.rice-business.org/test_student/stable-13ca0e47310505f4ab1ac59e891e9a3c5e5eec04/static/out/vs/code/browser/workbench/workbench.js:29:37897)
    at pt.cancel (https://ai-lab.rice-business.org/test_student/stable-13ca0e47310505f4ab1ac59e891e9a3c5e5eec04/static/out/vs/code/browser/workbench/workbench.js:29:38311)
    at https://ai-lab.rice-business.org/test_student/stable-13ca0e47310505f4ab1ac59e891e9a3c5e5eec04/static/out/vs/code/browser/workbench/workbench.js:3665:28678 @ https://ai-lab.rice-business.org/test_student/stable-13ca0e47310505f4ab1ac59e891e9a3c5e5eec04/static/out/vs/code/browser/workbench/workbench.js:37
[ 3991813ms] [LOG] %c INFO color: #33f [remote-connection][Management   ][f6d89…][reconnect] A network error occurred while trying to reconnect, will try again... @ https://ai-lab.rice-business.org/test_student/stable-13ca0e47310505f4ab1ac59e891e9a3c5e5eec04/static/out/vs/code/browser/workbench/workbench.js:37
[ 3991813ms] [LOG] %c INFO color: #33f [remote-connection][Management   ][f6d89…][reconnect] waiting for 30 seconds before reconnecting... @ https://ai-lab.rice-business.org/test_student/stable-13ca0e47310505f4ab1ac59e891e9a3c5e5eec04/static/out/vs/code/browser/workbench/workbench.js:37
[ 4021520ms] [LOG] %c INFO color: #33f [remote-connection][ExtensionHost][4aceb…][reconnect] resolving connection... @ https://ai-lab.rice-business.org/test_student/stable-13ca0e47310505f4ab1ac59e891e9a3c5e5eec04/static/out/vs/code/browser/workbench/workbench.js:37
[ 4021520ms] [LOG] %c INFO color: #33f [remote-connection][ExtensionHost][4aceb…][reconnect] connecting to WebSocket(ai-lab.rice-business.org:443)... @ https://ai-lab.rice-business.org/test_student/stable-13ca0e47310505f4ab1ac59e891e9a3c5e5eec04/static/out/vs/code/browser/workbench/workbench.js:37
[ 4021520ms] [LOG] %c INFO color: #33f Creating a socket (renderer-ExtensionHost-4aceb238-020c-4daf-966a-5c687671a08c)... @ https://ai-lab.rice-business.org/test_student/stable-13ca0e47310505f4ab1ac59e891e9a3c5e5eec04/static/out/vs/code/browser/workbench/workbench.js:37
[ 4021688ms] [LOG] %c INFO color: #33f Creating a socket (renderer-ExtensionHost-4aceb238-020c-4daf-966a-5c687671a08c) was successful after 167 ms. @ https://ai-lab.rice-business.org/test_student/stable-13ca0e47310505f4ab1ac59e891e9a3c5e5eec04/static/out/vs/code/browser/workbench/workbench.js:37
[ 4021815ms] [LOG] %c INFO color: #33f [remote-connection][Management   ][f6d89…][reconnect] resolving connection... @ https://ai-lab.rice-business.org/test_student/stable-13ca0e47310505f4ab1ac59e891e9a3c5e5eec04/static/out/vs/code/browser/workbench/workbench.js:37
[ 4021817ms] [LOG] %c INFO color: #33f [remote-connection][Management   ][f6d89…][reconnect] connecting to WebSocket(ai-lab.rice-business.org:443)... @ https://ai-lab.rice-business.org/test_student/stable-13ca0e47310505f4ab1ac59e891e9a3c5e5eec04/static/out/vs/code/browser/workbench/workbench.js:37
[ 4021817ms] [LOG] %c INFO color: #33f Creating a socket (renderer-Management-f6d89eb6-b512-45c4-bb6b-0b768dcac8ec)... @ https://ai-lab.rice-business.org/test_student/stable-13ca0e47310505f4ab1ac59e891e9a3c5e5eec04/static/out/vs/code/browser/workbench/workbench.js:37
[ 4021973ms] [LOG] %c INFO color: #33f Creating a socket (renderer-Management-f6d89eb6-b512-45c4-bb6b-0b768dcac8ec) was successful after 155 ms. @ https://ai-lab.rice-business.org/test_student/stable-13ca0e47310505f4ab1ac59e891e9a3c5e5eec04/static/out/vs/code/browser/workbench/workbench.js:37
[ 4031690ms] [ERROR] %c  ERR color: #f33 [remote-connection][ExtensionHost][4aceb…][reconnect][WebSocket(ai-lab.rice-business.org:443)] the handshake timed out. Error: @ https://ai-lab.rice-business.org/test_student/stable-13ca0e47310505f4ab1ac59e891e9a3c5e5eec04/static/out/vs/code/browser/workbench/workbench.js:37
[ 4031691ms] [ERROR] %c  ERR color: #f33 Error: Time limit reached
    at T2e.i (https://ai-lab.rice-business.org/test_student/stable-13ca0e47310505f4ab1ac59e891e9a3c5e5eec04/static/out/vs/code/browser/workbench/workbench.js:3665:29310)
    at T2e.h (https://ai-lab.rice-business.org/test_student/stable-13ca0e47310505f4ab1ac59e891e9a3c5e5eec04/static/out/vs/code/browser/workbench/workbench.js:3665:29292)
    at ufe.value (https://ai-lab.rice-business.org/test_student/stable-13ca0e47310505f4ab1ac59e891e9a3c5e5eec04/static/out/vs/code/browser/workbench/workbench.js:3665:29147)
    at L.C (https://ai-lab.rice-business.org/test_student/stable-13ca0e47310505f4ab1ac59e891e9a3c5e5eec04/static/out/vs/code/browser/workbench/workbench.js:29:2349)
    at L.fire (https://ai-lab.rice-business.org/test_student/stable-13ca0e47310505f4ab1ac59e891e9a3c5e5eec04/static/out/vs/code/browser/workbench/workbench.js:29:2568)
    at vfe.cancel (https://ai-lab.rice-business.org/test_student/stable-13ca0e47310505f4ab1ac59e891e9a3c5e5eec04/static/out/vs/code/browser/workbench/workbench.js:29:37897)
    at pt.cancel (https://ai-lab.rice-business.org/test_student/stable-13ca0e47310505f4ab1ac59e891e9a3c5e5eec04/static/out/vs/code/browser/workbench/workbench.js:29:38311)
    at ufe.value (https://ai-lab.rice-business.org/test_student/stable-13ca0e47310505f4ab1ac59e891e9a3c5e5eec04/static/out/vs/code/browser/workbench/workbench.js:3665:28888)
    at L.C (https://ai-lab.rice-business.org/test_student/stable-13ca0e47310505f4ab1ac59e891e9a3c5e5eec04/static/out/vs/code/browser/workbench/workbench.js:29:2349)
    at L.fire (https://ai-lab.rice-business.org/test_student/stable-13ca0e47310505f4ab1ac59e891e9a3c5e5eec04/static/out/vs/code/browser/workbench/workbench.js:29:2568)
    at vfe.cancel (https://ai-lab.rice-business.org/test_student/stable-13ca0e47310505f4ab1ac59e891e9a3c5e5eec04/static/out/vs/code/browser/workbench/workbench.js:29:37897)
    at pt.cancel (https://ai-lab.rice-business.org/test_student/stable-13ca0e47310505f4ab1ac59e891e9a3c5e5eec04/static/out/vs/code/browser/workbench/workbench.js:29:38311)
    at https://ai-lab.rice-business.org/test_student/stable-13ca0e47310505f4ab1ac59e891e9a3c5e5eec04/static/out/vs/code/browser/workbench/workbench.js:3665:28678 @ https://ai-lab.rice-business.org/test_student/stable-13ca0e47310505f4ab1ac59e891e9a3c5e5eec04/static/out/vs/code/browser/workbench/workbench.js:37
[ 4031691ms] [LOG] %c INFO color: #33f [remote-connection][ExtensionHost][4aceb…][reconnect] A network error occurred while trying to reconnect, will try again... @ https://ai-lab.rice-business.org/test_student/stable-13ca0e47310505f4ab1ac59e891e9a3c5e5eec04/static/out/vs/code/browser/workbench/workbench.js:37
[ 4031691ms] [LOG] %c INFO color: #33f [remote-connection][ExtensionHost][4aceb…][reconnect] waiting for 30 seconds before reconnecting... @ https://ai-lab.rice-business.org/test_student/stable-13ca0e47310505f4ab1ac59e891e9a3c5e5eec04/static/out/vs/code/browser/workbench/workbench.js:37
[ 4031985ms] [ERROR] %c  ERR color: #f33 [remote-connection][Management   ][f6d89…][reconnect][WebSocket(ai-lab.rice-business.org:443)] the handshake timed out. Error: @ https://ai-lab.rice-business.org/test_student/stable-13ca0e47310505f4ab1ac59e891e9a3c5e5eec04/static/out/vs/code/browser/workbench/workbench.js:37
[ 4031985ms] [ERROR] %c  ERR color: #f33 Error: Time limit reached
    at T2e.i (https://ai-lab.rice-business.org/test_student/stable-13ca0e47310505f4ab1ac59e891e9a3c5e5eec04/static/out/vs/code/browser/workbench/workbench.js:3665:29310)
    at T2e.h (https://ai-lab.rice-business.org/test_student/stable-13ca0e47310505f4ab1ac59e891e9a3c5e5eec04/static/out/vs/code/browser/workbench/workbench.js:3665:29292)
    at ufe.value (https://ai-lab.rice-business.org/test_student/stable-13ca0e47310505f4ab1ac59e891e9a3c5e5eec04/static/out/vs/code/browser/workbench/workbench.js:3665:29147)
    at L.C (https://ai-lab.rice-business.org/test_student/stable-13ca0e47310505f4ab1ac59e891e9a3c5e5eec04/static/out/vs/code/browser/workbench/workbench.js:29:2349)
    at L.fire (https://ai-lab.rice-business.org/test_student/stable-13ca0e47310505f4ab1ac59e891e9a3c5e5eec04/static/out/vs/code/browser/workbench/workbench.js:29:2568)
    at vfe.cancel (https://ai-lab.rice-business.org/test_student/stable-13ca0e47310505f4ab1ac59e891e9a3c5e5eec04/static/out/vs/code/browser/workbench/workbench.js:29:37897)
    at pt.cancel (https://ai-lab.rice-business.org/test_student/stable-13ca0e47310505f4ab1ac59e891e9a3c5e5eec04/static/out/vs/code/browser/workbench/workbench.js:29:38311)
    at ufe.value (https://ai-lab.rice-business.org/test_student/stable-13ca0e47310505f4ab1ac59e891e9a3c5e5eec04/static/out/vs/code/browser/workbench/workbench.js:3665:28888)
    at L.C (https://ai-lab.rice-business.org/test_student/stable-13ca0e47310505f4ab1ac59e891e9a3c5e5eec04/static/out/vs/code/browser/workbench/workbench.js:29:2349)
    at L.fire (https://ai-lab.rice-business.org/test_student/stable-13ca0e47310505f4ab1ac59e891e9a3c5e5eec04/static/out/vs/code/browser/workbench/workbench.js:29:2568)
    at vfe.cancel (https://ai-lab.rice-business.org/test_student/stable-13ca0e47310505f4ab1ac59e891e9a3c5e5eec04/static/out/vs/code/browser/workbench/workbench.js:29:37897)
    at pt.cancel (https://ai-lab.rice-business.org/test_student/stable-13ca0e47310505f4ab1ac59e891e9a3c5e5eec04/static/out/vs/code/browser/workbench/workbench.js:29:38311)
    at https://ai-lab.rice-business.org/test_student/stable-13ca0e47310505f4ab1ac59e891e9a3c5e5eec04/static/out/vs/code/browser/workbench/workbench.js:3665:28678 @ https://ai-lab.rice-business.org/test_student/stable-13ca0e47310505f4ab1ac59e891e9a3c5e5eec04/static/out/vs/code/browser/workbench/workbench.js:37
[ 4031985ms] [LOG] %c INFO color: #33f [remote-connection][Management   ][f6d89…][reconnect] A network error occurred while trying to reconnect, will try again... @ https://ai-lab.rice-business.org/test_student/stable-13ca0e47310505f4ab1ac59e891e9a3c5e5eec04/static/out/vs/code/browser/workbench/workbench.js:37
[ 4031985ms] [LOG] %c INFO color: #33f [remote-connection][Management   ][f6d89…][reconnect] waiting for 30 seconds before reconnecting... @ https://ai-lab.rice-business.org/test_student/stable-13ca0e47310505f4ab1ac59e891e9a3c5e5eec04/static/out/vs/code/browser/workbench/workbench.js:37
[ 4061702ms] [LOG] %c INFO color: #33f [remote-connection][ExtensionHost][4aceb…][reconnect] resolving connection... @ https://ai-lab.rice-business.org/test_student/stable-13ca0e47310505f4ab1ac59e891e9a3c5e5eec04/static/out/vs/code/browser/workbench/workbench.js:37
[ 4061703ms] [LOG] %c INFO color: #33f [remote-connection][ExtensionHost][4aceb…][reconnect] connecting to WebSocket(ai-lab.rice-business.org:443)... @ https://ai-lab.rice-business.org/test_student/stable-13ca0e47310505f4ab1ac59e891e9a3c5e5eec04/static/out/vs/code/browser/workbench/workbench.js:37
[ 4061703ms] [LOG] %c INFO color: #33f Creating a socket (renderer-ExtensionHost-4aceb238-020c-4daf-966a-5c687671a08c)... @ https://ai-lab.rice-business.org/test_student/stable-13ca0e47310505f4ab1ac59e891e9a3c5e5eec04/static/out/vs/code/browser/workbench/workbench.js:37
[ 4061998ms] [LOG] %c INFO color: #33f [remote-connection][Management   ][f6d89…][reconnect] resolving connection... @ https://ai-lab.rice-business.org/test_student/stable-13ca0e47310505f4ab1ac59e891e9a3c5e5eec04/static/out/vs/code/browser/workbench/workbench.js:37
[ 4061999ms] [LOG] %c INFO color: #33f [remote-connection][Management   ][f6d89…][reconnect] connecting to WebSocket(ai-lab.rice-business.org:443)... @ https://ai-lab.rice-business.org/test_student/stable-13ca0e47310505f4ab1ac59e891e9a3c5e5eec04/static/out/vs/code/browser/workbench/workbench.js:37
[ 4061999ms] [LOG] %c INFO color: #33f Creating a socket (renderer-Management-f6d89eb6-b512-45c4-bb6b-0b768dcac8ec)... @ https://ai-lab.rice-business.org/test_student/stable-13ca0e47310505f4ab1ac59e891e9a3c5e5eec04/static/out/vs/code/browser/workbench/workbench.js:37
[ 4062117ms] [LOG] %c INFO color: #33f Creating a socket (renderer-ExtensionHost-4aceb238-020c-4daf-966a-5c687671a08c) was successful after 415 ms. @ https://ai-lab.rice-business.org/test_student/stable-13ca0e47310505f4ab1ac59e891e9a3c5e5eec04/static/out/vs/code/browser/workbench/workbench.js:37
[ 4062562ms] [LOG] %c INFO color: #33f Creating a socket (renderer-Management-f6d89eb6-b512-45c4-bb6b-0b768dcac8ec) was successful after 562 ms. @ https://ai-lab.rice-business.org/test_student/stable-13ca0e47310505f4ab1ac59e891e9a3c5e5eec04/static/out/vs/code/browser/workbench/workbench.js:37
[ 4072123ms] [ERROR] %c  ERR color: #f33 [remote-connection][ExtensionHost][4aceb…][reconnect][WebSocket(ai-lab.rice-business.org:443)] the handshake timed out. Error: @ https://ai-lab.rice-business.org/test_student/stable-13ca0e47310505f4ab1ac59e891e9a3c5e5eec04/static/out/vs/code/browser/workbench/workbench.js:37
[ 4072123ms] [ERROR] %c  ERR color: #f33 Error: Time limit reached
    at T2e.i (https://ai-lab.rice-business.org/test_student/stable-13ca0e47310505f4ab1ac59e891e9a3c5e5eec04/static/out/vs/code/browser/workbench/workbench.js:3665:29310)
    at T2e.h (https://ai-lab.rice-business.org/test_student/stable-13ca0e47310505f4ab1ac59e891e9a3c5e5eec04/static/out/vs/code/browser/workbench/workbench.js:3665:29292)
    at ufe.value (https://ai-lab.rice-business.org/test_student/stable-13ca0e47310505f4ab1ac59e891e9a3c5e5eec04/static/out/vs/code/browser/workbench/workbench.js:3665:29147)
    at L.C (https://ai-lab.rice-business.org/test_student/stable-13ca0e47310505f4ab1ac59e891e9a3c5e5eec04/static/out/vs/code/browser/workbench/workbench.js:29:2349)
    at L.fire (https://ai-lab.rice-business.org/test_student/stable-13ca0e47310505f4ab1ac59e891e9a3c5e5eec04/static/out/vs/code/browser/workbench/workbench.js:29:2568)
    at vfe.cancel (https://ai-lab.rice-business.org/test_student/stable-13ca0e47310505f4ab1ac59e891e9a3c5e5eec04/static/out/vs/code/browser/workbench/workbench.js:29:37897)
    at pt.cancel (https://ai-lab.rice-business.org/test_student/stable-13ca0e47310505f4ab1ac59e891e9a3c5e5eec04/static/out/vs/code/browser/workbench/workbench.js:29:38311)
    at ufe.value (https://ai-lab.rice-business.org/test_student/stable-13ca0e47310505f4ab1ac59e891e9a3c5e5eec04/static/out/vs/code/browser/workbench/workbench.js:3665:28888)
    at L.C (https://ai-lab.rice-business.org/test_student/stable-13ca0e47310505f4ab1ac59e891e9a3c5e5eec04/static/out/vs/code/browser/workbench/workbench.js:29:2349)
    at L.fire (https://ai-lab.rice-business.org/test_student/stable-13ca0e47310505f4ab1ac59e891e9a3c5e5eec04/static/out/vs/code/browser/workbench/workbench.js:29:2568)
    at vfe.cancel (https://ai-lab.rice-business.org/test_student/stable-13ca0e47310505f4ab1ac59e891e9a3c5e5eec04/static/out/vs/code/browser/workbench/workbench.js:29:37897)
    at pt.cancel (https://ai-lab.rice-business.org/test_student/stable-13ca0e47310505f4ab1ac59e891e9a3c5e5eec04/static/out/vs/code/browser/workbench/workbench.js:29:38311)
    at https://ai-lab.rice-business.org/test_student/stable-13ca0e47310505f4ab1ac59e891e9a3c5e5eec04/static/out/vs/code/browser/workbench/workbench.js:3665:28678 @ https://ai-lab.rice-business.org/test_student/stable-13ca0e47310505f4ab1ac59e891e9a3c5e5eec04/static/out/vs/code/browser/workbench/workbench.js:37
[ 4072123ms] [LOG] %c INFO color: #33f [remote-connection][ExtensionHost][4aceb…][reconnect] A network error occurred while trying to reconnect, will try again... @ https://ai-lab.rice-business.org/test_student/stable-13ca0e47310505f4ab1ac59e891e9a3c5e5eec04/static/out/vs/code/browser/workbench/workbench.js:37
[ 4072123ms] [LOG] %c INFO color: #33f [remote-connection][ExtensionHost][4aceb…][reconnect] waiting for 30 seconds before reconnecting... @ https://ai-lab.rice-business.org/test_student/stable-13ca0e47310505f4ab1ac59e891e9a3c5e5eec04/static/out/vs/code/browser/workbench/workbench.js:37
[ 4072571ms] [ERROR] %c  ERR color: #f33 [remote-connection][Management   ][f6d89…][reconnect][WebSocket(ai-lab.rice-business.org:443)] the handshake timed out. Error: @ https://ai-lab.rice-business.org/test_student/stable-13ca0e47310505f4ab1ac59e891e9a3c5e5eec04/static/out/vs/code/browser/workbench/workbench.js:37
[ 4072571ms] [ERROR] %c  ERR color: #f33 Error: Time limit reached
    at T2e.i (https://ai-lab.rice-business.org/test_student/stable-13ca0e47310505f4ab1ac59e891e9a3c5e5eec04/static/out/vs/code/browser/workbench/workbench.js:3665:29310)
    at T2e.h (https://ai-lab.rice-business.org/test_student/stable-13ca0e47310505f4ab1ac59e891e9a3c5e5eec04/static/out/vs/code/browser/workbench/workbench.js:3665:29292)
    at ufe.value (https://ai-lab.rice-business.org/test_student/stable-13ca0e47310505f4ab1ac59e891e9a3c5e5eec04/static/out/vs/code/browser/workbench/workbench.js:3665:29147)
    at L.C (https://ai-lab.rice-business.org/test_student/stable-13ca0e47310505f4ab1ac59e891e9a3c5e5eec04/static/out/vs/code/browser/workbench/workbench.js:29:2349)
    at L.fire (https://ai-lab.rice-business.org/test_student/stable-13ca0e47310505f4ab1ac59e891e9a3c5e5eec04/static/out/vs/code/browser/workbench/workbench.js:29:2568)
    at vfe.cancel (https://ai-lab.rice-business.org/test_student/stable-13ca0e47310505f4ab1ac59e891e9a3c5e5eec04/static/out/vs/code/browser/workbench/workbench.js:29:37897)
    at pt.cancel (https://ai-lab.rice-business.org/test_student/stable-13ca0e47310505f4ab1ac59e891e9a3c5e5eec04/static/out/vs/code/browser/workbench/workbench.js:29:38311)
    at ufe.value (https://ai-lab.rice-business.org/test_student/stable-13ca0e47310505f4ab1ac59e891e9a3c5e5eec04/static/out/vs/code/browser/workbench/workbench.js:3665:28888)
    at L.C (https://ai-lab.rice-business.org/test_student/stable-13ca0e47310505f4ab1ac59e891e9a3c5e5eec04/static/out/vs/code/browser/workbench/workbench.js:29:2349)
    at L.fire (https://ai-lab.rice-business.org/test_student/stable-13ca0e47310505f4ab1ac59e891e9a3c5e5eec04/static/out/vs/code/browser/workbench/workbench.js:29:2568)
    at vfe.cancel (https://ai-lab.rice-business.org/test_student/stable-13ca0e47310505f4ab1ac59e891e9a3c5e5eec04/static/out/vs/code/browser/workbench/workbench.js:29:37897)
    at pt.cancel (https://ai-lab.rice-business.org/test_student/stable-13ca0e47310505f4ab1ac59e891e9a3c5e5eec04/static/out/vs/code/browser/workbench/workbench.js:29:38311)
    at https://ai-lab.rice-business.org/test_student/stable-13ca0e47310505f4ab1ac59e891e9a3c5e5eec04/static/out/vs/code/browser/workbench/workbench.js:3665:28678 @ https://ai-lab.rice-business.org/test_student/stable-13ca0e47310505f4ab1ac59e891e9a3c5e5eec04/static/out/vs/code/browser/workbench/workbench.js:37
[ 4072571ms] [LOG] %c INFO color: #33f [remote-connection][Management   ][f6d89…][reconnect] A network error occurred while trying to reconnect, will try again... @ https://ai-lab.rice-business.org/test_student/stable-13ca0e47310505f4ab1ac59e891e9a3c5e5eec04/static/out/vs/code/browser/workbench/workbench.js:37
[ 4072572ms] [LOG] %c INFO color: #33f [remote-connection][Management   ][f6d89…][reconnect] waiting for 30 seconds before reconnecting... @ https://ai-lab.rice-business.org/test_student/stable-13ca0e47310505f4ab1ac59e891e9a3c5e5eec04/static/out/vs/code/browser/workbench/workbench.js:37
[ 4102134ms] [LOG] %c INFO color: #33f [remote-connection][ExtensionHost][4aceb…][reconnect] resolving connection... @ https://ai-lab.rice-business.org/test_student/stable-13ca0e47310505f4ab1ac59e891e9a3c5e5eec04/static/out/vs/code/browser/workbench/workbench.js:37
[ 4102134ms] [LOG] %c INFO color: #33f [remote-connection][ExtensionHost][4aceb…][reconnect] connecting to WebSocket(ai-lab.rice-business.org:443)... @ https://ai-lab.rice-business.org/test_student/stable-13ca0e47310505f4ab1ac59e891e9a3c5e5eec04/static/out/vs/code/browser/workbench/workbench.js:37
[ 4102134ms] [LOG] %c INFO color: #33f Creating a socket (renderer-ExtensionHost-4aceb238-020c-4daf-966a-5c687671a08c)... @ https://ai-lab.rice-business.org/test_student/stable-13ca0e47310505f4ab1ac59e891e9a3c5e5eec04/static/out/vs/code/browser/workbench/workbench.js:37
[ 4102280ms] [LOG] %c INFO color: #33f Creating a socket (renderer-ExtensionHost-4aceb238-020c-4daf-966a-5c687671a08c) was successful after 147 ms. @ https://ai-lab.rice-business.org/test_student/stable-13ca0e47310505f4ab1ac59e891e9a3c5e5eec04/static/out/vs/code/browser/workbench/workbench.js:37
[ 4102580ms] [LOG] %c INFO color: #33f [remote-connection][Management   ][f6d89…][reconnect] resolving connection... @ https://ai-lab.rice-business.org/test_student/stable-13ca0e47310505f4ab1ac59e891e9a3c5e5eec04/static/out/vs/code/browser/workbench/workbench.js:37
[ 4102581ms] [LOG] %c INFO color: #33f [remote-connection][Management   ][f6d89…][reconnect] connecting to WebSocket(ai-lab.rice-business.org:443)... @ https://ai-lab.rice-business.org/test_student/stable-13ca0e47310505f4ab1ac59e891e9a3c5e5eec04/static/out/vs/code/browser/workbench/workbench.js:37
[ 4102581ms] [LOG] %c INFO color: #33f Creating a socket (renderer-Management-f6d89eb6-b512-45c4-bb6b-0b768dcac8ec)... @ https://ai-lab.rice-business.org/test_student/stable-13ca0e47310505f4ab1ac59e891e9a3c5e5eec04/static/out/vs/code/browser/workbench/workbench.js:37
[ 4102786ms] [LOG] %c INFO color: #33f Creating a socket (renderer-Management-f6d89eb6-b512-45c4-bb6b-0b768dcac8ec) was successful after 204 ms. @ https://ai-lab.rice-business.org/test_student/stable-13ca0e47310505f4ab1ac59e891e9a3c5e5eec04/static/out/vs/code/browser/workbench/workbench.js:37
[ 4112282ms] [ERROR] %c  ERR color: #f33 [remote-connection][ExtensionHost][4aceb…][reconnect][WebSocket(ai-lab.rice-business.org:443)] the handshake timed out. Error: @ https://ai-lab.rice-business.org/test_student/stable-13ca0e47310505f4ab1ac59e891e9a3c5e5eec04/static/out/vs/code/browser/workbench/workbench.js:37
[ 4112282ms] [ERROR] %c  ERR color: #f33 Error: Time limit reached
    at T2e.i (https://ai-lab.rice-business.org/test_student/stable-13ca0e47310505f4ab1ac59e891e9a3c5e5eec04/static/out/vs/code/browser/workbench/workbench.js:3665:29310)
    at T2e.h (https://ai-lab.rice-business.org/test_student/stable-13ca0e47310505f4ab1ac59e891e9a3c5e5eec04/static/out/vs/code/browser/workbench/workbench.js:3665:29292)
    at ufe.value (https://ai-lab.rice-business.org/test_student/stable-13ca0e47310505f4ab1ac59e891e9a3c5e5eec04/static/out/vs/code/browser/workbench/workbench.js:3665:29147)
    at L.C (https://ai-lab.rice-business.org/test_student/stable-13ca0e47310505f4ab1ac59e891e9a3c5e5eec04/static/out/vs/code/browser/workbench/workbench.js:29:2349)
    at L.fire (https://ai-lab.rice-business.org/test_student/stable-13ca0e47310505f4ab1ac59e891e9a3c5e5eec04/static/out/vs/code/browser/workbench/workbench.js:29:2568)
    at vfe.cancel (https://ai-lab.rice-business.org/test_student/stable-13ca0e47310505f4ab1ac59e891e9a3c5e5eec04/static/out/vs/code/browser/workbench/workbench.js:29:37897)
    at pt.cancel (https://ai-lab.rice-business.org/test_student/stable-13ca0e47310505f4ab1ac59e891e9a3c5e5eec04/static/out/vs/code/browser/workbench/workbench.js:29:38311)
    at ufe.value (https://ai-lab.rice-business.org/test_student/stable-13ca0e47310505f4ab1ac59e891e9a3c5e5eec04/static/out/vs/code/browser/workbench/workbench.js:3665:28888)
    at L.C (https://ai-lab.rice-business.org/test_student/stable-13ca0e47310505f4ab1ac59e891e9a3c5e5eec04/static/out/vs/code/browser/workbench/workbench.js:29:2349)
    at L.fire (https://ai-lab.rice-business.org/test_student/stable-13ca0e47310505f4ab1ac59e891e9a3c5e5eec04/static/out/vs/code/browser/workbench/workbench.js:29:2568)
    at vfe.cancel (https://ai-lab.rice-business.org/test_student/stable-13ca0e47310505f4ab1ac59e891e9a3c5e5eec04/static/out/vs/code/browser/workbench/workbench.js:29:37897)
    at pt.cancel (https://ai-lab.rice-business.org/test_student/stable-13ca0e47310505f4ab1ac59e891e9a3c5e5eec04/static/out/vs/code/browser/workbench/workbench.js:29:38311)
    at https://ai-lab.rice-business.org/test_student/stable-13ca0e47310505f4ab1ac59e891e9a3c5e5eec04/static/out/vs/code/browser/workbench/workbench.js:3665:28678 @ https://ai-lab.rice-business.org/test_student/stable-13ca0e47310505f4ab1ac59e891e9a3c5e5eec04/static/out/vs/code/browser/workbench/workbench.js:37
[ 4112282ms] [LOG] %c INFO color: #33f [remote-connection][ExtensionHost][4aceb…][reconnect] A network error occurred while trying to reconnect, will try again... @ https://ai-lab.rice-business.org/test_student/stable-13ca0e47310505f4ab1ac59e891e9a3c5e5eec04/static/out/vs/code/browser/workbench/workbench.js:37
[ 4112282ms] [LOG] %c INFO color: #33f [remote-connection][ExtensionHost][4aceb…][reconnect] waiting for 30 seconds before reconnecting... @ https://ai-lab.rice-business.org/test_student/stable-13ca0e47310505f4ab1ac59e891e9a3c5e5eec04/static/out/vs/code/browser/workbench/workbench.js:37
[ 4112795ms] [ERROR] %c  ERR color: #f33 [remote-connection][Management   ][f6d89…][reconnect][WebSocket(ai-lab.rice-business.org:443)] the handshake timed out. Error: @ https://ai-lab.rice-business.org/test_student/stable-13ca0e47310505f4ab1ac59e891e9a3c5e5eec04/static/out/vs/code/browser/workbench/workbench.js:37
[ 4112796ms] [ERROR] %c  ERR color: #f33 Error: Time limit reached
    at T2e.i (https://ai-lab.rice-business.org/test_student/stable-13ca0e47310505f4ab1ac59e891e9a3c5e5eec04/static/out/vs/code/browser/workbench/workbench.js:3665:29310)
    at T2e.h (https://ai-lab.rice-business.org/test_student/stable-13ca0e47310505f4ab1ac59e891e9a3c5e5eec04/static/out/vs/code/browser/workbench/workbench.js:3665:29292)
    at ufe.value (https://ai-lab.rice-business.org/test_student/stable-13ca0e47310505f4ab1ac59e891e9a3c5e5eec04/static/out/vs/code/browser/workbench/workbench.js:3665:29147)
    at L.C (https://ai-lab.rice-business.org/test_student/stable-13ca0e47310505f4ab1ac59e891e9a3c5e5eec04/static/out/vs/code/browser/workbench/workbench.js:29:2349)
    at L.fire (https://ai-lab.rice-business.org/test_student/stable-13ca0e47310505f4ab1ac59e891e9a3c5e5eec04/static/out/vs/code/browser/workbench/workbench.js:29:2568)
    at vfe.cancel (https://ai-lab.rice-business.org/test_student/stable-13ca0e47310505f4ab1ac59e891e9a3c5e5eec04/static/out/vs/code/browser/workbench/workbench.js:29:37897)
    at pt.cancel (https://ai-lab.rice-business.org/test_student/stable-13ca0e47310505f4ab1ac59e891e9a3c5e5eec04/static/out/vs/code/browser/workbench/workbench.js:29:38311)
    at ufe.value (https://ai-lab.rice-business.org/test_student/stable-13ca0e47310505f4ab1ac59e891e9a3c5e5eec04/static/out/vs/code/browser/workbench/workbench.js:3665:28888)
    at L.C (https://ai-lab.rice-business.org/test_student/stable-13ca0e47310505f4ab1ac59e891e9a3c5e5eec04/static/out/vs/code/browser/workbench/workbench.js:29:2349)
    at L.fire (https://ai-lab.rice-business.org/test_student/stable-13ca0e47310505f4ab1ac59e891e9a3c5e5eec04/static/out/vs/code/browser/workbench/workbench.js:29:2568)
    at vfe.cancel (https://ai-lab.rice-business.org/test_student/stable-13ca0e47310505f4ab1ac59e891e9a3c5e5eec04/static/out/vs/code/browser/workbench/workbench.js:29:37897)
    at pt.cancel (https://ai-lab.rice-business.org/test_student/stable-13ca0e47310505f4ab1ac59e891e9a3c5e5eec04/static/out/vs/code/browser/workbench/workbench.js:29:38311)
    at https://ai-lab.rice-business.org/test_student/stable-13ca0e47310505f4ab1ac59e891e9a3c5e5eec04/static/out/vs/code/browser/workbench/workbench.js:3665:28678 @ https://ai-lab.rice-business.org/test_student/stable-13ca0e47310505f4ab1ac59e891e9a3c5e5eec04/static/out/vs/code/browser/workbench/workbench.js:37
[ 4112796ms] [LOG] %c INFO color: #33f [remote-connection][Management   ][f6d89…][reconnect] A network error occurred while trying to reconnect, will try again... @ https://ai-lab.rice-business.org/test_student/stable-13ca0e47310505f4ab1ac59e891e9a3c5e5eec04/static/out/vs/code/browser/workbench/workbench.js:37
[ 4112799ms] [LOG] %c INFO color: #33f [remote-connection][Management   ][f6d89…][reconnect] waiting for 30 seconds before reconnecting... @ https://ai-lab.rice-business.org/test_student/stable-13ca0e47310505f4ab1ac59e891e9a3c5e5eec04/static/out/vs/code/browser/workbench/workbench.js:37
[ 4142293ms] [LOG] %c INFO color: #33f [remote-connection][ExtensionHost][4aceb…][reconnect] resolving connection... @ https://ai-lab.rice-business.org/test_student/stable-13ca0e47310505f4ab1ac59e891e9a3c5e5eec04/static/out/vs/code/browser/workbench/workbench.js:37
[ 4142293ms] [LOG] %c INFO color: #33f [remote-connection][ExtensionHost][4aceb…][reconnect] connecting to WebSocket(ai-lab.rice-business.org:443)... @ https://ai-lab.rice-business.org/test_student/stable-13ca0e47310505f4ab1ac59e891e9a3c5e5eec04/static/out/vs/code/browser/workbench/workbench.js:37
[ 4142293ms] [LOG] %c INFO color: #33f Creating a socket (renderer-ExtensionHost-4aceb238-020c-4daf-966a-5c687671a08c)... @ https://ai-lab.rice-business.org/test_student/stable-13ca0e47310505f4ab1ac59e891e9a3c5e5eec04/static/out/vs/code/browser/workbench/workbench.js:37
[ 4142459ms] [LOG] %c INFO color: #33f Creating a socket (renderer-ExtensionHost-4aceb238-020c-4daf-966a-5c687671a08c) was successful after 165 ms. @ https://ai-lab.rice-business.org/test_student/stable-13ca0e47310505f4ab1ac59e891e9a3c5e5eec04/static/out/vs/code/browser/workbench/workbench.js:37
[ 4142806ms] [LOG] %c INFO color: #33f [remote-connection][Management   ][f6d89…][reconnect] resolving connection... @ https://ai-lab.rice-business.org/test_student/stable-13ca0e47310505f4ab1ac59e891e9a3c5e5eec04/static/out/vs/code/browser/workbench/workbench.js:37
[ 4142807ms] [LOG] %c INFO color: #33f [remote-connection][Management   ][f6d89…][reconnect] connecting to WebSocket(ai-lab.rice-business.org:443)... @ https://ai-lab.rice-business.org/test_student/stable-13ca0e47310505f4ab1ac59e891e9a3c5e5eec04/static/out/vs/code/browser/workbench/workbench.js:37
[ 4142807ms] [LOG] %c INFO color: #33f Creating a socket (renderer-Management-f6d89eb6-b512-45c4-bb6b-0b768dcac8ec)... @ https://ai-lab.rice-business.org/test_student/stable-13ca0e47310505f4ab1ac59e891e9a3c5e5eec04/static/out/vs/code/browser/workbench/workbench.js:37
[ 4142960ms] [LOG] %c INFO color: #33f Creating a socket (renderer-Management-f6d89eb6-b512-45c4-bb6b-0b768dcac8ec) was successful after 154 ms. @ https://ai-lab.rice-business.org/test_student/stable-13ca0e47310505f4ab1ac59e891e9a3c5e5eec04/static/out/vs/code/browser/workbench/workbench.js:37
[ 4152467ms] [ERROR] %c  ERR color: #f33 [remote-connection][ExtensionHost][4aceb…][reconnect][WebSocket(ai-lab.rice-business.org:443)] the handshake timed out. Error: @ https://ai-lab.rice-business.org/test_student/stable-13ca0e47310505f4ab1ac59e891e9a3c5e5eec04/static/out/vs/code/browser/workbench/workbench.js:37
[ 4152467ms] [ERROR] %c  ERR color: #f33 Error: Time limit reached
    at T2e.i (https://ai-lab.rice-business.org/test_student/stable-13ca0e47310505f4ab1ac59e891e9a3c5e5eec04/static/out/vs/code/browser/workbench/workbench.js:3665:29310)
    at T2e.h (https://ai-lab.rice-business.org/test_student/stable-13ca0e47310505f4ab1ac59e891e9a3c5e5eec04/static/out/vs/code/browser/workbench/workbench.js:3665:29292)
    at ufe.value (https://ai-lab.rice-business.org/test_student/stable-13ca0e47310505f4ab1ac59e891e9a3c5e5eec04/static/out/vs/code/browser/workbench/workbench.js:3665:29147)
    at L.C (https://ai-lab.rice-business.org/test_student/stable-13ca0e47310505f4ab1ac59e891e9a3c5e5eec04/static/out/vs/code/browser/workbench/workbench.js:29:2349)
    at L.fire (https://ai-lab.rice-business.org/test_student/stable-13ca0e47310505f4ab1ac59e891e9a3c5e5eec04/static/out/vs/code/browser/workbench/workbench.js:29:2568)
    at vfe.cancel (https://ai-lab.rice-business.org/test_student/stable-13ca0e47310505f4ab1ac59e891e9a3c5e5eec04/static/out/vs/code/browser/workbench/workbench.js:29:37897)
    at pt.cancel (https://ai-lab.rice-business.org/test_student/stable-13ca0e47310505f4ab1ac59e891e9a3c5e5eec04/static/out/vs/code/browser/workbench/workbench.js:29:38311)
    at ufe.value (https://ai-lab.rice-business.org/test_student/stable-13ca0e47310505f4ab1ac59e891e9a3c5e5eec04/static/out/vs/code/browser/workbench/workbench.js:3665:28888)
    at L.C (https://ai-lab.rice-business.org/test_student/stable-13ca0e47310505f4ab1ac59e891e9a3c5e5eec04/static/out/vs/code/browser/workbench/workbench.js:29:2349)
    at L.fire (https://ai-lab.rice-business.org/test_student/stable-13ca0e47310505f4ab1ac59e891e9a3c5e5eec04/static/out/vs/code/browser/workbench/workbench.js:29:2568)
    at vfe.cancel (https://ai-lab.rice-business.org/test_student/stable-13ca0e47310505f4ab1ac59e891e9a3c5e5eec04/static/out/vs/code/browser/workbench/workbench.js:29:37897)
    at pt.cancel (https://ai-lab.rice-business.org/test_student/stable-13ca0e47310505f4ab1ac59e891e9a3c5e5eec04/static/out/vs/code/browser/workbench/workbench.js:29:38311)
    at https://ai-lab.rice-business.org/test_student/stable-13ca0e47310505f4ab1ac59e891e9a3c5e5eec04/static/out/vs/code/browser/workbench/workbench.js:3665:28678 @ https://ai-lab.rice-business.org/test_student/stable-13ca0e47310505f4ab1ac59e891e9a3c5e5eec04/static/out/vs/code/browser/workbench/workbench.js:37
[ 4152467ms] [LOG] %c INFO color: #33f [remote-connection][ExtensionHost][4aceb…][reconnect] A network error occurred while trying to reconnect, will try again... @ https://ai-lab.rice-business.org/test_student/stable-13ca0e47310505f4ab1ac59e891e9a3c5e5eec04/static/out/vs/code/browser/workbench/workbench.js:37
[ 4152468ms] [LOG] %c INFO color: #33f [remote-connection][ExtensionHost][4aceb…][reconnect] waiting for 30 seconds before reconnecting... @ https://ai-lab.rice-business.org/test_student/stable-13ca0e47310505f4ab1ac59e891e9a3c5e5eec04/static/out/vs/code/browser/workbench/workbench.js:37
[ 4152961ms] [ERROR] %c  ERR color: #f33 [remote-connection][Management   ][f6d89…][reconnect][WebSocket(ai-lab.rice-business.org:443)] the handshake timed out. Error: @ https://ai-lab.rice-business.org/test_student/stable-13ca0e47310505f4ab1ac59e891e9a3c5e5eec04/static/out/vs/code/browser/workbench/workbench.js:37
[ 4152962ms] [ERROR] %c  ERR color: #f33 Error: Time limit reached
    at T2e.i (https://ai-lab.rice-business.org/test_student/stable-13ca0e47310505f4ab1ac59e891e9a3c5e5eec04/static/out/vs/code/browser/workbench/workbench.js:3665:29310)
    at T2e.h (https://ai-lab.rice-business.org/test_student/stable-13ca0e47310505f4ab1ac59e891e9a3c5e5eec04/static/out/vs/code/browser/workbench/workbench.js:3665:29292)
    at ufe.value (https://ai-lab.rice-business.org/test_student/stable-13ca0e47310505f4ab1ac59e891e9a3c5e5eec04/static/out/vs/code/browser/workbench/workbench.js:3665:29147)
    at L.C (https://ai-lab.rice-business.org/test_student/stable-13ca0e47310505f4ab1ac59e891e9a3c5e5eec04/static/out/vs/code/browser/workbench/workbench.js:29:2349)
    at L.fire (https://ai-lab.rice-business.org/test_student/stable-13ca0e47310505f4ab1ac59e891e9a3c5e5eec04/static/out/vs/code/browser/workbench/workbench.js:29:2568)
    at vfe.cancel (https://ai-lab.rice-business.org/test_student/stable-13ca0e47310505f4ab1ac59e891e9a3c5e5eec04/static/out/vs/code/browser/workbench/workbench.js:29:37897)
    at pt.cancel (https://ai-lab.rice-business.org/test_student/stable-13ca0e47310505f4ab1ac59e891e9a3c5e5eec04/static/out/vs/code/browser/workbench/workbench.js:29:38311)
    at ufe.value (https://ai-lab.rice-business.org/test_student/stable-13ca0e47310505f4ab1ac59e891e9a3c5e5eec04/static/out/vs/code/browser/workbench/workbench.js:3665:28888)
    at L.C (https://ai-lab.rice-business.org/test_student/stable-13ca0e47310505f4ab1ac59e891e9a3c5e5eec04/static/out/vs/code/browser/workbench/workbench.js:29:2349)
    at L.fire (https://ai-lab.rice-business.org/test_student/stable-13ca0e47310505f4ab1ac59e891e9a3c5e5eec04/static/out/vs/code/browser/workbench/workbench.js:29:2568)
    at vfe.cancel (https://ai-lab.rice-business.org/test_student/stable-13ca0e47310505f4ab1ac59e891e9a3c5e5eec04/static/out/vs/code/browser/workbench/workbench.js:29:37897)
    at pt.cancel (https://ai-lab.rice-business.org/test_student/stable-13ca0e47310505f4ab1ac59e891e9a3c5e5eec04/static/out/vs/code/browser/workbench/workbench.js:29:38311)
    at https://ai-lab.rice-business.org/test_student/stable-13ca0e47310505f4ab1ac59e891e9a3c5e5eec04/static/out/vs/code/browser/workbench/workbench.js:3665:28678 @ https://ai-lab.rice-business.org/test_student/stable-13ca0e47310505f4ab1ac59e891e9a3c5e5eec04/static/out/vs/code/browser/workbench/workbench.js:37
[ 4152962ms] [LOG] %c INFO color: #33f [remote-connection][Management   ][f6d89…][reconnect] A network error occurred while trying to reconnect, will try again... @ https://ai-lab.rice-business.org/test_student/stable-13ca0e47310505f4ab1ac59e891e9a3c5e5eec04/static/out/vs/code/browser/workbench/workbench.js:37
[ 4152962ms] [LOG] %c INFO color: #33f [remote-connection][Management   ][f6d89…][reconnect] waiting for 30 seconds before reconnecting... @ https://ai-lab.rice-business.org/test_student/stable-13ca0e47310505f4ab1ac59e891e9a3c5e5eec04/static/out/vs/code/browser/workbench/workbench.js:37
[ 4182481ms] [LOG] %c INFO color: #33f [remote-connection][ExtensionHost][4aceb…][reconnect] resolving connection... @ https://ai-lab.rice-business.org/test_student/stable-13ca0e47310505f4ab1ac59e891e9a3c5e5eec04/static/out/vs/code/browser/workbench/workbench.js:37
[ 4182481ms] [LOG] %c INFO color: #33f [remote-connection][ExtensionHost][4aceb…][reconnect] connecting to WebSocket(ai-lab.rice-business.org:443)... @ https://ai-lab.rice-business.org/test_student/stable-13ca0e47310505f4ab1ac59e891e9a3c5e5eec04/static/out/vs/code/browser/workbench/workbench.js:37
[ 4182481ms] [LOG] %c INFO color: #33f Creating a socket (renderer-ExtensionHost-4aceb238-020c-4daf-966a-5c687671a08c)... @ https://ai-lab.rice-business.org/test_student/stable-13ca0e47310505f4ab1ac59e891e9a3c5e5eec04/static/out/vs/code/browser/workbench/workbench.js:37
[ 4182676ms] [LOG] %c INFO color: #33f Creating a socket (renderer-ExtensionHost-4aceb238-020c-4daf-966a-5c687671a08c) was successful after 194 ms. @ https://ai-lab.rice-business.org/test_student/stable-13ca0e47310505f4ab1ac59e891e9a3c5e5eec04/static/out/vs/code/browser/workbench/workbench.js:37
[ 4182965ms] [LOG] %c INFO color: #33f [remote-connection][Management   ][f6d89…][reconnect] resolving connection... @ https://ai-lab.rice-business.org/test_student/stable-13ca0e47310505f4ab1ac59e891e9a3c5e5eec04/static/out/vs/code/browser/workbench/workbench.js:37
[ 4182966ms] [LOG] %c INFO color: #33f [remote-connection][Management   ][f6d89…][reconnect] connecting to WebSocket(ai-lab.rice-business.org:443)... @ https://ai-lab.rice-business.org/test_student/stable-13ca0e47310505f4ab1ac59e891e9a3c5e5eec04/static/out/vs/code/browser/workbench/workbench.js:37
[ 4182966ms] [LOG] %c INFO color: #33f Creating a socket (renderer-Management-f6d89eb6-b512-45c4-bb6b-0b768dcac8ec)... @ https://ai-lab.rice-business.org/test_student/stable-13ca0e47310505f4ab1ac59e891e9a3c5e5eec04/static/out/vs/code/browser/workbench/workbench.js:37
[ 4183229ms] [LOG] %c INFO color: #33f Creating a socket (renderer-Management-f6d89eb6-b512-45c4-bb6b-0b768dcac8ec) was successful after 263 ms. @ https://ai-lab.rice-business.org/test_student/stable-13ca0e47310505f4ab1ac59e891e9a3c5e5eec04/static/out/vs/code/browser/workbench/workbench.js:37
[ 4192683ms] [ERROR] %c  ERR color: #f33 [remote-connection][ExtensionHost][4aceb…][reconnect][WebSocket(ai-lab.rice-business.org:443)] the handshake timed out. Error: @ https://ai-lab.rice-business.org/test_student/stable-13ca0e47310505f4ab1ac59e891e9a3c5e5eec04/static/out/vs/code/browser/workbench/workbench.js:37
[ 4192683ms] [ERROR] %c  ERR color: #f33 Error: Time limit reached
    at T2e.i (https://ai-lab.rice-business.org/test_student/stable-13ca0e47310505f4ab1ac59e891e9a3c5e5eec04/static/out/vs/code/browser/workbench/workbench.js:3665:29310)
    at T2e.h (https://ai-lab.rice-business.org/test_student/stable-13ca0e47310505f4ab1ac59e891e9a3c5e5eec04/static/out/vs/code/browser/workbench/workbench.js:3665:29292)
    at ufe.value (https://ai-lab.rice-business.org/test_student/stable-13ca0e47310505f4ab1ac59e891e9a3c5e5eec04/static/out/vs/code/browser/workbench/workbench.js:3665:29147)
    at L.C (https://ai-lab.rice-business.org/test_student/stable-13ca0e47310505f4ab1ac59e891e9a3c5e5eec04/static/out/vs/code/browser/workbench/workbench.js:29:2349)
    at L.fire (https://ai-lab.rice-business.org/test_student/stable-13ca0e47310505f4ab1ac59e891e9a3c5e5eec04/static/out/vs/code/browser/workbench/workbench.js:29:2568)
    at vfe.cancel (https://ai-lab.rice-business.org/test_student/stable-13ca0e47310505f4ab1ac59e891e9a3c5e5eec04/static/out/vs/code/browser/workbench/workbench.js:29:37897)
    at pt.cancel (https://ai-lab.rice-business.org/test_student/stable-13ca0e47310505f4ab1ac59e891e9a3c5e5eec04/static/out/vs/code/browser/workbench/workbench.js:29:38311)
    at ufe.value (https://ai-lab.rice-business.org/test_student/stable-13ca0e47310505f4ab1ac59e891e9a3c5e5eec04/static/out/vs/code/browser/workbench/workbench.js:3665:28888)
    at L.C (https://ai-lab.rice-business.org/test_student/stable-13ca0e47310505f4ab1ac59e891e9a3c5e5eec04/static/out/vs/code/browser/workbench/workbench.js:29:2349)
    at L.fire (https://ai-lab.rice-business.org/test_student/stable-13ca0e47310505f4ab1ac59e891e9a3c5e5eec04/static/out/vs/code/browser/workbench/workbench.js:29:2568)
    at vfe.cancel (https://ai-lab.rice-business.org/test_student/stable-13ca0e47310505f4ab1ac59e891e9a3c5e5eec04/static/out/vs/code/browser/workbench/workbench.js:29:37897)
    at pt.cancel (https://ai-lab.rice-business.org/test_student/stable-13ca0e47310505f4ab1ac59e891e9a3c5e5eec04/static/out/vs/code/browser/workbench/workbench.js:29:38311)
    at https://ai-lab.rice-business.org/test_student/stable-13ca0e47310505f4ab1ac59e891e9a3c5e5eec04/static/out/vs/code/browser/workbench/workbench.js:3665:28678 @ https://ai-lab.rice-business.org/test_student/stable-13ca0e47310505f4ab1ac59e891e9a3c5e5eec04/static/out/vs/code/browser/workbench/workbench.js:37
[ 4192684ms] [LOG] %c INFO color: #33f [remote-connection][ExtensionHost][4aceb…][reconnect] A network error occurred while trying to reconnect, will try again... @ https://ai-lab.rice-business.org/test_student/stable-13ca0e47310505f4ab1ac59e891e9a3c5e5eec04/static/out/vs/code/browser/workbench/workbench.js:37
[ 4192684ms] [LOG] %c INFO color: #33f [remote-connection][ExtensionHost][4aceb…][reconnect] waiting for 30 seconds before reconnecting... @ https://ai-lab.rice-business.org/test_student/stable-13ca0e47310505f4ab1ac59e891e9a3c5e5eec04/static/out/vs/code/browser/workbench/workbench.js:37
[ 4193234ms] [ERROR] %c  ERR color: #f33 [remote-connection][Management   ][f6d89…][reconnect][WebSocket(ai-lab.rice-business.org:443)] the handshake timed out. Error: @ https://ai-lab.rice-business.org/test_student/stable-13ca0e47310505f4ab1ac59e891e9a3c5e5eec04/static/out/vs/code/browser/workbench/workbench.js:37
[ 4193234ms] [ERROR] %c  ERR color: #f33 Error: Time limit reached
    at T2e.i (https://ai-lab.rice-business.org/test_student/stable-13ca0e47310505f4ab1ac59e891e9a3c5e5eec04/static/out/vs/code/browser/workbench/workbench.js:3665:29310)
    at T2e.h (https://ai-lab.rice-business.org/test_student/stable-13ca0e47310505f4ab1ac59e891e9a3c5e5eec04/static/out/vs/code/browser/workbench/workbench.js:3665:29292)
    at ufe.value (https://ai-lab.rice-business.org/test_student/stable-13ca0e47310505f4ab1ac59e891e9a3c5e5eec04/static/out/vs/code/browser/workbench/workbench.js:3665:29147)
    at L.C (https://ai-lab.rice-business.org/test_student/stable-13ca0e47310505f4ab1ac59e891e9a3c5e5eec04/static/out/vs/code/browser/workbench/workbench.js:29:2349)
    at L.fire (https://ai-lab.rice-business.org/test_student/stable-13ca0e47310505f4ab1ac59e891e9a3c5e5eec04/static/out/vs/code/browser/workbench/workbench.js:29:2568)
    at vfe.cancel (https://ai-lab.rice-business.org/test_student/stable-13ca0e47310505f4ab1ac59e891e9a3c5e5eec04/static/out/vs/code/browser/workbench/workbench.js:29:37897)
    at pt.cancel (https://ai-lab.rice-business.org/test_student/stable-13ca0e47310505f4ab1ac59e891e9a3c5e5eec04/static/out/vs/code/browser/workbench/workbench.js:29:38311)
    at ufe.value (https://ai-lab.rice-business.org/test_student/stable-13ca0e47310505f4ab1ac59e891e9a3c5e5eec04/static/out/vs/code/browser/workbench/workbench.js:3665:28888)
    at L.C (https://ai-lab.rice-business.org/test_student/stable-13ca0e47310505f4ab1ac59e891e9a3c5e5eec04/static/out/vs/code/browser/workbench/workbench.js:29:2349)
    at L.fire (https://ai-lab.rice-business.org/test_student/stable-13ca0e47310505f4ab1ac59e891e9a3c5e5eec04/static/out/vs/code/browser/workbench/workbench.js:29:2568)
    at vfe.cancel (https://ai-lab.rice-business.org/test_student/stable-13ca0e47310505f4ab1ac59e891e9a3c5e5eec04/static/out/vs/code/browser/workbench/workbench.js:29:37897)
    at pt.cancel (https://ai-lab.rice-business.org/test_student/stable-13ca0e47310505f4ab1ac59e891e9a3c5e5eec04/static/out/vs/code/browser/workbench/workbench.js:29:38311)
    at https://ai-lab.rice-business.org/test_student/stable-13ca0e47310505f4ab1ac59e891e9a3c5e5eec04/static/out/vs/code/browser/workbench/workbench.js:3665:28678 @ https://ai-lab.rice-business.org/test_student/stable-13ca0e47310505f4ab1ac59e891e9a3c5e5eec04/static/out/vs/code/browser/workbench/workbench.js:37
[ 4193234ms] [LOG] %c INFO color: #33f [remote-connection][Management   ][f6d89…][reconnect] A network error occurred while trying to reconnect, will try again... @ https://ai-lab.rice-business.org/test_student/stable-13ca0e47310505f4ab1ac59e891e9a3c5e5eec04/static/out/vs/code/browser/workbench/workbench.js:37
[ 4193234ms] [LOG] %c INFO color: #33f [remote-connection][Management   ][f6d89…][reconnect] waiting for 30 seconds before reconnecting... @ https://ai-lab.rice-business.org/test_student/stable-13ca0e47310505f4ab1ac59e891e9a3c5e5eec04/static/out/vs/code/browser/workbench/workbench.js:37
[ 4222698ms] [LOG] %c INFO color: #33f [remote-connection][ExtensionHost][4aceb…][reconnect] resolving connection... @ https://ai-lab.rice-business.org/test_student/stable-13ca0e47310505f4ab1ac59e891e9a3c5e5eec04/static/out/vs/code/browser/workbench/workbench.js:37
[ 4222699ms] [LOG] %c INFO color: #33f [remote-connection][ExtensionHost][4aceb…][reconnect] connecting to WebSocket(ai-lab.rice-business.org:443)... @ https://ai-lab.rice-business.org/test_student/stable-13ca0e47310505f4ab1ac59e891e9a3c5e5eec04/static/out/vs/code/browser/workbench/workbench.js:37
[ 4222699ms] [LOG] %c INFO color: #33f Creating a socket (renderer-ExtensionHost-4aceb238-020c-4daf-966a-5c687671a08c)... @ https://ai-lab.rice-business.org/test_student/stable-13ca0e47310505f4ab1ac59e891e9a3c5e5eec04/static/out/vs/code/browser/workbench/workbench.js:37
[ 4222871ms] [LOG] %c INFO color: #33f Creating a socket (renderer-ExtensionHost-4aceb238-020c-4daf-966a-5c687671a08c) was successful after 172 ms. @ https://ai-lab.rice-business.org/test_student/stable-13ca0e47310505f4ab1ac59e891e9a3c5e5eec04/static/out/vs/code/browser/workbench/workbench.js:37
[ 4223235ms] [LOG] %c INFO color: #33f [remote-connection][Management   ][f6d89…][reconnect] resolving connection... @ https://ai-lab.rice-business.org/test_student/stable-13ca0e47310505f4ab1ac59e891e9a3c5e5eec04/static/out/vs/code/browser/workbench/workbench.js:37
[ 4223236ms] [LOG] %c INFO color: #33f [remote-connection][Management   ][f6d89…][reconnect] connecting to WebSocket(ai-lab.rice-business.org:443)... @ https://ai-lab.rice-business.org/test_student/stable-13ca0e47310505f4ab1ac59e891e9a3c5e5eec04/static/out/vs/code/browser/workbench/workbench.js:37
[ 4223236ms] [LOG] %c INFO color: #33f Creating a socket (renderer-Management-f6d89eb6-b512-45c4-bb6b-0b768dcac8ec)... @ https://ai-lab.rice-business.org/test_student/stable-13ca0e47310505f4ab1ac59e891e9a3c5e5eec04/static/out/vs/code/browser/workbench/workbench.js:37
[ 4223395ms] [LOG] %c INFO color: #33f Creating a socket (renderer-Management-f6d89eb6-b512-45c4-bb6b-0b768dcac8ec) was successful after 158 ms. @ https://ai-lab.rice-business.org/test_student/stable-13ca0e47310505f4ab1ac59e891e9a3c5e5eec04/static/out/vs/code/browser/workbench/workbench.js:37
[ 4232878ms] [ERROR] %c  ERR color: #f33 [remote-connection][ExtensionHost][4aceb…][reconnect][WebSocket(ai-lab.rice-business.org:443)] the handshake timed out. Error: @ https://ai-lab.rice-business.org/test_student/stable-13ca0e47310505f4ab1ac59e891e9a3c5e5eec04/static/out/vs/code/browser/workbench/workbench.js:37
[ 4232878ms] [ERROR] %c  ERR color: #f33 Error: Time limit reached
    at T2e.i (https://ai-lab.rice-business.org/test_student/stable-13ca0e47310505f4ab1ac59e891e9a3c5e5eec04/static/out/vs/code/browser/workbench/workbench.js:3665:29310)
    at T2e.h (https://ai-lab.rice-business.org/test_student/stable-13ca0e47310505f4ab1ac59e891e9a3c5e5eec04/static/out/vs/code/browser/workbench/workbench.js:3665:29292)
    at ufe.value (https://ai-lab.rice-business.org/test_student/stable-13ca0e47310505f4ab1ac59e891e9a3c5e5eec04/static/out/vs/code/browser/workbench/workbench.js:3665:29147)
    at L.C (https://ai-lab.rice-business.org/test_student/stable-13ca0e47310505f4ab1ac59e891e9a3c5e5eec04/static/out/vs/code/browser/workbench/workbench.js:29:2349)
    at L.fire (https://ai-lab.rice-business.org/test_student/stable-13ca0e47310505f4ab1ac59e891e9a3c5e5eec04/static/out/vs/code/browser/workbench/workbench.js:29:2568)
    at vfe.cancel (https://ai-lab.rice-business.org/test_student/stable-13ca0e47310505f4ab1ac59e891e9a3c5e5eec04/static/out/vs/code/browser/workbench/workbench.js:29:37897)
    at pt.cancel (https://ai-lab.rice-business.org/test_student/stable-13ca0e47310505f4ab1ac59e891e9a3c5e5eec04/static/out/vs/code/browser/workbench/workbench.js:29:38311)
    at ufe.value (https://ai-lab.rice-business.org/test_student/stable-13ca0e47310505f4ab1ac59e891e9a3c5e5eec04/static/out/vs/code/browser/workbench/workbench.js:3665:28888)
    at L.C (https://ai-lab.rice-business.org/test_student/stable-13ca0e47310505f4ab1ac59e891e9a3c5e5eec04/static/out/vs/code/browser/workbench/workbench.js:29:2349)
    at L.fire (https://ai-lab.rice-business.org/test_student/stable-13ca0e47310505f4ab1ac59e891e9a3c5e5eec04/static/out/vs/code/browser/workbench/workbench.js:29:2568)
    at vfe.cancel (https://ai-lab.rice-business.org/test_student/stable-13ca0e47310505f4ab1ac59e891e9a3c5e5eec04/static/out/vs/code/browser/workbench/workbench.js:29:37897)
    at pt.cancel (https://ai-lab.rice-business.org/test_student/stable-13ca0e47310505f4ab1ac59e891e9a3c5e5eec04/static/out/vs/code/browser/workbench/workbench.js:29:38311)
    at https://ai-lab.rice-business.org/test_student/stable-13ca0e47310505f4ab1ac59e891e9a3c5e5eec04/static/out/vs/code/browser/workbench/workbench.js:3665:28678 @ https://ai-lab.rice-business.org/test_student/stable-13ca0e47310505f4ab1ac59e891e9a3c5e5eec04/static/out/vs/code/browser/workbench/workbench.js:37
[ 4232878ms] [LOG] %c INFO color: #33f [remote-connection][ExtensionHost][4aceb…][reconnect] A network error occurred while trying to reconnect, will try again... @ https://ai-lab.rice-business.org/test_student/stable-13ca0e47310505f4ab1ac59e891e9a3c5e5eec04/static/out/vs/code/browser/workbench/workbench.js:37
[ 4232878ms] [LOG] %c INFO color: #33f [remote-connection][ExtensionHost][4aceb…][reconnect] waiting for 30 seconds before reconnecting... @ https://ai-lab.rice-business.org/test_student/stable-13ca0e47310505f4ab1ac59e891e9a3c5e5eec04/static/out/vs/code/browser/workbench/workbench.js:37
[ 4233404ms] [ERROR] %c  ERR color: #f33 [remote-connection][Management   ][f6d89…][reconnect][WebSocket(ai-lab.rice-business.org:443)] the handshake timed out. Error: @ https://ai-lab.rice-business.org/test_student/stable-13ca0e47310505f4ab1ac59e891e9a3c5e5eec04/static/out/vs/code/browser/workbench/workbench.js:37
[ 4233405ms] [ERROR] %c  ERR color: #f33 Error: Time limit reached
    at T2e.i (https://ai-lab.rice-business.org/test_student/stable-13ca0e47310505f4ab1ac59e891e9a3c5e5eec04/static/out/vs/code/browser/workbench/workbench.js:3665:29310)
    at T2e.h (https://ai-lab.rice-business.org/test_student/stable-13ca0e47310505f4ab1ac59e891e9a3c5e5eec04/static/out/vs/code/browser/workbench/workbench.js:3665:29292)
    at ufe.value (https://ai-lab.rice-business.org/test_student/stable-13ca0e47310505f4ab1ac59e891e9a3c5e5eec04/static/out/vs/code/browser/workbench/workbench.js:3665:29147)
    at L.C (https://ai-lab.rice-business.org/test_student/stable-13ca0e47310505f4ab1ac59e891e9a3c5e5eec04/static/out/vs/code/browser/workbench/workbench.js:29:2349)
    at L.fire (https://ai-lab.rice-business.org/test_student/stable-13ca0e47310505f4ab1ac59e891e9a3c5e5eec04/static/out/vs/code/browser/workbench/workbench.js:29:2568)
    at vfe.cancel (https://ai-lab.rice-business.org/test_student/stable-13ca0e47310505f4ab1ac59e891e9a3c5e5eec04/static/out/vs/code/browser/workbench/workbench.js:29:37897)
    at pt.cancel (https://ai-lab.rice-business.org/test_student/stable-13ca0e47310505f4ab1ac59e891e9a3c5e5eec04/static/out/vs/code/browser/workbench/workbench.js:29:38311)
    at ufe.value (https://ai-lab.rice-business.org/test_student/stable-13ca0e47310505f4ab1ac59e891e9a3c5e5eec04/static/out/vs/code/browser/workbench/workbench.js:3665:28888)
    at L.C (https://ai-lab.rice-business.org/test_student/stable-13ca0e47310505f4ab1ac59e891e9a3c5e5eec04/static/out/vs/code/browser/workbench/workbench.js:29:2349)
    at L.fire (https://ai-lab.rice-business.org/test_student/stable-13ca0e47310505f4ab1ac59e891e9a3c5e5eec04/static/out/vs/code/browser/workbench/workbench.js:29:2568)
    at vfe.cancel (https://ai-lab.rice-business.org/test_student/stable-13ca0e47310505f4ab1ac59e891e9a3c5e5eec04/static/out/vs/code/browser/workbench/workbench.js:29:37897)
    at pt.cancel (https://ai-lab.rice-business.org/test_student/stable-13ca0e47310505f4ab1ac59e891e9a3c5e5eec04/static/out/vs/code/browser/workbench/workbench.js:29:38311)
    at https://ai-lab.rice-business.org/test_student/stable-13ca0e47310505f4ab1ac59e891e9a3c5e5eec04/static/out/vs/code/browser/workbench/workbench.js:3665:28678 @ https://ai-lab.rice-business.org/test_student/stable-13ca0e47310505f4ab1ac59e891e9a3c5e5eec04/static/out/vs/code/browser/workbench/workbench.js:37
[ 4233405ms] [LOG] %c INFO color: #33f [remote-connection][Management   ][f6d89…][reconnect] A network error occurred while trying to reconnect, will try again... @ https://ai-lab.rice-business.org/test_student/stable-13ca0e47310505f4ab1ac59e891e9a3c5e5eec04/static/out/vs/code/browser/workbench/workbench.js:37
[ 4233405ms] [LOG] %c INFO color: #33f [remote-connection][Management   ][f6d89…][reconnect] waiting for 30 seconds before reconnecting... @ https://ai-lab.rice-business.org/test_student/stable-13ca0e47310505f4ab1ac59e891e9a3c5e5eec04/static/out/vs/code/browser/workbench/workbench.js:37
[ 4262886ms] [LOG] %c INFO color: #33f [remote-connection][ExtensionHost][4aceb…][reconnect] resolving connection... @ https://ai-lab.rice-business.org/test_student/stable-13ca0e47310505f4ab1ac59e891e9a3c5e5eec04/static/out/vs/code/browser/workbench/workbench.js:37
[ 4262886ms] [LOG] %c INFO color: #33f [remote-connection][ExtensionHost][4aceb…][reconnect] connecting to WebSocket(ai-lab.rice-business.org:443)... @ https://ai-lab.rice-business.org/test_student/stable-13ca0e47310505f4ab1ac59e891e9a3c5e5eec04/static/out/vs/code/browser/workbench/workbench.js:37
[ 4262886ms] [LOG] %c INFO color: #33f Creating a socket (renderer-ExtensionHost-4aceb238-020c-4daf-966a-5c687671a08c)... @ https://ai-lab.rice-business.org/test_student/stable-13ca0e47310505f4ab1ac59e891e9a3c5e5eec04/static/out/vs/code/browser/workbench/workbench.js:37
[ 4263300ms] [LOG] %c INFO color: #33f Creating a socket (renderer-ExtensionHost-4aceb238-020c-4daf-966a-5c687671a08c) was successful after 414 ms. @ https://ai-lab.rice-business.org/test_student/stable-13ca0e47310505f4ab1ac59e891e9a3c5e5eec04/static/out/vs/code/browser/workbench/workbench.js:37
[ 4263411ms] [LOG] %c INFO color: #33f [remote-connection][Management   ][f6d89…][reconnect] resolving connection... @ https://ai-lab.rice-business.org/test_student/stable-13ca0e47310505f4ab1ac59e891e9a3c5e5eec04/static/out/vs/code/browser/workbench/workbench.js:37
[ 4263412ms] [LOG] %c INFO color: #33f [remote-connection][Management   ][f6d89…][reconnect] connecting to WebSocket(ai-lab.rice-business.org:443)... @ https://ai-lab.rice-business.org/test_student/stable-13ca0e47310505f4ab1ac59e891e9a3c5e5eec04/static/out/vs/code/browser/workbench/workbench.js:37
[ 4263412ms] [LOG] %c INFO color: #33f Creating a socket (renderer-Management-f6d89eb6-b512-45c4-bb6b-0b768dcac8ec)... @ https://ai-lab.rice-business.org/test_student/stable-13ca0e47310505f4ab1ac59e891e9a3c5e5eec04/static/out/vs/code/browser/workbench/workbench.js:37
[ 4263605ms] [LOG] %c INFO color: #33f Creating a socket (renderer-Management-f6d89eb6-b512-45c4-bb6b-0b768dcac8ec) was successful after 194 ms. @ https://ai-lab.rice-business.org/test_student/stable-13ca0e47310505f4ab1ac59e891e9a3c5e5eec04/static/out/vs/code/browser/workbench/workbench.js:37
[ 4273305ms] [ERROR] %c  ERR color: #f33 [remote-connection][ExtensionHost][4aceb…][reconnect][WebSocket(ai-lab.rice-business.org:443)] the handshake timed out. Error: @ https://ai-lab.rice-business.org/test_student/stable-13ca0e47310505f4ab1ac59e891e9a3c5e5eec04/static/out/vs/code/browser/workbench/workbench.js:37
[ 4273305ms] [ERROR] %c  ERR color: #f33 Error: Time limit reached
    at T2e.i (https://ai-lab.rice-business.org/test_student/stable-13ca0e47310505f4ab1ac59e891e9a3c5e5eec04/static/out/vs/code/browser/workbench/workbench.js:3665:29310)
    at T2e.h (https://ai-lab.rice-business.org/test_student/stable-13ca0e47310505f4ab1ac59e891e9a3c5e5eec04/static/out/vs/code/browser/workbench/workbench.js:3665:29292)
    at ufe.value (https://ai-lab.rice-business.org/test_student/stable-13ca0e47310505f4ab1ac59e891e9a3c5e5eec04/static/out/vs/code/browser/workbench/workbench.js:3665:29147)
    at L.C (https://ai-lab.rice-business.org/test_student/stable-13ca0e47310505f4ab1ac59e891e9a3c5e5eec04/static/out/vs/code/browser/workbench/workbench.js:29:2349)
    at L.fire (https://ai-lab.rice-business.org/test_student/stable-13ca0e47310505f4ab1ac59e891e9a3c5e5eec04/static/out/vs/code/browser/workbench/workbench.js:29:2568)
    at vfe.cancel (https://ai-lab.rice-business.org/test_student/stable-13ca0e47310505f4ab1ac59e891e9a3c5e5eec04/static/out/vs/code/browser/workbench/workbench.js:29:37897)
    at pt.cancel (https://ai-lab.rice-business.org/test_student/stable-13ca0e47310505f4ab1ac59e891e9a3c5e5eec04/static/out/vs/code/browser/workbench/workbench.js:29:38311)
    at ufe.value (https://ai-lab.rice-business.org/test_student/stable-13ca0e47310505f4ab1ac59e891e9a3c5e5eec04/static/out/vs/code/browser/workbench/workbench.js:3665:28888)
    at L.C (https://ai-lab.rice-business.org/test_student/stable-13ca0e47310505f4ab1ac59e891e9a3c5e5eec04/static/out/vs/code/browser/workbench/workbench.js:29:2349)
    at L.fire (https://ai-lab.rice-business.org/test_student/stable-13ca0e47310505f4ab1ac59e891e9a3c5e5eec04/static/out/vs/code/browser/workbench/workbench.js:29:2568)
    at vfe.cancel (https://ai-lab.rice-business.org/test_student/stable-13ca0e47310505f4ab1ac59e891e9a3c5e5eec04/static/out/vs/code/browser/workbench/workbench.js:29:37897)
    at pt.cancel (https://ai-lab.rice-business.org/test_student/stable-13ca0e47310505f4ab1ac59e891e9a3c5e5eec04/static/out/vs/code/browser/workbench/workbench.js:29:38311)
    at https://ai-lab.rice-business.org/test_student/stable-13ca0e47310505f4ab1ac59e891e9a3c5e5eec04/static/out/vs/code/browser/workbench/workbench.js:3665:28678 @ https://ai-lab.rice-business.org/test_student/stable-13ca0e47310505f4ab1ac59e891e9a3c5e5eec04/static/out/vs/code/browser/workbench/workbench.js:37
[ 4273305ms] [LOG] %c INFO color: #33f [remote-connection][ExtensionHost][4aceb…][reconnect] A network error occurred while trying to reconnect, will try again... @ https://ai-lab.rice-business.org/test_student/stable-13ca0e47310505f4ab1ac59e891e9a3c5e5eec04/static/out/vs/code/browser/workbench/workbench.js:37
[ 4273305ms] [LOG] %c INFO color: #33f [remote-connection][ExtensionHost][4aceb…][reconnect] waiting for 30 seconds before reconnecting... @ https://ai-lab.rice-business.org/test_student/stable-13ca0e47310505f4ab1ac59e891e9a3c5e5eec04/static/out/vs/code/browser/workbench/workbench.js:37
[ 4273611ms] [ERROR] %c  ERR color: #f33 [remote-connection][Management   ][f6d89…][reconnect][WebSocket(ai-lab.rice-business.org:443)] the handshake timed out. Error: @ https://ai-lab.rice-business.org/test_student/stable-13ca0e47310505f4ab1ac59e891e9a3c5e5eec04/static/out/vs/code/browser/workbench/workbench.js:37
[ 4273611ms] [ERROR] %c  ERR color: #f33 Error: Time limit reached
    at T2e.i (https://ai-lab.rice-business.org/test_student/stable-13ca0e47310505f4ab1ac59e891e9a3c5e5eec04/static/out/vs/code/browser/workbench/workbench.js:3665:29310)
    at T2e.h (https://ai-lab.rice-business.org/test_student/stable-13ca0e47310505f4ab1ac59e891e9a3c5e5eec04/static/out/vs/code/browser/workbench/workbench.js:3665:29292)
    at ufe.value (https://ai-lab.rice-business.org/test_student/stable-13ca0e47310505f4ab1ac59e891e9a3c5e5eec04/static/out/vs/code/browser/workbench/workbench.js:3665:29147)
    at L.C (https://ai-lab.rice-business.org/test_student/stable-13ca0e47310505f4ab1ac59e891e9a3c5e5eec04/static/out/vs/code/browser/workbench/workbench.js:29:2349)
    at L.fire (https://ai-lab.rice-business.org/test_student/stable-13ca0e47310505f4ab1ac59e891e9a3c5e5eec04/static/out/vs/code/browser/workbench/workbench.js:29:2568)
    at vfe.cancel (https://ai-lab.rice-business.org/test_student/stable-13ca0e47310505f4ab1ac59e891e9a3c5e5eec04/static/out/vs/code/browser/workbench/workbench.js:29:37897)
    at pt.cancel (https://ai-lab.rice-business.org/test_student/stable-13ca0e47310505f4ab1ac59e891e9a3c5e5eec04/static/out/vs/code/browser/workbench/workbench.js:29:38311)
    at ufe.value (https://ai-lab.rice-business.org/test_student/stable-13ca0e47310505f4ab1ac59e891e9a3c5e5eec04/static/out/vs/code/browser/workbench/workbench.js:3665:28888)
    at L.C (https://ai-lab.rice-business.org/test_student/stable-13ca0e47310505f4ab1ac59e891e9a3c5e5eec04/static/out/vs/code/browser/workbench/workbench.js:29:2349)
    at L.fire (https://ai-lab.rice-business.org/test_student/stable-13ca0e47310505f4ab1ac59e891e9a3c5e5eec04/static/out/vs/code/browser/workbench/workbench.js:29:2568)
    at vfe.cancel (https://ai-lab.rice-business.org/test_student/stable-13ca0e47310505f4ab1ac59e891e9a3c5e5eec04/static/out/vs/code/browser/workbench/workbench.js:29:37897)
    at pt.cancel (https://ai-lab.rice-business.org/test_student/stable-13ca0e47310505f4ab1ac59e891e9a3c5e5eec04/static/out/vs/code/browser/workbench/workbench.js:29:38311)
    at https://ai-lab.rice-business.org/test_student/stable-13ca0e47310505f4ab1ac59e891e9a3c5e5eec04/static/out/vs/code/browser/workbench/workbench.js:3665:28678 @ https://ai-lab.rice-business.org/test_student/stable-13ca0e47310505f4ab1ac59e891e9a3c5e5eec04/static/out/vs/code/browser/workbench/workbench.js:37
[ 4273611ms] [LOG] %c INFO color: #33f [remote-connection][Management   ][f6d89…][reconnect] A network error occurred while trying to reconnect, will try again... @ https://ai-lab.rice-business.org/test_student/stable-13ca0e47310505f4ab1ac59e891e9a3c5e5eec04/static/out/vs/code/browser/workbench/workbench.js:37
[ 4273612ms] [LOG] %c INFO color: #33f [remote-connection][Management   ][f6d89…][reconnect] waiting for 30 seconds before reconnecting... @ https://ai-lab.rice-business.org/test_student/stable-13ca0e47310505f4ab1ac59e891e9a3c5e5eec04/static/out/vs/code/browser/workbench/workbench.js:37
[ 4303316ms] [LOG] %c INFO color: #33f [remote-connection][ExtensionHost][4aceb…][reconnect] resolving connection... @ https://ai-lab.rice-business.org/test_student/stable-13ca0e47310505f4ab1ac59e891e9a3c5e5eec04/static/out/vs/code/browser/workbench/workbench.js:37
[ 4303316ms] [LOG] %c INFO color: #33f [remote-connection][ExtensionHost][4aceb…][reconnect] connecting to WebSocket(ai-lab.rice-business.org:443)... @ https://ai-lab.rice-business.org/test_student/stable-13ca0e47310505f4ab1ac59e891e9a3c5e5eec04/static/out/vs/code/browser/workbench/workbench.js:37
[ 4303316ms] [LOG] %c INFO color: #33f Creating a socket (renderer-ExtensionHost-4aceb238-020c-4daf-966a-5c687671a08c)... @ https://ai-lab.rice-business.org/test_student/stable-13ca0e47310505f4ab1ac59e891e9a3c5e5eec04/static/out/vs/code/browser/workbench/workbench.js:37
[ 4303616ms] [LOG] %c INFO color: #33f [remote-connection][Management   ][f6d89…][reconnect] resolving connection... @ https://ai-lab.rice-business.org/test_student/stable-13ca0e47310505f4ab1ac59e891e9a3c5e5eec04/static/out/vs/code/browser/workbench/workbench.js:37
[ 4303619ms] [LOG] %c INFO color: #33f [remote-connection][Management   ][f6d89…][reconnect] connecting to WebSocket(ai-lab.rice-business.org:443)... @ https://ai-lab.rice-business.org/test_student/stable-13ca0e47310505f4ab1ac59e891e9a3c5e5eec04/static/out/vs/code/browser/workbench/workbench.js:37
[ 4303619ms] [LOG] %c INFO color: #33f Creating a socket (renderer-Management-f6d89eb6-b512-45c4-bb6b-0b768dcac8ec)... @ https://ai-lab.rice-business.org/test_student/stable-13ca0e47310505f4ab1ac59e891e9a3c5e5eec04/static/out/vs/code/browser/workbench/workbench.js:37
[ 4303751ms] [LOG] %c INFO color: #33f Creating a socket (renderer-ExtensionHost-4aceb238-020c-4daf-966a-5c687671a08c) was successful after 434 ms. @ https://ai-lab.rice-business.org/test_student/stable-13ca0e47310505f4ab1ac59e891e9a3c5e5eec04/static/out/vs/code/browser/workbench/workbench.js:37
[ 4304162ms] [LOG] %c INFO color: #33f Creating a socket (renderer-Management-f6d89eb6-b512-45c4-bb6b-0b768dcac8ec) was successful after 543 ms. @ https://ai-lab.rice-business.org/test_student/stable-13ca0e47310505f4ab1ac59e891e9a3c5e5eec04/static/out/vs/code/browser/workbench/workbench.js:37
[ 4313753ms] [ERROR] %c  ERR color: #f33 [remote-connection][ExtensionHost][4aceb…][reconnect][WebSocket(ai-lab.rice-business.org:443)] the handshake timed out. Error: @ https://ai-lab.rice-business.org/test_student/stable-13ca0e47310505f4ab1ac59e891e9a3c5e5eec04/static/out/vs/code/browser/workbench/workbench.js:37
[ 4313753ms] [ERROR] %c  ERR color: #f33 Error: Time limit reached
    at T2e.i (https://ai-lab.rice-business.org/test_student/stable-13ca0e47310505f4ab1ac59e891e9a3c5e5eec04/static/out/vs/code/browser/workbench/workbench.js:3665:29310)
    at T2e.h (https://ai-lab.rice-business.org/test_student/stable-13ca0e47310505f4ab1ac59e891e9a3c5e5eec04/static/out/vs/code/browser/workbench/workbench.js:3665:29292)
    at ufe.value (https://ai-lab.rice-business.org/test_student/stable-13ca0e47310505f4ab1ac59e891e9a3c5e5eec04/static/out/vs/code/browser/workbench/workbench.js:3665:29147)
    at L.C (https://ai-lab.rice-business.org/test_student/stable-13ca0e47310505f4ab1ac59e891e9a3c5e5eec04/static/out/vs/code/browser/workbench/workbench.js:29:2349)
    at L.fire (https://ai-lab.rice-business.org/test_student/stable-13ca0e47310505f4ab1ac59e891e9a3c5e5eec04/static/out/vs/code/browser/workbench/workbench.js:29:2568)
    at vfe.cancel (https://ai-lab.rice-business.org/test_student/stable-13ca0e47310505f4ab1ac59e891e9a3c5e5eec04/static/out/vs/code/browser/workbench/workbench.js:29:37897)
    at pt.cancel (https://ai-lab.rice-business.org/test_student/stable-13ca0e47310505f4ab1ac59e891e9a3c5e5eec04/static/out/vs/code/browser/workbench/workbench.js:29:38311)
    at ufe.value (https://ai-lab.rice-business.org/test_student/stable-13ca0e47310505f4ab1ac59e891e9a3c5e5eec04/static/out/vs/code/browser/workbench/workbench.js:3665:28888)
    at L.C (https://ai-lab.rice-business.org/test_student/stable-13ca0e47310505f4ab1ac59e891e9a3c5e5eec04/static/out/vs/code/browser/workbench/workbench.js:29:2349)
    at L.fire (https://ai-lab.rice-business.org/test_student/stable-13ca0e47310505f4ab1ac59e891e9a3c5e5eec04/static/out/vs/code/browser/workbench/workbench.js:29:2568)
    at vfe.cancel (https://ai-lab.rice-business.org/test_student/stable-13ca0e47310505f4ab1ac59e891e9a3c5e5eec04/static/out/vs/code/browser/workbench/workbench.js:29:37897)
    at pt.cancel (https://ai-lab.rice-business.org/test_student/stable-13ca0e47310505f4ab1ac59e891e9a3c5e5eec04/static/out/vs/code/browser/workbench/workbench.js:29:38311)
    at https://ai-lab.rice-business.org/test_student/stable-13ca0e47310505f4ab1ac59e891e9a3c5e5eec04/static/out/vs/code/browser/workbench/workbench.js:3665:28678 @ https://ai-lab.rice-business.org/test_student/stable-13ca0e47310505f4ab1ac59e891e9a3c5e5eec04/static/out/vs/code/browser/workbench/workbench.js:37
[ 4313753ms] [LOG] %c INFO color: #33f [remote-connection][ExtensionHost][4aceb…][reconnect] A network error occurred while trying to reconnect, will try again... @ https://ai-lab.rice-business.org/test_student/stable-13ca0e47310505f4ab1ac59e891e9a3c5e5eec04/static/out/vs/code/browser/workbench/workbench.js:37
[ 4313753ms] [LOG] %c INFO color: #33f [remote-connection][ExtensionHost][4aceb…][reconnect] waiting for 30 seconds before reconnecting... @ https://ai-lab.rice-business.org/test_student/stable-13ca0e47310505f4ab1ac59e891e9a3c5e5eec04/static/out/vs/code/browser/workbench/workbench.js:37
[ 4314175ms] [ERROR] %c  ERR color: #f33 [remote-connection][Management   ][f6d89…][reconnect][WebSocket(ai-lab.rice-business.org:443)] the handshake timed out. Error: @ https://ai-lab.rice-business.org/test_student/stable-13ca0e47310505f4ab1ac59e891e9a3c5e5eec04/static/out/vs/code/browser/workbench/workbench.js:37
[ 4314175ms] [ERROR] %c  ERR color: #f33 Error: Time limit reached
    at T2e.i (https://ai-lab.rice-business.org/test_student/stable-13ca0e47310505f4ab1ac59e891e9a3c5e5eec04/static/out/vs/code/browser/workbench/workbench.js:3665:29310)
    at T2e.h (https://ai-lab.rice-business.org/test_student/stable-13ca0e47310505f4ab1ac59e891e9a3c5e5eec04/static/out/vs/code/browser/workbench/workbench.js:3665:29292)
    at ufe.value (https://ai-lab.rice-business.org/test_student/stable-13ca0e47310505f4ab1ac59e891e9a3c5e5eec04/static/out/vs/code/browser/workbench/workbench.js:3665:29147)
    at L.C (https://ai-lab.rice-business.org/test_student/stable-13ca0e47310505f4ab1ac59e891e9a3c5e5eec04/static/out/vs/code/browser/workbench/workbench.js:29:2349)
    at L.fire (https://ai-lab.rice-business.org/test_student/stable-13ca0e47310505f4ab1ac59e891e9a3c5e5eec04/static/out/vs/code/browser/workbench/workbench.js:29:2568)
    at vfe.cancel (https://ai-lab.rice-business.org/test_student/stable-13ca0e47310505f4ab1ac59e891e9a3c5e5eec04/static/out/vs/code/browser/workbench/workbench.js:29:37897)
    at pt.cancel (https://ai-lab.rice-business.org/test_student/stable-13ca0e47310505f4ab1ac59e891e9a3c5e5eec04/static/out/vs/code/browser/workbench/workbench.js:29:38311)
    at ufe.value (https://ai-lab.rice-business.org/test_student/stable-13ca0e47310505f4ab1ac59e891e9a3c5e5eec04/static/out/vs/code/browser/workbench/workbench.js:3665:28888)
    at L.C (https://ai-lab.rice-business.org/test_student/stable-13ca0e47310505f4ab1ac59e891e9a3c5e5eec04/static/out/vs/code/browser/workbench/workbench.js:29:2349)
    at L.fire (https://ai-lab.rice-business.org/test_student/stable-13ca0e47310505f4ab1ac59e891e9a3c5e5eec04/static/out/vs/code/browser/workbench/workbench.js:29:2568)
    at vfe.cancel (https://ai-lab.rice-business.org/test_student/stable-13ca0e47310505f4ab1ac59e891e9a3c5e5eec04/static/out/vs/code/browser/workbench/workbench.js:29:37897)
    at pt.cancel (https://ai-lab.rice-business.org/test_student/stable-13ca0e47310505f4ab1ac59e891e9a3c5e5eec04/static/out/vs/code/browser/workbench/workbench.js:29:38311)
    at https://ai-lab.rice-business.org/test_student/stable-13ca0e47310505f4ab1ac59e891e9a3c5e5eec04/static/out/vs/code/browser/workbench/workbench.js:3665:28678 @ https://ai-lab.rice-business.org/test_student/stable-13ca0e47310505f4ab1ac59e891e9a3c5e5eec04/static/out/vs/code/browser/workbench/workbench.js:37
[ 4314175ms] [LOG] %c INFO color: #33f [remote-connection][Management   ][f6d89…][reconnect] A network error occurred while trying to reconnect, will try again... @ https://ai-lab.rice-business.org/test_student/stable-13ca0e47310505f4ab1ac59e891e9a3c5e5eec04/static/out/vs/code/browser/workbench/workbench.js:37
[ 4314176ms] [LOG] %c INFO color: #33f [remote-connection][Management   ][f6d89…][reconnect] waiting for 30 seconds before reconnecting... @ https://ai-lab.rice-business.org/test_student/stable-13ca0e47310505f4ab1ac59e891e9a3c5e5eec04/static/out/vs/code/browser/workbench/workbench.js:37
[ 4343763ms] [LOG] %c INFO color: #33f [remote-connection][ExtensionHost][4aceb…][reconnect] resolving connection... @ https://ai-lab.rice-business.org/test_student/stable-13ca0e47310505f4ab1ac59e891e9a3c5e5eec04/static/out/vs/code/browser/workbench/workbench.js:37
[ 4343763ms] [LOG] %c INFO color: #33f [remote-connection][ExtensionHost][4aceb…][reconnect] connecting to WebSocket(ai-lab.rice-business.org:443)... @ https://ai-lab.rice-business.org/test_student/stable-13ca0e47310505f4ab1ac59e891e9a3c5e5eec04/static/out/vs/code/browser/workbench/workbench.js:37
[ 4343764ms] [LOG] %c INFO color: #33f Creating a socket (renderer-ExtensionHost-4aceb238-020c-4daf-966a-5c687671a08c)... @ https://ai-lab.rice-business.org/test_student/stable-13ca0e47310505f4ab1ac59e891e9a3c5e5eec04/static/out/vs/code/browser/workbench/workbench.js:37
[ 4344189ms] [LOG] %c INFO color: #33f [remote-connection][Management   ][f6d89…][reconnect] resolving connection... @ https://ai-lab.rice-business.org/test_student/stable-13ca0e47310505f4ab1ac59e891e9a3c5e5eec04/static/out/vs/code/browser/workbench/workbench.js:37
[ 4344190ms] [LOG] %c INFO color: #33f [remote-connection][Management   ][f6d89…][reconnect] connecting to WebSocket(ai-lab.rice-business.org:443)... @ https://ai-lab.rice-business.org/test_student/stable-13ca0e47310505f4ab1ac59e891e9a3c5e5eec04/static/out/vs/code/browser/workbench/workbench.js:37
[ 4344190ms] [LOG] %c INFO color: #33f Creating a socket (renderer-Management-f6d89eb6-b512-45c4-bb6b-0b768dcac8ec)... @ https://ai-lab.rice-business.org/test_student/stable-13ca0e47310505f4ab1ac59e891e9a3c5e5eec04/static/out/vs/code/browser/workbench/workbench.js:37
[ 4344304ms] [LOG] %c INFO color: #33f Creating a socket (renderer-ExtensionHost-4aceb238-020c-4daf-966a-5c687671a08c) was successful after 541 ms. @ https://ai-lab.rice-business.org/test_student/stable-13ca0e47310505f4ab1ac59e891e9a3c5e5eec04/static/out/vs/code/browser/workbench/workbench.js:37
[ 4344472ms] [LOG] %c INFO color: #33f Creating a socket (renderer-Management-f6d89eb6-b512-45c4-bb6b-0b768dcac8ec) was successful after 281 ms. @ https://ai-lab.rice-business.org/test_student/stable-13ca0e47310505f4ab1ac59e891e9a3c5e5eec04/static/out/vs/code/browser/workbench/workbench.js:37
[ 4354312ms] [ERROR] %c  ERR color: #f33 [remote-connection][ExtensionHost][4aceb…][reconnect][WebSocket(ai-lab.rice-business.org:443)] the handshake timed out. Error: @ https://ai-lab.rice-business.org/test_student/stable-13ca0e47310505f4ab1ac59e891e9a3c5e5eec04/static/out/vs/code/browser/workbench/workbench.js:37
[ 4354313ms] [ERROR] %c  ERR color: #f33 Error: Time limit reached
    at T2e.i (https://ai-lab.rice-business.org/test_student/stable-13ca0e47310505f4ab1ac59e891e9a3c5e5eec04/static/out/vs/code/browser/workbench/workbench.js:3665:29310)
    at T2e.h (https://ai-lab.rice-business.org/test_student/stable-13ca0e47310505f4ab1ac59e891e9a3c5e5eec04/static/out/vs/code/browser/workbench/workbench.js:3665:29292)
    at ufe.value (https://ai-lab.rice-business.org/test_student/stable-13ca0e47310505f4ab1ac59e891e9a3c5e5eec04/static/out/vs/code/browser/workbench/workbench.js:3665:29147)
    at L.C (https://ai-lab.rice-business.org/test_student/stable-13ca0e47310505f4ab1ac59e891e9a3c5e5eec04/static/out/vs/code/browser/workbench/workbench.js:29:2349)
    at L.fire (https://ai-lab.rice-business.org/test_student/stable-13ca0e47310505f4ab1ac59e891e9a3c5e5eec04/static/out/vs/code/browser/workbench/workbench.js:29:2568)
    at vfe.cancel (https://ai-lab.rice-business.org/test_student/stable-13ca0e47310505f4ab1ac59e891e9a3c5e5eec04/static/out/vs/code/browser/workbench/workbench.js:29:37897)
    at pt.cancel (https://ai-lab.rice-business.org/test_student/stable-13ca0e47310505f4ab1ac59e891e9a3c5e5eec04/static/out/vs/code/browser/workbench/workbench.js:29:38311)
    at ufe.value (https://ai-lab.rice-business.org/test_student/stable-13ca0e47310505f4ab1ac59e891e9a3c5e5eec04/static/out/vs/code/browser/workbench/workbench.js:3665:28888)
    at L.C (https://ai-lab.rice-business.org/test_student/stable-13ca0e47310505f4ab1ac59e891e9a3c5e5eec04/static/out/vs/code/browser/workbench/workbench.js:29:2349)
    at L.fire (https://ai-lab.rice-business.org/test_student/stable-13ca0e47310505f4ab1ac59e891e9a3c5e5eec04/static/out/vs/code/browser/workbench/workbench.js:29:2568)
    at vfe.cancel (https://ai-lab.rice-business.org/test_student/stable-13ca0e47310505f4ab1ac59e891e9a3c5e5eec04/static/out/vs/code/browser/workbench/workbench.js:29:37897)
    at pt.cancel (https://ai-lab.rice-business.org/test_student/stable-13ca0e47310505f4ab1ac59e891e9a3c5e5eec04/static/out/vs/code/browser/workbench/workbench.js:29:38311)
    at https://ai-lab.rice-business.org/test_student/stable-13ca0e47310505f4ab1ac59e891e9a3c5e5eec04/static/out/vs/code/browser/workbench/workbench.js:3665:28678 @ https://ai-lab.rice-business.org/test_student/stable-13ca0e47310505f4ab1ac59e891e9a3c5e5eec04/static/out/vs/code/browser/workbench/workbench.js:37
[ 4354313ms] [LOG] %c INFO color: #33f [remote-connection][ExtensionHost][4aceb…][reconnect] A network error occurred while trying to reconnect, will try again... @ https://ai-lab.rice-business.org/test_student/stable-13ca0e47310505f4ab1ac59e891e9a3c5e5eec04/static/out/vs/code/browser/workbench/workbench.js:37
[ 4354313ms] [LOG] %c INFO color: #33f [remote-connection][ExtensionHost][4aceb…][reconnect] waiting for 30 seconds before reconnecting... @ https://ai-lab.rice-business.org/test_student/stable-13ca0e47310505f4ab1ac59e891e9a3c5e5eec04/static/out/vs/code/browser/workbench/workbench.js:37
[ 4354477ms] [ERROR] %c  ERR color: #f33 [remote-connection][Management   ][f6d89…][reconnect][WebSocket(ai-lab.rice-business.org:443)] the handshake timed out. Error: @ https://ai-lab.rice-business.org/test_student/stable-13ca0e47310505f4ab1ac59e891e9a3c5e5eec04/static/out/vs/code/browser/workbench/workbench.js:37
[ 4354477ms] [ERROR] %c  ERR color: #f33 Error: Time limit reached
    at T2e.i (https://ai-lab.rice-business.org/test_student/stable-13ca0e47310505f4ab1ac59e891e9a3c5e5eec04/static/out/vs/code/browser/workbench/workbench.js:3665:29310)
    at T2e.h (https://ai-lab.rice-business.org/test_student/stable-13ca0e47310505f4ab1ac59e891e9a3c5e5eec04/static/out/vs/code/browser/workbench/workbench.js:3665:29292)
    at ufe.value (https://ai-lab.rice-business.org/test_student/stable-13ca0e47310505f4ab1ac59e891e9a3c5e5eec04/static/out/vs/code/browser/workbench/workbench.js:3665:29147)
    at L.C (https://ai-lab.rice-business.org/test_student/stable-13ca0e47310505f4ab1ac59e891e9a3c5e5eec04/static/out/vs/code/browser/workbench/workbench.js:29:2349)
    at L.fire (https://ai-lab.rice-business.org/test_student/stable-13ca0e47310505f4ab1ac59e891e9a3c5e5eec04/static/out/vs/code/browser/workbench/workbench.js:29:2568)
    at vfe.cancel (https://ai-lab.rice-business.org/test_student/stable-13ca0e47310505f4ab1ac59e891e9a3c5e5eec04/static/out/vs/code/browser/workbench/workbench.js:29:37897)
    at pt.cancel (https://ai-lab.rice-business.org/test_student/stable-13ca0e47310505f4ab1ac59e891e9a3c5e5eec04/static/out/vs/code/browser/workbench/workbench.js:29:38311)
    at ufe.value (https://ai-lab.rice-business.org/test_student/stable-13ca0e47310505f4ab1ac59e891e9a3c5e5eec04/static/out/vs/code/browser/workbench/workbench.js:3665:28888)
    at L.C (https://ai-lab.rice-business.org/test_student/stable-13ca0e47310505f4ab1ac59e891e9a3c5e5eec04/static/out/vs/code/browser/workbench/workbench.js:29:2349)
    at L.fire (https://ai-lab.rice-business.org/test_student/stable-13ca0e47310505f4ab1ac59e891e9a3c5e5eec04/static/out/vs/code/browser/workbench/workbench.js:29:2568)
    at vfe.cancel (https://ai-lab.rice-business.org/test_student/stable-13ca0e47310505f4ab1ac59e891e9a3c5e5eec04/static/out/vs/code/browser/workbench/workbench.js:29:37897)
    at pt.cancel (https://ai-lab.rice-business.org/test_student/stable-13ca0e47310505f4ab1ac59e891e9a3c5e5eec04/static/out/vs/code/browser/workbench/workbench.js:29:38311)
    at https://ai-lab.rice-business.org/test_student/stable-13ca0e47310505f4ab1ac59e891e9a3c5e5eec04/static/out/vs/code/browser/workbench/workbench.js:3665:28678 @ https://ai-lab.rice-business.org/test_student/stable-13ca0e47310505f4ab1ac59e891e9a3c5e5eec04/static/out/vs/code/browser/workbench/workbench.js:37
[ 4354478ms] [LOG] %c INFO color: #33f [remote-connection][Management   ][f6d89…][reconnect] A network error occurred while trying to reconnect, will try again... @ https://ai-lab.rice-business.org/test_student/stable-13ca0e47310505f4ab1ac59e891e9a3c5e5eec04/static/out/vs/code/browser/workbench/workbench.js:37
[ 4354479ms] [LOG] %c INFO color: #33f [remote-connection][Management   ][f6d89…][reconnect] waiting for 30 seconds before reconnecting... @ https://ai-lab.rice-business.org/test_student/stable-13ca0e47310505f4ab1ac59e891e9a3c5e5eec04/static/out/vs/code/browser/workbench/workbench.js:37
[ 4384316ms] [LOG] %c INFO color: #33f [remote-connection][ExtensionHost][4aceb…][reconnect] resolving connection... @ https://ai-lab.rice-business.org/test_student/stable-13ca0e47310505f4ab1ac59e891e9a3c5e5eec04/static/out/vs/code/browser/workbench/workbench.js:37
[ 4384316ms] [LOG] %c INFO color: #33f [remote-connection][ExtensionHost][4aceb…][reconnect] connecting to WebSocket(ai-lab.rice-business.org:443)... @ https://ai-lab.rice-business.org/test_student/stable-13ca0e47310505f4ab1ac59e891e9a3c5e5eec04/static/out/vs/code/browser/workbench/workbench.js:37
[ 4384316ms] [LOG] %c INFO color: #33f Creating a socket (renderer-ExtensionHost-4aceb238-020c-4daf-966a-5c687671a08c)... @ https://ai-lab.rice-business.org/test_student/stable-13ca0e47310505f4ab1ac59e891e9a3c5e5eec04/static/out/vs/code/browser/workbench/workbench.js:37
[ 4384484ms] [LOG] %c INFO color: #33f [remote-connection][Management   ][f6d89…][reconnect] resolving connection... @ https://ai-lab.rice-business.org/test_student/stable-13ca0e47310505f4ab1ac59e891e9a3c5e5eec04/static/out/vs/code/browser/workbench/workbench.js:37
[ 4384491ms] [LOG] %c INFO color: #33f [remote-connection][Management   ][f6d89…][reconnect] connecting to WebSocket(ai-lab.rice-business.org:443)... @ https://ai-lab.rice-business.org/test_student/stable-13ca0e47310505f4ab1ac59e891e9a3c5e5eec04/static/out/vs/code/browser/workbench/workbench.js:37
[ 4384491ms] [LOG] %c INFO color: #33f Creating a socket (renderer-Management-f6d89eb6-b512-45c4-bb6b-0b768dcac8ec)... @ https://ai-lab.rice-business.org/test_student/stable-13ca0e47310505f4ab1ac59e891e9a3c5e5eec04/static/out/vs/code/browser/workbench/workbench.js:37
[ 4384651ms] [LOG] %c INFO color: #33f Creating a socket (renderer-ExtensionHost-4aceb238-020c-4daf-966a-5c687671a08c) was successful after 334 ms. @ https://ai-lab.rice-business.org/test_student/stable-13ca0e47310505f4ab1ac59e891e9a3c5e5eec04/static/out/vs/code/browser/workbench/workbench.js:37
[ 4384854ms] [LOG] %c INFO color: #33f Creating a socket (renderer-Management-f6d89eb6-b512-45c4-bb6b-0b768dcac8ec) was successful after 364 ms. @ https://ai-lab.rice-business.org/test_student/stable-13ca0e47310505f4ab1ac59e891e9a3c5e5eec04/static/out/vs/code/browser/workbench/workbench.js:37
[ 4394657ms] [ERROR] %c  ERR color: #f33 [remote-connection][ExtensionHost][4aceb…][reconnect][WebSocket(ai-lab.rice-business.org:443)] the handshake timed out. Error: @ https://ai-lab.rice-business.org/test_student/stable-13ca0e47310505f4ab1ac59e891e9a3c5e5eec04/static/out/vs/code/browser/workbench/workbench.js:37
[ 4394658ms] [ERROR] %c  ERR color: #f33 Error: Time limit reached
    at T2e.i (https://ai-lab.rice-business.org/test_student/stable-13ca0e47310505f4ab1ac59e891e9a3c5e5eec04/static/out/vs/code/browser/workbench/workbench.js:3665:29310)
    at T2e.h (https://ai-lab.rice-business.org/test_student/stable-13ca0e47310505f4ab1ac59e891e9a3c5e5eec04/static/out/vs/code/browser/workbench/workbench.js:3665:29292)
    at ufe.value (https://ai-lab.rice-business.org/test_student/stable-13ca0e47310505f4ab1ac59e891e9a3c5e5eec04/static/out/vs/code/browser/workbench/workbench.js:3665:29147)
    at L.C (https://ai-lab.rice-business.org/test_student/stable-13ca0e47310505f4ab1ac59e891e9a3c5e5eec04/static/out/vs/code/browser/workbench/workbench.js:29:2349)
    at L.fire (https://ai-lab.rice-business.org/test_student/stable-13ca0e47310505f4ab1ac59e891e9a3c5e5eec04/static/out/vs/code/browser/workbench/workbench.js:29:2568)
    at vfe.cancel (https://ai-lab.rice-business.org/test_student/stable-13ca0e47310505f4ab1ac59e891e9a3c5e5eec04/static/out/vs/code/browser/workbench/workbench.js:29:37897)
    at pt.cancel (https://ai-lab.rice-business.org/test_student/stable-13ca0e47310505f4ab1ac59e891e9a3c5e5eec04/static/out/vs/code/browser/workbench/workbench.js:29:38311)
    at ufe.value (https://ai-lab.rice-business.org/test_student/stable-13ca0e47310505f4ab1ac59e891e9a3c5e5eec04/static/out/vs/code/browser/workbench/workbench.js:3665:28888)
    at L.C (https://ai-lab.rice-business.org/test_student/stable-13ca0e47310505f4ab1ac59e891e9a3c5e5eec04/static/out/vs/code/browser/workbench/workbench.js:29:2349)
    at L.fire (https://ai-lab.rice-business.org/test_student/stable-13ca0e47310505f4ab1ac59e891e9a3c5e5eec04/static/out/vs/code/browser/workbench/workbench.js:29:2568)
    at vfe.cancel (https://ai-lab.rice-business.org/test_student/stable-13ca0e47310505f4ab1ac59e891e9a3c5e5eec04/static/out/vs/code/browser/workbench/workbench.js:29:37897)
    at pt.cancel (https://ai-lab.rice-business.org/test_student/stable-13ca0e47310505f4ab1ac59e891e9a3c5e5eec04/static/out/vs/code/browser/workbench/workbench.js:29:38311)
    at https://ai-lab.rice-business.org/test_student/stable-13ca0e47310505f4ab1ac59e891e9a3c5e5eec04/static/out/vs/code/browser/workbench/workbench.js:3665:28678 @ https://ai-lab.rice-business.org/test_student/stable-13ca0e47310505f4ab1ac59e891e9a3c5e5eec04/static/out/vs/code/browser/workbench/workbench.js:37
[ 4394658ms] [LOG] %c INFO color: #33f [remote-connection][ExtensionHost][4aceb…][reconnect] A network error occurred while trying to reconnect, will try again... @ https://ai-lab.rice-business.org/test_student/stable-13ca0e47310505f4ab1ac59e891e9a3c5e5eec04/static/out/vs/code/browser/workbench/workbench.js:37
[ 4394658ms] [LOG] %c INFO color: #33f [remote-connection][ExtensionHost][4aceb…][reconnect] waiting for 30 seconds before reconnecting... @ https://ai-lab.rice-business.org/test_student/stable-13ca0e47310505f4ab1ac59e891e9a3c5e5eec04/static/out/vs/code/browser/workbench/workbench.js:37
[ 4394855ms] [ERROR] %c  ERR color: #f33 [remote-connection][Management   ][f6d89…][reconnect][WebSocket(ai-lab.rice-business.org:443)] the handshake timed out. Error: @ https://ai-lab.rice-business.org/test_student/stable-13ca0e47310505f4ab1ac59e891e9a3c5e5eec04/static/out/vs/code/browser/workbench/workbench.js:37
[ 4394855ms] [ERROR] %c  ERR color: #f33 Error: Time limit reached
    at T2e.i (https://ai-lab.rice-business.org/test_student/stable-13ca0e47310505f4ab1ac59e891e9a3c5e5eec04/static/out/vs/code/browser/workbench/workbench.js:3665:29310)
    at T2e.h (https://ai-lab.rice-business.org/test_student/stable-13ca0e47310505f4ab1ac59e891e9a3c5e5eec04/static/out/vs/code/browser/workbench/workbench.js:3665:29292)
    at ufe.value (https://ai-lab.rice-business.org/test_student/stable-13ca0e47310505f4ab1ac59e891e9a3c5e5eec04/static/out/vs/code/browser/workbench/workbench.js:3665:29147)
    at L.C (https://ai-lab.rice-business.org/test_student/stable-13ca0e47310505f4ab1ac59e891e9a3c5e5eec04/static/out/vs/code/browser/workbench/workbench.js:29:2349)
    at L.fire (https://ai-lab.rice-business.org/test_student/stable-13ca0e47310505f4ab1ac59e891e9a3c5e5eec04/static/out/vs/code/browser/workbench/workbench.js:29:2568)
    at vfe.cancel (https://ai-lab.rice-business.org/test_student/stable-13ca0e47310505f4ab1ac59e891e9a3c5e5eec04/static/out/vs/code/browser/workbench/workbench.js:29:37897)
    at pt.cancel (https://ai-lab.rice-business.org/test_student/stable-13ca0e47310505f4ab1ac59e891e9a3c5e5eec04/static/out/vs/code/browser/workbench/workbench.js:29:38311)
    at ufe.value (https://ai-lab.rice-business.org/test_student/stable-13ca0e47310505f4ab1ac59e891e9a3c5e5eec04/static/out/vs/code/browser/workbench/workbench.js:3665:28888)
    at L.C (https://ai-lab.rice-business.org/test_student/stable-13ca0e47310505f4ab1ac59e891e9a3c5e5eec04/static/out/vs/code/browser/workbench/workbench.js:29:2349)
    at L.fire (https://ai-lab.rice-business.org/test_student/stable-13ca0e47310505f4ab1ac59e891e9a3c5e5eec04/static/out/vs/code/browser/workbench/workbench.js:29:2568)
    at vfe.cancel (https://ai-lab.rice-business.org/test_student/stable-13ca0e47310505f4ab1ac59e891e9a3c5e5eec04/static/out/vs/code/browser/workbench/workbench.js:29:37897)
    at pt.cancel (https://ai-lab.rice-business.org/test_student/stable-13ca0e47310505f4ab1ac59e891e9a3c5e5eec04/static/out/vs/code/browser/workbench/workbench.js:29:38311)
    at https://ai-lab.rice-business.org/test_student/stable-13ca0e47310505f4ab1ac59e891e9a3c5e5eec04/static/out/vs/code/browser/workbench/workbench.js:3665:28678 @ https://ai-lab.rice-business.org/test_student/stable-13ca0e47310505f4ab1ac59e891e9a3c5e5eec04/static/out/vs/code/browser/workbench/workbench.js:37
[ 4394856ms] [LOG] %c INFO color: #33f [remote-connection][Management   ][f6d89…][reconnect] A network error occurred while trying to reconnect, will try again... @ https://ai-lab.rice-business.org/test_student/stable-13ca0e47310505f4ab1ac59e891e9a3c5e5eec04/static/out/vs/code/browser/workbench/workbench.js:37
[ 4394856ms] [LOG] %c INFO color: #33f [remote-connection][Management   ][f6d89…][reconnect] waiting for 30 seconds before reconnecting... @ https://ai-lab.rice-business.org/test_student/stable-13ca0e47310505f4ab1ac59e891e9a3c5e5eec04/static/out/vs/code/browser/workbench/workbench.js:37
[ 4424667ms] [LOG] %c INFO color: #33f [remote-connection][ExtensionHost][4aceb…][reconnect] resolving connection... @ https://ai-lab.rice-business.org/test_student/stable-13ca0e47310505f4ab1ac59e891e9a3c5e5eec04/static/out/vs/code/browser/workbench/workbench.js:37
[ 4424667ms] [LOG] %c INFO color: #33f [remote-connection][ExtensionHost][4aceb…][reconnect] connecting to WebSocket(ai-lab.rice-business.org:443)... @ https://ai-lab.rice-business.org/test_student/stable-13ca0e47310505f4ab1ac59e891e9a3c5e5eec04/static/out/vs/code/browser/workbench/workbench.js:37
[ 4424667ms] [LOG] %c INFO color: #33f Creating a socket (renderer-ExtensionHost-4aceb238-020c-4daf-966a-5c687671a08c)... @ https://ai-lab.rice-business.org/test_student/stable-13ca0e47310505f4ab1ac59e891e9a3c5e5eec04/static/out/vs/code/browser/workbench/workbench.js:37
[ 4424866ms] [LOG] %c INFO color: #33f [remote-connection][Management   ][f6d89…][reconnect] resolving connection... @ https://ai-lab.rice-business.org/test_student/stable-13ca0e47310505f4ab1ac59e891e9a3c5e5eec04/static/out/vs/code/browser/workbench/workbench.js:37
[ 4424867ms] [LOG] %c INFO color: #33f [remote-connection][Management   ][f6d89…][reconnect] connecting to WebSocket(ai-lab.rice-business.org:443)... @ https://ai-lab.rice-business.org/test_student/stable-13ca0e47310505f4ab1ac59e891e9a3c5e5eec04/static/out/vs/code/browser/workbench/workbench.js:37
[ 4424867ms] [LOG] %c INFO color: #33f Creating a socket (renderer-Management-f6d89eb6-b512-45c4-bb6b-0b768dcac8ec)... @ https://ai-lab.rice-business.org/test_student/stable-13ca0e47310505f4ab1ac59e891e9a3c5e5eec04/static/out/vs/code/browser/workbench/workbench.js:37
[ 4425208ms] [LOG] %c INFO color: #33f Creating a socket (renderer-ExtensionHost-4aceb238-020c-4daf-966a-5c687671a08c) was successful after 540 ms. @ https://ai-lab.rice-business.org/test_student/stable-13ca0e47310505f4ab1ac59e891e9a3c5e5eec04/static/out/vs/code/browser/workbench/workbench.js:37
[ 4425409ms] [LOG] %c INFO color: #33f Creating a socket (renderer-Management-f6d89eb6-b512-45c4-bb6b-0b768dcac8ec) was successful after 541 ms. @ https://ai-lab.rice-business.org/test_student/stable-13ca0e47310505f4ab1ac59e891e9a3c5e5eec04/static/out/vs/code/browser/workbench/workbench.js:37
[ 4435210ms] [ERROR] %c  ERR color: #f33 [remote-connection][ExtensionHost][4aceb…][reconnect][WebSocket(ai-lab.rice-business.org:443)] the handshake timed out. Error: @ https://ai-lab.rice-business.org/test_student/stable-13ca0e47310505f4ab1ac59e891e9a3c5e5eec04/static/out/vs/code/browser/workbench/workbench.js:37
[ 4435210ms] [ERROR] %c  ERR color: #f33 Error: Time limit reached
    at T2e.i (https://ai-lab.rice-business.org/test_student/stable-13ca0e47310505f4ab1ac59e891e9a3c5e5eec04/static/out/vs/code/browser/workbench/workbench.js:3665:29310)
    at T2e.h (https://ai-lab.rice-business.org/test_student/stable-13ca0e47310505f4ab1ac59e891e9a3c5e5eec04/static/out/vs/code/browser/workbench/workbench.js:3665:29292)
    at ufe.value (https://ai-lab.rice-business.org/test_student/stable-13ca0e47310505f4ab1ac59e891e9a3c5e5eec04/static/out/vs/code/browser/workbench/workbench.js:3665:29147)
    at L.C (https://ai-lab.rice-business.org/test_student/stable-13ca0e47310505f4ab1ac59e891e9a3c5e5eec04/static/out/vs/code/browser/workbench/workbench.js:29:2349)
    at L.fire (https://ai-lab.rice-business.org/test_student/stable-13ca0e47310505f4ab1ac59e891e9a3c5e5eec04/static/out/vs/code/browser/workbench/workbench.js:29:2568)
    at vfe.cancel (https://ai-lab.rice-business.org/test_student/stable-13ca0e47310505f4ab1ac59e891e9a3c5e5eec04/static/out/vs/code/browser/workbench/workbench.js:29:37897)
    at pt.cancel (https://ai-lab.rice-business.org/test_student/stable-13ca0e47310505f4ab1ac59e891e9a3c5e5eec04/static/out/vs/code/browser/workbench/workbench.js:29:38311)
    at ufe.value (https://ai-lab.rice-business.org/test_student/stable-13ca0e47310505f4ab1ac59e891e9a3c5e5eec04/static/out/vs/code/browser/workbench/workbench.js:3665:28888)
    at L.C (https://ai-lab.rice-business.org/test_student/stable-13ca0e47310505f4ab1ac59e891e9a3c5e5eec04/static/out/vs/code/browser/workbench/workbench.js:29:2349)
    at L.fire (https://ai-lab.rice-business.org/test_student/stable-13ca0e47310505f4ab1ac59e891e9a3c5e5eec04/static/out/vs/code/browser/workbench/workbench.js:29:2568)
    at vfe.cancel (https://ai-lab.rice-business.org/test_student/stable-13ca0e47310505f4ab1ac59e891e9a3c5e5eec04/static/out/vs/code/browser/workbench/workbench.js:29:37897)
    at pt.cancel (https://ai-lab.rice-business.org/test_student/stable-13ca0e47310505f4ab1ac59e891e9a3c5e5eec04/static/out/vs/code/browser/workbench/workbench.js:29:38311)
    at https://ai-lab.rice-business.org/test_student/stable-13ca0e47310505f4ab1ac59e891e9a3c5e5eec04/static/out/vs/code/browser/workbench/workbench.js:3665:28678 @ https://ai-lab.rice-business.org/test_student/stable-13ca0e47310505f4ab1ac59e891e9a3c5e5eec04/static/out/vs/code/browser/workbench/workbench.js:37
[ 4435211ms] [LOG] %c INFO color: #33f [remote-connection][ExtensionHost][4aceb…][reconnect] A network error occurred while trying to reconnect, will try again... @ https://ai-lab.rice-business.org/test_student/stable-13ca0e47310505f4ab1ac59e891e9a3c5e5eec04/static/out/vs/code/browser/workbench/workbench.js:37
[ 4435211ms] [LOG] %c INFO color: #33f [remote-connection][ExtensionHost][4aceb…][reconnect] waiting for 30 seconds before reconnecting... @ https://ai-lab.rice-business.org/test_student/stable-13ca0e47310505f4ab1ac59e891e9a3c5e5eec04/static/out/vs/code/browser/workbench/workbench.js:37
[ 4435415ms] [ERROR] %c  ERR color: #f33 [remote-connection][Management   ][f6d89…][reconnect][WebSocket(ai-lab.rice-business.org:443)] the handshake timed out. Error: @ https://ai-lab.rice-business.org/test_student/stable-13ca0e47310505f4ab1ac59e891e9a3c5e5eec04/static/out/vs/code/browser/workbench/workbench.js:37
[ 4435415ms] [ERROR] %c  ERR color: #f33 Error: Time limit reached
    at T2e.i (https://ai-lab.rice-business.org/test_student/stable-13ca0e47310505f4ab1ac59e891e9a3c5e5eec04/static/out/vs/code/browser/workbench/workbench.js:3665:29310)
    at T2e.h (https://ai-lab.rice-business.org/test_student/stable-13ca0e47310505f4ab1ac59e891e9a3c5e5eec04/static/out/vs/code/browser/workbench/workbench.js:3665:29292)
    at ufe.value (https://ai-lab.rice-business.org/test_student/stable-13ca0e47310505f4ab1ac59e891e9a3c5e5eec04/static/out/vs/code/browser/workbench/workbench.js:3665:29147)
    at L.C (https://ai-lab.rice-business.org/test_student/stable-13ca0e47310505f4ab1ac59e891e9a3c5e5eec04/static/out/vs/code/browser/workbench/workbench.js:29:2349)
    at L.fire (https://ai-lab.rice-business.org/test_student/stable-13ca0e47310505f4ab1ac59e891e9a3c5e5eec04/static/out/vs/code/browser/workbench/workbench.js:29:2568)
    at vfe.cancel (https://ai-lab.rice-business.org/test_student/stable-13ca0e47310505f4ab1ac59e891e9a3c5e5eec04/static/out/vs/code/browser/workbench/workbench.js:29:37897)
    at pt.cancel (https://ai-lab.rice-business.org/test_student/stable-13ca0e47310505f4ab1ac59e891e9a3c5e5eec04/static/out/vs/code/browser/workbench/workbench.js:29:38311)
    at ufe.value (https://ai-lab.rice-business.org/test_student/stable-13ca0e47310505f4ab1ac59e891e9a3c5e5eec04/static/out/vs/code/browser/workbench/workbench.js:3665:28888)
    at L.C (https://ai-lab.rice-business.org/test_student/stable-13ca0e47310505f4ab1ac59e891e9a3c5e5eec04/static/out/vs/code/browser/workbench/workbench.js:29:2349)
    at L.fire (https://ai-lab.rice-business.org/test_student/stable-13ca0e47310505f4ab1ac59e891e9a3c5e5eec04/static/out/vs/code/browser/workbench/workbench.js:29:2568)
    at vfe.cancel (https://ai-lab.rice-business.org/test_student/stable-13ca0e47310505f4ab1ac59e891e9a3c5e5eec04/static/out/vs/code/browser/workbench/workbench.js:29:37897)
    at pt.cancel (https://ai-lab.rice-business.org/test_student/stable-13ca0e47310505f4ab1ac59e891e9a3c5e5eec04/static/out/vs/code/browser/workbench/workbench.js:29:38311)
    at https://ai-lab.rice-business.org/test_student/stable-13ca0e47310505f4ab1ac59e891e9a3c5e5eec04/static/out/vs/code/browser/workbench/workbench.js:3665:28678 @ https://ai-lab.rice-business.org/test_student/stable-13ca0e47310505f4ab1ac59e891e9a3c5e5eec04/static/out/vs/code/browser/workbench/workbench.js:37
[ 4435415ms] [LOG] %c INFO color: #33f [remote-connection][Management   ][f6d89…][reconnect] A network error occurred while trying to reconnect, will try again... @ https://ai-lab.rice-business.org/test_student/stable-13ca0e47310505f4ab1ac59e891e9a3c5e5eec04/static/out/vs/code/browser/workbench/workbench.js:37
[ 4435415ms] [LOG] %c INFO color: #33f [remote-connection][Management   ][f6d89…][reconnect] waiting for 30 seconds before reconnecting... @ https://ai-lab.rice-business.org/test_student/stable-13ca0e47310505f4ab1ac59e891e9a3c5e5eec04/static/out/vs/code/browser/workbench/workbench.js:37
[ 4465219ms] [LOG] %c INFO color: #33f [remote-connection][ExtensionHost][4aceb…][reconnect] resolving connection... @ https://ai-lab.rice-business.org/test_student/stable-13ca0e47310505f4ab1ac59e891e9a3c5e5eec04/static/out/vs/code/browser/workbench/workbench.js:37
[ 4465219ms] [LOG] %c INFO color: #33f [remote-connection][ExtensionHost][4aceb…][reconnect] connecting to WebSocket(ai-lab.rice-business.org:443)... @ https://ai-lab.rice-business.org/test_student/stable-13ca0e47310505f4ab1ac59e891e9a3c5e5eec04/static/out/vs/code/browser/workbench/workbench.js:37
[ 4465219ms] [LOG] %c INFO color: #33f Creating a socket (renderer-ExtensionHost-4aceb238-020c-4daf-966a-5c687671a08c)... @ https://ai-lab.rice-business.org/test_student/stable-13ca0e47310505f4ab1ac59e891e9a3c5e5eec04/static/out/vs/code/browser/workbench/workbench.js:37
[ 4465418ms] [LOG] %c INFO color: #33f [remote-connection][Management   ][f6d89…][reconnect] resolving connection... @ https://ai-lab.rice-business.org/test_student/stable-13ca0e47310505f4ab1ac59e891e9a3c5e5eec04/static/out/vs/code/browser/workbench/workbench.js:37
[ 4465420ms] [LOG] %c INFO color: #33f [remote-connection][Management   ][f6d89…][reconnect] connecting to WebSocket(ai-lab.rice-business.org:443)... @ https://ai-lab.rice-business.org/test_student/stable-13ca0e47310505f4ab1ac59e891e9a3c5e5eec04/static/out/vs/code/browser/workbench/workbench.js:37
[ 4465420ms] [LOG] %c INFO color: #33f Creating a socket (renderer-Management-f6d89eb6-b512-45c4-bb6b-0b768dcac8ec)... @ https://ai-lab.rice-business.org/test_student/stable-13ca0e47310505f4ab1ac59e891e9a3c5e5eec04/static/out/vs/code/browser/workbench/workbench.js:37
[ 4465496ms] [LOG] %c INFO color: #33f Creating a socket (renderer-ExtensionHost-4aceb238-020c-4daf-966a-5c687671a08c) was successful after 276 ms. @ https://ai-lab.rice-business.org/test_student/stable-13ca0e47310505f4ab1ac59e891e9a3c5e5eec04/static/out/vs/code/browser/workbench/workbench.js:37
[ 4465703ms] [LOG] %c INFO color: #33f Creating a socket (renderer-Management-f6d89eb6-b512-45c4-bb6b-0b768dcac8ec) was successful after 283 ms. @ https://ai-lab.rice-business.org/test_student/stable-13ca0e47310505f4ab1ac59e891e9a3c5e5eec04/static/out/vs/code/browser/workbench/workbench.js:37
[ 4475505ms] [ERROR] %c  ERR color: #f33 [remote-connection][ExtensionHost][4aceb…][reconnect][WebSocket(ai-lab.rice-business.org:443)] the handshake timed out. Error: @ https://ai-lab.rice-business.org/test_student/stable-13ca0e47310505f4ab1ac59e891e9a3c5e5eec04/static/out/vs/code/browser/workbench/workbench.js:37
[ 4475506ms] [ERROR] %c  ERR color: #f33 Error: Time limit reached
    at T2e.i (https://ai-lab.rice-business.org/test_student/stable-13ca0e47310505f4ab1ac59e891e9a3c5e5eec04/static/out/vs/code/browser/workbench/workbench.js:3665:29310)
    at T2e.h (https://ai-lab.rice-business.org/test_student/stable-13ca0e47310505f4ab1ac59e891e9a3c5e5eec04/static/out/vs/code/browser/workbench/workbench.js:3665:29292)
    at ufe.value (https://ai-lab.rice-business.org/test_student/stable-13ca0e47310505f4ab1ac59e891e9a3c5e5eec04/static/out/vs/code/browser/workbench/workbench.js:3665:29147)
    at L.C (https://ai-lab.rice-business.org/test_student/stable-13ca0e47310505f4ab1ac59e891e9a3c5e5eec04/static/out/vs/code/browser/workbench/workbench.js:29:2349)
    at L.fire (https://ai-lab.rice-business.org/test_student/stable-13ca0e47310505f4ab1ac59e891e9a3c5e5eec04/static/out/vs/code/browser/workbench/workbench.js:29:2568)
    at vfe.cancel (https://ai-lab.rice-business.org/test_student/stable-13ca0e47310505f4ab1ac59e891e9a3c5e5eec04/static/out/vs/code/browser/workbench/workbench.js:29:37897)
    at pt.cancel (https://ai-lab.rice-business.org/test_student/stable-13ca0e47310505f4ab1ac59e891e9a3c5e5eec04/static/out/vs/code/browser/workbench/workbench.js:29:38311)
    at ufe.value (https://ai-lab.rice-business.org/test_student/stable-13ca0e47310505f4ab1ac59e891e9a3c5e5eec04/static/out/vs/code/browser/workbench/workbench.js:3665:28888)
    at L.C (https://ai-lab.rice-business.org/test_student/stable-13ca0e47310505f4ab1ac59e891e9a3c5e5eec04/static/out/vs/code/browser/workbench/workbench.js:29:2349)
    at L.fire (https://ai-lab.rice-business.org/test_student/stable-13ca0e47310505f4ab1ac59e891e9a3c5e5eec04/static/out/vs/code/browser/workbench/workbench.js:29:2568)
    at vfe.cancel (https://ai-lab.rice-business.org/test_student/stable-13ca0e47310505f4ab1ac59e891e9a3c5e5eec04/static/out/vs/code/browser/workbench/workbench.js:29:37897)
    at pt.cancel (https://ai-lab.rice-business.org/test_student/stable-13ca0e47310505f4ab1ac59e891e9a3c5e5eec04/static/out/vs/code/browser/workbench/workbench.js:29:38311)
    at https://ai-lab.rice-business.org/test_student/stable-13ca0e47310505f4ab1ac59e891e9a3c5e5eec04/static/out/vs/code/browser/workbench/workbench.js:3665:28678 @ https://ai-lab.rice-business.org/test_student/stable-13ca0e47310505f4ab1ac59e891e9a3c5e5eec04/static/out/vs/code/browser/workbench/workbench.js:37
[ 4475506ms] [LOG] %c INFO color: #33f [remote-connection][ExtensionHost][4aceb…][reconnect] A network error occurred while trying to reconnect, will try again... @ https://ai-lab.rice-business.org/test_student/stable-13ca0e47310505f4ab1ac59e891e9a3c5e5eec04/static/out/vs/code/browser/workbench/workbench.js:37
[ 4475506ms] [LOG] %c INFO color: #33f [remote-connection][ExtensionHost][4aceb…][reconnect] waiting for 30 seconds before reconnecting... @ https://ai-lab.rice-business.org/test_student/stable-13ca0e47310505f4ab1ac59e891e9a3c5e5eec04/static/out/vs/code/browser/workbench/workbench.js:37
[ 4475706ms] [ERROR] %c  ERR color: #f33 [remote-connection][Management   ][f6d89…][reconnect][WebSocket(ai-lab.rice-business.org:443)] the handshake timed out. Error: @ https://ai-lab.rice-business.org/test_student/stable-13ca0e47310505f4ab1ac59e891e9a3c5e5eec04/static/out/vs/code/browser/workbench/workbench.js:37
[ 4475706ms] [ERROR] %c  ERR color: #f33 Error: Time limit reached
    at T2e.i (https://ai-lab.rice-business.org/test_student/stable-13ca0e47310505f4ab1ac59e891e9a3c5e5eec04/static/out/vs/code/browser/workbench/workbench.js:3665:29310)
    at T2e.h (https://ai-lab.rice-business.org/test_student/stable-13ca0e47310505f4ab1ac59e891e9a3c5e5eec04/static/out/vs/code/browser/workbench/workbench.js:3665:29292)
    at ufe.value (https://ai-lab.rice-business.org/test_student/stable-13ca0e47310505f4ab1ac59e891e9a3c5e5eec04/static/out/vs/code/browser/workbench/workbench.js:3665:29147)
    at L.C (https://ai-lab.rice-business.org/test_student/stable-13ca0e47310505f4ab1ac59e891e9a3c5e5eec04/static/out/vs/code/browser/workbench/workbench.js:29:2349)
    at L.fire (https://ai-lab.rice-business.org/test_student/stable-13ca0e47310505f4ab1ac59e891e9a3c5e5eec04/static/out/vs/code/browser/workbench/workbench.js:29:2568)
    at vfe.cancel (https://ai-lab.rice-business.org/test_student/stable-13ca0e47310505f4ab1ac59e891e9a3c5e5eec04/static/out/vs/code/browser/workbench/workbench.js:29:37897)
    at pt.cancel (https://ai-lab.rice-business.org/test_student/stable-13ca0e47310505f4ab1ac59e891e9a3c5e5eec04/static/out/vs/code/browser/workbench/workbench.js:29:38311)
    at ufe.value (https://ai-lab.rice-business.org/test_student/stable-13ca0e47310505f4ab1ac59e891e9a3c5e5eec04/static/out/vs/code/browser/workbench/workbench.js:3665:28888)
    at L.C (https://ai-lab.rice-business.org/test_student/stable-13ca0e47310505f4ab1ac59e891e9a3c5e5eec04/static/out/vs/code/browser/workbench/workbench.js:29:2349)
    at L.fire (https://ai-lab.rice-business.org/test_student/stable-13ca0e47310505f4ab1ac59e891e9a3c5e5eec04/static/out/vs/code/browser/workbench/workbench.js:29:2568)
    at vfe.cancel (https://ai-lab.rice-business.org/test_student/stable-13ca0e47310505f4ab1ac59e891e9a3c5e5eec04/static/out/vs/code/browser/workbench/workbench.js:29:37897)
    at pt.cancel (https://ai-lab.rice-business.org/test_student/stable-13ca0e47310505f4ab1ac59e891e9a3c5e5eec04/static/out/vs/code/browser/workbench/workbench.js:29:38311)
    at https://ai-lab.rice-business.org/test_student/stable-13ca0e47310505f4ab1ac59e891e9a3c5e5eec04/static/out/vs/code/browser/workbench/workbench.js:3665:28678 @ https://ai-lab.rice-business.org/test_student/stable-13ca0e47310505f4ab1ac59e891e9a3c5e5eec04/static/out/vs/code/browser/workbench/workbench.js:37
[ 4475706ms] [LOG] %c INFO color: #33f [remote-connection][Management   ][f6d89…][reconnect] A network error occurred while trying to reconnect, will try again... @ https://ai-lab.rice-business.org/test_student/stable-13ca0e47310505f4ab1ac59e891e9a3c5e5eec04/static/out/vs/code/browser/workbench/workbench.js:37
[ 4475706ms] [LOG] %c INFO color: #33f [remote-connection][Management   ][f6d89…][reconnect] waiting for 30 seconds before reconnecting... @ https://ai-lab.rice-business.org/test_student/stable-13ca0e47310505f4ab1ac59e891e9a3c5e5eec04/static/out/vs/code/browser/workbench/workbench.js:37
[ 4505521ms] [LOG] %c INFO color: #33f [remote-connection][ExtensionHost][4aceb…][reconnect] resolving connection... @ https://ai-lab.rice-business.org/test_student/stable-13ca0e47310505f4ab1ac59e891e9a3c5e5eec04/static/out/vs/code/browser/workbench/workbench.js:37
[ 4505522ms] [LOG] %c INFO color: #33f [remote-connection][ExtensionHost][4aceb…][reconnect] connecting to WebSocket(ai-lab.rice-business.org:443)... @ https://ai-lab.rice-business.org/test_student/stable-13ca0e47310505f4ab1ac59e891e9a3c5e5eec04/static/out/vs/code/browser/workbench/workbench.js:37
[ 4505522ms] [LOG] %c INFO color: #33f Creating a socket (renderer-ExtensionHost-4aceb238-020c-4daf-966a-5c687671a08c)... @ https://ai-lab.rice-business.org/test_student/stable-13ca0e47310505f4ab1ac59e891e9a3c5e5eec04/static/out/vs/code/browser/workbench/workbench.js:37
[ 4505720ms] [LOG] %c INFO color: #33f [remote-connection][Management   ][f6d89…][reconnect] resolving connection... @ https://ai-lab.rice-business.org/test_student/stable-13ca0e47310505f4ab1ac59e891e9a3c5e5eec04/static/out/vs/code/browser/workbench/workbench.js:37
[ 4505722ms] [LOG] %c INFO color: #33f [remote-connection][Management   ][f6d89…][reconnect] connecting to WebSocket(ai-lab.rice-business.org:443)... @ https://ai-lab.rice-business.org/test_student/stable-13ca0e47310505f4ab1ac59e891e9a3c5e5eec04/static/out/vs/code/browser/workbench/workbench.js:37
[ 4505722ms] [LOG] %c INFO color: #33f Creating a socket (renderer-Management-f6d89eb6-b512-45c4-bb6b-0b768dcac8ec)... @ https://ai-lab.rice-business.org/test_student/stable-13ca0e47310505f4ab1ac59e891e9a3c5e5eec04/static/out/vs/code/browser/workbench/workbench.js:37
[ 4505959ms] [LOG] %c INFO color: #33f Creating a socket (renderer-ExtensionHost-4aceb238-020c-4daf-966a-5c687671a08c) was successful after 437 ms. @ https://ai-lab.rice-business.org/test_student/stable-13ca0e47310505f4ab1ac59e891e9a3c5e5eec04/static/out/vs/code/browser/workbench/workbench.js:37
[ 4506171ms] [LOG] %c INFO color: #33f Creating a socket (renderer-Management-f6d89eb6-b512-45c4-bb6b-0b768dcac8ec) was successful after 450 ms. @ https://ai-lab.rice-business.org/test_student/stable-13ca0e47310505f4ab1ac59e891e9a3c5e5eec04/static/out/vs/code/browser/workbench/workbench.js:37
[ 4515970ms] [ERROR] %c  ERR color: #f33 [remote-connection][ExtensionHost][4aceb…][reconnect][WebSocket(ai-lab.rice-business.org:443)] the handshake timed out. Error: @ https://ai-lab.rice-business.org/test_student/stable-13ca0e47310505f4ab1ac59e891e9a3c5e5eec04/static/out/vs/code/browser/workbench/workbench.js:37
[ 4515971ms] [ERROR] %c  ERR color: #f33 Error: Time limit reached
    at T2e.i (https://ai-lab.rice-business.org/test_student/stable-13ca0e47310505f4ab1ac59e891e9a3c5e5eec04/static/out/vs/code/browser/workbench/workbench.js:3665:29310)
    at T2e.h (https://ai-lab.rice-business.org/test_student/stable-13ca0e47310505f4ab1ac59e891e9a3c5e5eec04/static/out/vs/code/browser/workbench/workbench.js:3665:29292)
    at ufe.value (https://ai-lab.rice-business.org/test_student/stable-13ca0e47310505f4ab1ac59e891e9a3c5e5eec04/static/out/vs/code/browser/workbench/workbench.js:3665:29147)
    at L.C (https://ai-lab.rice-business.org/test_student/stable-13ca0e47310505f4ab1ac59e891e9a3c5e5eec04/static/out/vs/code/browser/workbench/workbench.js:29:2349)
    at L.fire (https://ai-lab.rice-business.org/test_student/stable-13ca0e47310505f4ab1ac59e891e9a3c5e5eec04/static/out/vs/code/browser/workbench/workbench.js:29:2568)
    at vfe.cancel (https://ai-lab.rice-business.org/test_student/stable-13ca0e47310505f4ab1ac59e891e9a3c5e5eec04/static/out/vs/code/browser/workbench/workbench.js:29:37897)
    at pt.cancel (https://ai-lab.rice-business.org/test_student/stable-13ca0e47310505f4ab1ac59e891e9a3c5e5eec04/static/out/vs/code/browser/workbench/workbench.js:29:38311)
    at ufe.value (https://ai-lab.rice-business.org/test_student/stable-13ca0e47310505f4ab1ac59e891e9a3c5e5eec04/static/out/vs/code/browser/workbench/workbench.js:3665:28888)
    at L.C (https://ai-lab.rice-business.org/test_student/stable-13ca0e47310505f4ab1ac59e891e9a3c5e5eec04/static/out/vs/code/browser/workbench/workbench.js:29:2349)
    at L.fire (https://ai-lab.rice-business.org/test_student/stable-13ca0e47310505f4ab1ac59e891e9a3c5e5eec04/static/out/vs/code/browser/workbench/workbench.js:29:2568)
    at vfe.cancel (https://ai-lab.rice-business.org/test_student/stable-13ca0e47310505f4ab1ac59e891e9a3c5e5eec04/static/out/vs/code/browser/workbench/workbench.js:29:37897)
    at pt.cancel (https://ai-lab.rice-business.org/test_student/stable-13ca0e47310505f4ab1ac59e891e9a3c5e5eec04/static/out/vs/code/browser/workbench/workbench.js:29:38311)
    at https://ai-lab.rice-business.org/test_student/stable-13ca0e47310505f4ab1ac59e891e9a3c5e5eec04/static/out/vs/code/browser/workbench/workbench.js:3665:28678 @ https://ai-lab.rice-business.org/test_student/stable-13ca0e47310505f4ab1ac59e891e9a3c5e5eec04/static/out/vs/code/browser/workbench/workbench.js:37
[ 4515971ms] [LOG] %c INFO color: #33f [remote-connection][ExtensionHost][4aceb…][reconnect] A network error occurred while trying to reconnect, will try again... @ https://ai-lab.rice-business.org/test_student/stable-13ca0e47310505f4ab1ac59e891e9a3c5e5eec04/static/out/vs/code/browser/workbench/workbench.js:37
[ 4515971ms] [LOG] %c INFO color: #33f [remote-connection][ExtensionHost][4aceb…][reconnect] waiting for 30 seconds before reconnecting... @ https://ai-lab.rice-business.org/test_student/stable-13ca0e47310505f4ab1ac59e891e9a3c5e5eec04/static/out/vs/code/browser/workbench/workbench.js:37
[ 4516179ms] [ERROR] %c  ERR color: #f33 [remote-connection][Management   ][f6d89…][reconnect][WebSocket(ai-lab.rice-business.org:443)] the handshake timed out. Error: @ https://ai-lab.rice-business.org/test_student/stable-13ca0e47310505f4ab1ac59e891e9a3c5e5eec04/static/out/vs/code/browser/workbench/workbench.js:37
[ 4516179ms] [ERROR] %c  ERR color: #f33 Error: Time limit reached
    at T2e.i (https://ai-lab.rice-business.org/test_student/stable-13ca0e47310505f4ab1ac59e891e9a3c5e5eec04/static/out/vs/code/browser/workbench/workbench.js:3665:29310)
    at T2e.h (https://ai-lab.rice-business.org/test_student/stable-13ca0e47310505f4ab1ac59e891e9a3c5e5eec04/static/out/vs/code/browser/workbench/workbench.js:3665:29292)
    at ufe.value (https://ai-lab.rice-business.org/test_student/stable-13ca0e47310505f4ab1ac59e891e9a3c5e5eec04/static/out/vs/code/browser/workbench/workbench.js:3665:29147)
    at L.C (https://ai-lab.rice-business.org/test_student/stable-13ca0e47310505f4ab1ac59e891e9a3c5e5eec04/static/out/vs/code/browser/workbench/workbench.js:29:2349)
    at L.fire (https://ai-lab.rice-business.org/test_student/stable-13ca0e47310505f4ab1ac59e891e9a3c5e5eec04/static/out/vs/code/browser/workbench/workbench.js:29:2568)
    at vfe.cancel (https://ai-lab.rice-business.org/test_student/stable-13ca0e47310505f4ab1ac59e891e9a3c5e5eec04/static/out/vs/code/browser/workbench/workbench.js:29:37897)
    at pt.cancel (https://ai-lab.rice-business.org/test_student/stable-13ca0e47310505f4ab1ac59e891e9a3c5e5eec04/static/out/vs/code/browser/workbench/workbench.js:29:38311)
    at ufe.value (https://ai-lab.rice-business.org/test_student/stable-13ca0e47310505f4ab1ac59e891e9a3c5e5eec04/static/out/vs/code/browser/workbench/workbench.js:3665:28888)
    at L.C (https://ai-lab.rice-business.org/test_student/stable-13ca0e47310505f4ab1ac59e891e9a3c5e5eec04/static/out/vs/code/browser/workbench/workbench.js:29:2349)
    at L.fire (https://ai-lab.rice-business.org/test_student/stable-13ca0e47310505f4ab1ac59e891e9a3c5e5eec04/static/out/vs/code/browser/workbench/workbench.js:29:2568)
    at vfe.cancel (https://ai-lab.rice-business.org/test_student/stable-13ca0e47310505f4ab1ac59e891e9a3c5e5eec04/static/out/vs/code/browser/workbench/workbench.js:29:37897)
    at pt.cancel (https://ai-lab.rice-business.org/test_student/stable-13ca0e47310505f4ab1ac59e891e9a3c5e5eec04/static/out/vs/code/browser/workbench/workbench.js:29:38311)
    at https://ai-lab.rice-business.org/test_student/stable-13ca0e47310505f4ab1ac59e891e9a3c5e5eec04/static/out/vs/code/browser/workbench/workbench.js:3665:28678 @ https://ai-lab.rice-business.org/test_student/stable-13ca0e47310505f4ab1ac59e891e9a3c5e5eec04/static/out/vs/code/browser/workbench/workbench.js:37
[ 4516179ms] [LOG] %c INFO color: #33f [remote-connection][Management   ][f6d89…][reconnect] A network error occurred while trying to reconnect, will try again... @ https://ai-lab.rice-business.org/test_student/stable-13ca0e47310505f4ab1ac59e891e9a3c5e5eec04/static/out/vs/code/browser/workbench/workbench.js:37
[ 4516180ms] [LOG] %c INFO color: #33f [remote-connection][Management   ][f6d89…][reconnect] waiting for 30 seconds before reconnecting... @ https://ai-lab.rice-business.org/test_student/stable-13ca0e47310505f4ab1ac59e891e9a3c5e5eec04/static/out/vs/code/browser/workbench/workbench.js:37
[ 4545975ms] [LOG] %c INFO color: #33f [remote-connection][ExtensionHost][4aceb…][reconnect] resolving connection... @ https://ai-lab.rice-business.org/test_student/stable-13ca0e47310505f4ab1ac59e891e9a3c5e5eec04/static/out/vs/code/browser/workbench/workbench.js:37
[ 4545975ms] [LOG] %c INFO color: #33f [remote-connection][ExtensionHost][4aceb…][reconnect] connecting to WebSocket(ai-lab.rice-business.org:443)... @ https://ai-lab.rice-business.org/test_student/stable-13ca0e47310505f4ab1ac59e891e9a3c5e5eec04/static/out/vs/code/browser/workbench/workbench.js:37
[ 4545975ms] [LOG] %c INFO color: #33f Creating a socket (renderer-ExtensionHost-4aceb238-020c-4daf-966a-5c687671a08c)... @ https://ai-lab.rice-business.org/test_student/stable-13ca0e47310505f4ab1ac59e891e9a3c5e5eec04/static/out/vs/code/browser/workbench/workbench.js:37
[ 4546180ms] [LOG] %c INFO color: #33f [remote-connection][Management   ][f6d89…][reconnect] resolving connection... @ https://ai-lab.rice-business.org/test_student/stable-13ca0e47310505f4ab1ac59e891e9a3c5e5eec04/static/out/vs/code/browser/workbench/workbench.js:37
[ 4546181ms] [LOG] %c INFO color: #33f [remote-connection][Management   ][f6d89…][reconnect] connecting to WebSocket(ai-lab.rice-business.org:443)... @ https://ai-lab.rice-business.org/test_student/stable-13ca0e47310505f4ab1ac59e891e9a3c5e5eec04/static/out/vs/code/browser/workbench/workbench.js:37
[ 4546181ms] [LOG] %c INFO color: #33f Creating a socket (renderer-Management-f6d89eb6-b512-45c4-bb6b-0b768dcac8ec)... @ https://ai-lab.rice-business.org/test_student/stable-13ca0e47310505f4ab1ac59e891e9a3c5e5eec04/static/out/vs/code/browser/workbench/workbench.js:37
[ 4546418ms] [LOG] %c INFO color: #33f Creating a socket (renderer-ExtensionHost-4aceb238-020c-4daf-966a-5c687671a08c) was successful after 442 ms. @ https://ai-lab.rice-business.org/test_student/stable-13ca0e47310505f4ab1ac59e891e9a3c5e5eec04/static/out/vs/code/browser/workbench/workbench.js:37
[ 4546770ms] [LOG] %c INFO color: #33f Creating a socket (renderer-Management-f6d89eb6-b512-45c4-bb6b-0b768dcac8ec) was successful after 589 ms. @ https://ai-lab.rice-business.org/test_student/stable-13ca0e47310505f4ab1ac59e891e9a3c5e5eec04/static/out/vs/code/browser/workbench/workbench.js:37
[ 4556428ms] [ERROR] %c  ERR color: #f33 [remote-connection][ExtensionHost][4aceb…][reconnect][WebSocket(ai-lab.rice-business.org:443)] the handshake timed out. Error: @ https://ai-lab.rice-business.org/test_student/stable-13ca0e47310505f4ab1ac59e891e9a3c5e5eec04/static/out/vs/code/browser/workbench/workbench.js:37
[ 4556428ms] [ERROR] %c  ERR color: #f33 Error: Time limit reached
    at T2e.i (https://ai-lab.rice-business.org/test_student/stable-13ca0e47310505f4ab1ac59e891e9a3c5e5eec04/static/out/vs/code/browser/workbench/workbench.js:3665:29310)
    at T2e.h (https://ai-lab.rice-business.org/test_student/stable-13ca0e47310505f4ab1ac59e891e9a3c5e5eec04/static/out/vs/code/browser/workbench/workbench.js:3665:29292)
    at ufe.value (https://ai-lab.rice-business.org/test_student/stable-13ca0e47310505f4ab1ac59e891e9a3c5e5eec04/static/out/vs/code/browser/workbench/workbench.js:3665:29147)
    at L.C (https://ai-lab.rice-business.org/test_student/stable-13ca0e47310505f4ab1ac59e891e9a3c5e5eec04/static/out/vs/code/browser/workbench/workbench.js:29:2349)
    at L.fire (https://ai-lab.rice-business.org/test_student/stable-13ca0e47310505f4ab1ac59e891e9a3c5e5eec04/static/out/vs/code/browser/workbench/workbench.js:29:2568)
    at vfe.cancel (https://ai-lab.rice-business.org/test_student/stable-13ca0e47310505f4ab1ac59e891e9a3c5e5eec04/static/out/vs/code/browser/workbench/workbench.js:29:37897)
    at pt.cancel (https://ai-lab.rice-business.org/test_student/stable-13ca0e47310505f4ab1ac59e891e9a3c5e5eec04/static/out/vs/code/browser/workbench/workbench.js:29:38311)
    at ufe.value (https://ai-lab.rice-business.org/test_student/stable-13ca0e47310505f4ab1ac59e891e9a3c5e5eec04/static/out/vs/code/browser/workbench/workbench.js:3665:28888)
    at L.C (https://ai-lab.rice-business.org/test_student/stable-13ca0e47310505f4ab1ac59e891e9a3c5e5eec04/static/out/vs/code/browser/workbench/workbench.js:29:2349)
    at L.fire (https://ai-lab.rice-business.org/test_student/stable-13ca0e47310505f4ab1ac59e891e9a3c5e5eec04/static/out/vs/code/browser/workbench/workbench.js:29:2568)
    at vfe.cancel (https://ai-lab.rice-business.org/test_student/stable-13ca0e47310505f4ab1ac59e891e9a3c5e5eec04/static/out/vs/code/browser/workbench/workbench.js:29:37897)
    at pt.cancel (https://ai-lab.rice-business.org/test_student/stable-13ca0e47310505f4ab1ac59e891e9a3c5e5eec04/static/out/vs/code/browser/workbench/workbench.js:29:38311)
    at https://ai-lab.rice-business.org/test_student/stable-13ca0e47310505f4ab1ac59e891e9a3c5e5eec04/static/out/vs/code/browser/workbench/workbench.js:3665:28678 @ https://ai-lab.rice-business.org/test_student/stable-13ca0e47310505f4ab1ac59e891e9a3c5e5eec04/static/out/vs/code/browser/workbench/workbench.js:37
[ 4556429ms] [LOG] %c INFO color: #33f [remote-connection][ExtensionHost][4aceb…][reconnect] A network error occurred while trying to reconnect, will try again... @ https://ai-lab.rice-business.org/test_student/stable-13ca0e47310505f4ab1ac59e891e9a3c5e5eec04/static/out/vs/code/browser/workbench/workbench.js:37
[ 4556429ms] [LOG] %c INFO color: #33f [remote-connection][ExtensionHost][4aceb…][reconnect] waiting for 30 seconds before reconnecting... @ https://ai-lab.rice-business.org/test_student/stable-13ca0e47310505f4ab1ac59e891e9a3c5e5eec04/static/out/vs/code/browser/workbench/workbench.js:37
[ 4556775ms] [ERROR] %c  ERR color: #f33 [remote-connection][Management   ][f6d89…][reconnect][WebSocket(ai-lab.rice-business.org:443)] the handshake timed out. Error: @ https://ai-lab.rice-business.org/test_student/stable-13ca0e47310505f4ab1ac59e891e9a3c5e5eec04/static/out/vs/code/browser/workbench/workbench.js:37
[ 4556775ms] [ERROR] %c  ERR color: #f33 Error: Time limit reached
    at T2e.i (https://ai-lab.rice-business.org/test_student/stable-13ca0e47310505f4ab1ac59e891e9a3c5e5eec04/static/out/vs/code/browser/workbench/workbench.js:3665:29310)
    at T2e.h (https://ai-lab.rice-business.org/test_student/stable-13ca0e47310505f4ab1ac59e891e9a3c5e5eec04/static/out/vs/code/browser/workbench/workbench.js:3665:29292)
    at ufe.value (https://ai-lab.rice-business.org/test_student/stable-13ca0e47310505f4ab1ac59e891e9a3c5e5eec04/static/out/vs/code/browser/workbench/workbench.js:3665:29147)
    at L.C (https://ai-lab.rice-business.org/test_student/stable-13ca0e47310505f4ab1ac59e891e9a3c5e5eec04/static/out/vs/code/browser/workbench/workbench.js:29:2349)
    at L.fire (https://ai-lab.rice-business.org/test_student/stable-13ca0e47310505f4ab1ac59e891e9a3c5e5eec04/static/out/vs/code/browser/workbench/workbench.js:29:2568)
    at vfe.cancel (https://ai-lab.rice-business.org/test_student/stable-13ca0e47310505f4ab1ac59e891e9a3c5e5eec04/static/out/vs/code/browser/workbench/workbench.js:29:37897)
    at pt.cancel (https://ai-lab.rice-business.org/test_student/stable-13ca0e47310505f4ab1ac59e891e9a3c5e5eec04/static/out/vs/code/browser/workbench/workbench.js:29:38311)
    at ufe.value (https://ai-lab.rice-business.org/test_student/stable-13ca0e47310505f4ab1ac59e891e9a3c5e5eec04/static/out/vs/code/browser/workbench/workbench.js:3665:28888)
    at L.C (https://ai-lab.rice-business.org/test_student/stable-13ca0e47310505f4ab1ac59e891e9a3c5e5eec04/static/out/vs/code/browser/workbench/workbench.js:29:2349)
    at L.fire (https://ai-lab.rice-business.org/test_student/stable-13ca0e47310505f4ab1ac59e891e9a3c5e5eec04/static/out/vs/code/browser/workbench/workbench.js:29:2568)
    at vfe.cancel (https://ai-lab.rice-business.org/test_student/stable-13ca0e47310505f4ab1ac59e891e9a3c5e5eec04/static/out/vs/code/browser/workbench/workbench.js:29:37897)
    at pt.cancel (https://ai-lab.rice-business.org/test_student/stable-13ca0e47310505f4ab1ac59e891e9a3c5e5eec04/static/out/vs/code/browser/workbench/workbench.js:29:38311)
    at https://ai-lab.rice-business.org/test_student/stable-13ca0e47310505f4ab1ac59e891e9a3c5e5eec04/static/out/vs/code/browser/workbench/workbench.js:3665:28678 @ https://ai-lab.rice-business.org/test_student/stable-13ca0e47310505f4ab1ac59e891e9a3c5e5eec04/static/out/vs/code/browser/workbench/workbench.js:37
[ 4556776ms] [LOG] %c INFO color: #33f [remote-connection][Management   ][f6d89…][reconnect] A network error occurred while trying to reconnect, will try again... @ https://ai-lab.rice-business.org/test_student/stable-13ca0e47310505f4ab1ac59e891e9a3c5e5eec04/static/out/vs/code/browser/workbench/workbench.js:37
[ 4556776ms] [LOG] %c INFO color: #33f [remote-connection][Management   ][f6d89…][reconnect] waiting for 30 seconds before reconnecting... @ https://ai-lab.rice-business.org/test_student/stable-13ca0e47310505f4ab1ac59e891e9a3c5e5eec04/static/out/vs/code/browser/workbench/workbench.js:37
[ 4586442ms] [LOG] %c INFO color: #33f [remote-connection][ExtensionHost][4aceb…][reconnect] resolving connection... @ https://ai-lab.rice-business.org/test_student/stable-13ca0e47310505f4ab1ac59e891e9a3c5e5eec04/static/out/vs/code/browser/workbench/workbench.js:37
[ 4586442ms] [LOG] %c INFO color: #33f [remote-connection][ExtensionHost][4aceb…][reconnect] connecting to WebSocket(ai-lab.rice-business.org:443)... @ https://ai-lab.rice-business.org/test_student/stable-13ca0e47310505f4ab1ac59e891e9a3c5e5eec04/static/out/vs/code/browser/workbench/workbench.js:37
[ 4586442ms] [LOG] %c INFO color: #33f Creating a socket (renderer-ExtensionHost-4aceb238-020c-4daf-966a-5c687671a08c)... @ https://ai-lab.rice-business.org/test_student/stable-13ca0e47310505f4ab1ac59e891e9a3c5e5eec04/static/out/vs/code/browser/workbench/workbench.js:37
[ 4586786ms] [LOG] %c INFO color: #33f [remote-connection][Management   ][f6d89…][reconnect] resolving connection... @ https://ai-lab.rice-business.org/test_student/stable-13ca0e47310505f4ab1ac59e891e9a3c5e5eec04/static/out/vs/code/browser/workbench/workbench.js:37
[ 4586787ms] [LOG] %c INFO color: #33f [remote-connection][Management   ][f6d89…][reconnect] connecting to WebSocket(ai-lab.rice-business.org:443)... @ https://ai-lab.rice-business.org/test_student/stable-13ca0e47310505f4ab1ac59e891e9a3c5e5eec04/static/out/vs/code/browser/workbench/workbench.js:37
[ 4586787ms] [LOG] %c INFO color: #33f Creating a socket (renderer-Management-f6d89eb6-b512-45c4-bb6b-0b768dcac8ec)... @ https://ai-lab.rice-business.org/test_student/stable-13ca0e47310505f4ab1ac59e891e9a3c5e5eec04/static/out/vs/code/browser/workbench/workbench.js:37
[ 4587109ms] [LOG] %c INFO color: #33f Creating a socket (renderer-ExtensionHost-4aceb238-020c-4daf-966a-5c687671a08c) was successful after 667 ms. @ https://ai-lab.rice-business.org/test_student/stable-13ca0e47310505f4ab1ac59e891e9a3c5e5eec04/static/out/vs/code/browser/workbench/workbench.js:37
[ 4587315ms] [LOG] %c INFO color: #33f Creating a socket (renderer-Management-f6d89eb6-b512-45c4-bb6b-0b768dcac8ec) was successful after 528 ms. @ https://ai-lab.rice-business.org/test_student/stable-13ca0e47310505f4ab1ac59e891e9a3c5e5eec04/static/out/vs/code/browser/workbench/workbench.js:37
[ 4597116ms] [ERROR] %c  ERR color: #f33 [remote-connection][ExtensionHost][4aceb…][reconnect][WebSocket(ai-lab.rice-business.org:443)] the handshake timed out. Error: @ https://ai-lab.rice-business.org/test_student/stable-13ca0e47310505f4ab1ac59e891e9a3c5e5eec04/static/out/vs/code/browser/workbench/workbench.js:37
[ 4597116ms] [ERROR] %c  ERR color: #f33 Error: Time limit reached
    at T2e.i (https://ai-lab.rice-business.org/test_student/stable-13ca0e47310505f4ab1ac59e891e9a3c5e5eec04/static/out/vs/code/browser/workbench/workbench.js:3665:29310)
    at T2e.h (https://ai-lab.rice-business.org/test_student/stable-13ca0e47310505f4ab1ac59e891e9a3c5e5eec04/static/out/vs/code/browser/workbench/workbench.js:3665:29292)
    at ufe.value (https://ai-lab.rice-business.org/test_student/stable-13ca0e47310505f4ab1ac59e891e9a3c5e5eec04/static/out/vs/code/browser/workbench/workbench.js:3665:29147)
    at L.C (https://ai-lab.rice-business.org/test_student/stable-13ca0e47310505f4ab1ac59e891e9a3c5e5eec04/static/out/vs/code/browser/workbench/workbench.js:29:2349)
    at L.fire (https://ai-lab.rice-business.org/test_student/stable-13ca0e47310505f4ab1ac59e891e9a3c5e5eec04/static/out/vs/code/browser/workbench/workbench.js:29:2568)
    at vfe.cancel (https://ai-lab.rice-business.org/test_student/stable-13ca0e47310505f4ab1ac59e891e9a3c5e5eec04/static/out/vs/code/browser/workbench/workbench.js:29:37897)
    at pt.cancel (https://ai-lab.rice-business.org/test_student/stable-13ca0e47310505f4ab1ac59e891e9a3c5e5eec04/static/out/vs/code/browser/workbench/workbench.js:29:38311)
    at ufe.value (https://ai-lab.rice-business.org/test_student/stable-13ca0e47310505f4ab1ac59e891e9a3c5e5eec04/static/out/vs/code/browser/workbench/workbench.js:3665:28888)
    at L.C (https://ai-lab.rice-business.org/test_student/stable-13ca0e47310505f4ab1ac59e891e9a3c5e5eec04/static/out/vs/code/browser/workbench/workbench.js:29:2349)
    at L.fire (https://ai-lab.rice-business.org/test_student/stable-13ca0e47310505f4ab1ac59e891e9a3c5e5eec04/static/out/vs/code/browser/workbench/workbench.js:29:2568)
    at vfe.cancel (https://ai-lab.rice-business.org/test_student/stable-13ca0e47310505f4ab1ac59e891e9a3c5e5eec04/static/out/vs/code/browser/workbench/workbench.js:29:37897)
    at pt.cancel (https://ai-lab.rice-business.org/test_student/stable-13ca0e47310505f4ab1ac59e891e9a3c5e5eec04/static/out/vs/code/browser/workbench/workbench.js:29:38311)
    at https://ai-lab.rice-business.org/test_student/stable-13ca0e47310505f4ab1ac59e891e9a3c5e5eec04/static/out/vs/code/browser/workbench/workbench.js:3665:28678 @ https://ai-lab.rice-business.org/test_student/stable-13ca0e47310505f4ab1ac59e891e9a3c5e5eec04/static/out/vs/code/browser/workbench/workbench.js:37
[ 4597116ms] [LOG] %c INFO color: #33f [remote-connection][ExtensionHost][4aceb…][reconnect] A network error occurred while trying to reconnect, will try again... @ https://ai-lab.rice-business.org/test_student/stable-13ca0e47310505f4ab1ac59e891e9a3c5e5eec04/static/out/vs/code/browser/workbench/workbench.js:37
[ 4597117ms] [LOG] %c INFO color: #33f [remote-connection][ExtensionHost][4aceb…][reconnect] waiting for 30 seconds before reconnecting... @ https://ai-lab.rice-business.org/test_student/stable-13ca0e47310505f4ab1ac59e891e9a3c5e5eec04/static/out/vs/code/browser/workbench/workbench.js:37
[ 4597318ms] [ERROR] %c  ERR color: #f33 [remote-connection][Management   ][f6d89…][reconnect][WebSocket(ai-lab.rice-business.org:443)] the handshake timed out. Error: @ https://ai-lab.rice-business.org/test_student/stable-13ca0e47310505f4ab1ac59e891e9a3c5e5eec04/static/out/vs/code/browser/workbench/workbench.js:37
[ 4597318ms] [ERROR] %c  ERR color: #f33 Error: Time limit reached
    at T2e.i (https://ai-lab.rice-business.org/test_student/stable-13ca0e47310505f4ab1ac59e891e9a3c5e5eec04/static/out/vs/code/browser/workbench/workbench.js:3665:29310)
    at T2e.h (https://ai-lab.rice-business.org/test_student/stable-13ca0e47310505f4ab1ac59e891e9a3c5e5eec04/static/out/vs/code/browser/workbench/workbench.js:3665:29292)
    at ufe.value (https://ai-lab.rice-business.org/test_student/stable-13ca0e47310505f4ab1ac59e891e9a3c5e5eec04/static/out/vs/code/browser/workbench/workbench.js:3665:29147)
    at L.C (https://ai-lab.rice-business.org/test_student/stable-13ca0e47310505f4ab1ac59e891e9a3c5e5eec04/static/out/vs/code/browser/workbench/workbench.js:29:2349)
    at L.fire (https://ai-lab.rice-business.org/test_student/stable-13ca0e47310505f4ab1ac59e891e9a3c5e5eec04/static/out/vs/code/browser/workbench/workbench.js:29:2568)
    at vfe.cancel (https://ai-lab.rice-business.org/test_student/stable-13ca0e47310505f4ab1ac59e891e9a3c5e5eec04/static/out/vs/code/browser/workbench/workbench.js:29:37897)
    at pt.cancel (https://ai-lab.rice-business.org/test_student/stable-13ca0e47310505f4ab1ac59e891e9a3c5e5eec04/static/out/vs/code/browser/workbench/workbench.js:29:38311)
    at ufe.value (https://ai-lab.rice-business.org/test_student/stable-13ca0e47310505f4ab1ac59e891e9a3c5e5eec04/static/out/vs/code/browser/workbench/workbench.js:3665:28888)
    at L.C (https://ai-lab.rice-business.org/test_student/stable-13ca0e47310505f4ab1ac59e891e9a3c5e5eec04/static/out/vs/code/browser/workbench/workbench.js:29:2349)
    at L.fire (https://ai-lab.rice-business.org/test_student/stable-13ca0e47310505f4ab1ac59e891e9a3c5e5eec04/static/out/vs/code/browser/workbench/workbench.js:29:2568)
    at vfe.cancel (https://ai-lab.rice-business.org/test_student/stable-13ca0e47310505f4ab1ac59e891e9a3c5e5eec04/static/out/vs/code/browser/workbench/workbench.js:29:37897)
    at pt.cancel (https://ai-lab.rice-business.org/test_student/stable-13ca0e47310505f4ab1ac59e891e9a3c5e5eec04/static/out/vs/code/browser/workbench/workbench.js:29:38311)
    at https://ai-lab.rice-business.org/test_student/stable-13ca0e47310505f4ab1ac59e891e9a3c5e5eec04/static/out/vs/code/browser/workbench/workbench.js:3665:28678 @ https://ai-lab.rice-business.org/test_student/stable-13ca0e47310505f4ab1ac59e891e9a3c5e5eec04/static/out/vs/code/browser/workbench/workbench.js:37
[ 4597319ms] [LOG] %c INFO color: #33f [remote-connection][Management   ][f6d89…][reconnect] A network error occurred while trying to reconnect, will try again... @ https://ai-lab.rice-business.org/test_student/stable-13ca0e47310505f4ab1ac59e891e9a3c5e5eec04/static/out/vs/code/browser/workbench/workbench.js:37
[ 4597319ms] [LOG] %c INFO color: #33f [remote-connection][Management   ][f6d89…][reconnect] waiting for 30 seconds before reconnecting... @ https://ai-lab.rice-business.org/test_student/stable-13ca0e47310505f4ab1ac59e891e9a3c5e5eec04/static/out/vs/code/browser/workbench/workbench.js:37
[ 4627133ms] [LOG] %c INFO color: #33f [remote-connection][ExtensionHost][4aceb…][reconnect] resolving connection... @ https://ai-lab.rice-business.org/test_student/stable-13ca0e47310505f4ab1ac59e891e9a3c5e5eec04/static/out/vs/code/browser/workbench/workbench.js:37
[ 4627133ms] [LOG] %c INFO color: #33f [remote-connection][ExtensionHost][4aceb…][reconnect] connecting to WebSocket(ai-lab.rice-business.org:443)... @ https://ai-lab.rice-business.org/test_student/stable-13ca0e47310505f4ab1ac59e891e9a3c5e5eec04/static/out/vs/code/browser/workbench/workbench.js:37
[ 4627133ms] [LOG] %c INFO color: #33f Creating a socket (renderer-ExtensionHost-4aceb238-020c-4daf-966a-5c687671a08c)... @ https://ai-lab.rice-business.org/test_student/stable-13ca0e47310505f4ab1ac59e891e9a3c5e5eec04/static/out/vs/code/browser/workbench/workbench.js:37
[ 4627331ms] [LOG] %c INFO color: #33f [remote-connection][Management   ][f6d89…][reconnect] resolving connection... @ https://ai-lab.rice-business.org/test_student/stable-13ca0e47310505f4ab1ac59e891e9a3c5e5eec04/static/out/vs/code/browser/workbench/workbench.js:37
[ 4627334ms] [LOG] %c INFO color: #33f [remote-connection][Management   ][f6d89…][reconnect] connecting to WebSocket(ai-lab.rice-business.org:443)... @ https://ai-lab.rice-business.org/test_student/stable-13ca0e47310505f4ab1ac59e891e9a3c5e5eec04/static/out/vs/code/browser/workbench/workbench.js:37
[ 4627334ms] [LOG] %c INFO color: #33f Creating a socket (renderer-Management-f6d89eb6-b512-45c4-bb6b-0b768dcac8ec)... @ https://ai-lab.rice-business.org/test_student/stable-13ca0e47310505f4ab1ac59e891e9a3c5e5eec04/static/out/vs/code/browser/workbench/workbench.js:37
[ 4627402ms] [LOG] %c INFO color: #33f Creating a socket (renderer-ExtensionHost-4aceb238-020c-4daf-966a-5c687671a08c) was successful after 269 ms. @ https://ai-lab.rice-business.org/test_student/stable-13ca0e47310505f4ab1ac59e891e9a3c5e5eec04/static/out/vs/code/browser/workbench/workbench.js:37
[ 4627619ms] [LOG] %c INFO color: #33f Creating a socket (renderer-Management-f6d89eb6-b512-45c4-bb6b-0b768dcac8ec) was successful after 285 ms. @ https://ai-lab.rice-business.org/test_student/stable-13ca0e47310505f4ab1ac59e891e9a3c5e5eec04/static/out/vs/code/browser/workbench/workbench.js:37
[ 4637409ms] [ERROR] %c  ERR color: #f33 [remote-connection][ExtensionHost][4aceb…][reconnect][WebSocket(ai-lab.rice-business.org:443)] the handshake timed out. Error: @ https://ai-lab.rice-business.org/test_student/stable-13ca0e47310505f4ab1ac59e891e9a3c5e5eec04/static/out/vs/code/browser/workbench/workbench.js:37
[ 4637410ms] [ERROR] %c  ERR color: #f33 Error: Time limit reached
    at T2e.i (https://ai-lab.rice-business.org/test_student/stable-13ca0e47310505f4ab1ac59e891e9a3c5e5eec04/static/out/vs/code/browser/workbench/workbench.js:3665:29310)
    at T2e.h (https://ai-lab.rice-business.org/test_student/stable-13ca0e47310505f4ab1ac59e891e9a3c5e5eec04/static/out/vs/code/browser/workbench/workbench.js:3665:29292)
    at ufe.value (https://ai-lab.rice-business.org/test_student/stable-13ca0e47310505f4ab1ac59e891e9a3c5e5eec04/static/out/vs/code/browser/workbench/workbench.js:3665:29147)
    at L.C (https://ai-lab.rice-business.org/test_student/stable-13ca0e47310505f4ab1ac59e891e9a3c5e5eec04/static/out/vs/code/browser/workbench/workbench.js:29:2349)
    at L.fire (https://ai-lab.rice-business.org/test_student/stable-13ca0e47310505f4ab1ac59e891e9a3c5e5eec04/static/out/vs/code/browser/workbench/workbench.js:29:2568)
    at vfe.cancel (https://ai-lab.rice-business.org/test_student/stable-13ca0e47310505f4ab1ac59e891e9a3c5e5eec04/static/out/vs/code/browser/workbench/workbench.js:29:37897)
    at pt.cancel (https://ai-lab.rice-business.org/test_student/stable-13ca0e47310505f4ab1ac59e891e9a3c5e5eec04/static/out/vs/code/browser/workbench/workbench.js:29:38311)
    at ufe.value (https://ai-lab.rice-business.org/test_student/stable-13ca0e47310505f4ab1ac59e891e9a3c5e5eec04/static/out/vs/code/browser/workbench/workbench.js:3665:28888)
    at L.C (https://ai-lab.rice-business.org/test_student/stable-13ca0e47310505f4ab1ac59e891e9a3c5e5eec04/static/out/vs/code/browser/workbench/workbench.js:29:2349)
    at L.fire (https://ai-lab.rice-business.org/test_student/stable-13ca0e47310505f4ab1ac59e891e9a3c5e5eec04/static/out/vs/code/browser/workbench/workbench.js:29:2568)
    at vfe.cancel (https://ai-lab.rice-business.org/test_student/stable-13ca0e47310505f4ab1ac59e891e9a3c5e5eec04/static/out/vs/code/browser/workbench/workbench.js:29:37897)
    at pt.cancel (https://ai-lab.rice-business.org/test_student/stable-13ca0e47310505f4ab1ac59e891e9a3c5e5eec04/static/out/vs/code/browser/workbench/workbench.js:29:38311)
    at https://ai-lab.rice-business.org/test_student/stable-13ca0e47310505f4ab1ac59e891e9a3c5e5eec04/static/out/vs/code/browser/workbench/workbench.js:3665:28678 @ https://ai-lab.rice-business.org/test_student/stable-13ca0e47310505f4ab1ac59e891e9a3c5e5eec04/static/out/vs/code/browser/workbench/workbench.js:37
[ 4637410ms] [LOG] %c INFO color: #33f [remote-connection][ExtensionHost][4aceb…][reconnect] A network error occurred while trying to reconnect, will try again... @ https://ai-lab.rice-business.org/test_student/stable-13ca0e47310505f4ab1ac59e891e9a3c5e5eec04/static/out/vs/code/browser/workbench/workbench.js:37
[ 4637411ms] [LOG] %c INFO color: #33f [remote-connection][ExtensionHost][4aceb…][reconnect] waiting for 30 seconds before reconnecting... @ https://ai-lab.rice-business.org/test_student/stable-13ca0e47310505f4ab1ac59e891e9a3c5e5eec04/static/out/vs/code/browser/workbench/workbench.js:37
[ 4637619ms] [ERROR] %c  ERR color: #f33 [remote-connection][Management   ][f6d89…][reconnect][WebSocket(ai-lab.rice-business.org:443)] the handshake timed out. Error: @ https://ai-lab.rice-business.org/test_student/stable-13ca0e47310505f4ab1ac59e891e9a3c5e5eec04/static/out/vs/code/browser/workbench/workbench.js:37
[ 4637620ms] [ERROR] %c  ERR color: #f33 Error: Time limit reached
    at T2e.i (https://ai-lab.rice-business.org/test_student/stable-13ca0e47310505f4ab1ac59e891e9a3c5e5eec04/static/out/vs/code/browser/workbench/workbench.js:3665:29310)
    at T2e.h (https://ai-lab.rice-business.org/test_student/stable-13ca0e47310505f4ab1ac59e891e9a3c5e5eec04/static/out/vs/code/browser/workbench/workbench.js:3665:29292)
    at ufe.value (https://ai-lab.rice-business.org/test_student/stable-13ca0e47310505f4ab1ac59e891e9a3c5e5eec04/static/out/vs/code/browser/workbench/workbench.js:3665:29147)
    at L.C (https://ai-lab.rice-business.org/test_student/stable-13ca0e47310505f4ab1ac59e891e9a3c5e5eec04/static/out/vs/code/browser/workbench/workbench.js:29:2349)
    at L.fire (https://ai-lab.rice-business.org/test_student/stable-13ca0e47310505f4ab1ac59e891e9a3c5e5eec04/static/out/vs/code/browser/workbench/workbench.js:29:2568)
    at vfe.cancel (https://ai-lab.rice-business.org/test_student/stable-13ca0e47310505f4ab1ac59e891e9a3c5e5eec04/static/out/vs/code/browser/workbench/workbench.js:29:37897)
    at pt.cancel (https://ai-lab.rice-business.org/test_student/stable-13ca0e47310505f4ab1ac59e891e9a3c5e5eec04/static/out/vs/code/browser/workbench/workbench.js:29:38311)
    at ufe.value (https://ai-lab.rice-business.org/test_student/stable-13ca0e47310505f4ab1ac59e891e9a3c5e5eec04/static/out/vs/code/browser/workbench/workbench.js:3665:28888)
    at L.C (https://ai-lab.rice-business.org/test_student/stable-13ca0e47310505f4ab1ac59e891e9a3c5e5eec04/static/out/vs/code/browser/workbench/workbench.js:29:2349)
    at L.fire (https://ai-lab.rice-business.org/test_student/stable-13ca0e47310505f4ab1ac59e891e9a3c5e5eec04/static/out/vs/code/browser/workbench/workbench.js:29:2568)
    at vfe.cancel (https://ai-lab.rice-business.org/test_student/stable-13ca0e47310505f4ab1ac59e891e9a3c5e5eec04/static/out/vs/code/browser/workbench/workbench.js:29:37897)
    at pt.cancel (https://ai-lab.rice-business.org/test_student/stable-13ca0e47310505f4ab1ac59e891e9a3c5e5eec04/static/out/vs/code/browser/workbench/workbench.js:29:38311)
    at https://ai-lab.rice-business.org/test_student/stable-13ca0e47310505f4ab1ac59e891e9a3c5e5eec04/static/out/vs/code/browser/workbench/workbench.js:3665:28678 @ https://ai-lab.rice-business.org/test_student/stable-13ca0e47310505f4ab1ac59e891e9a3c5e5eec04/static/out/vs/code/browser/workbench/workbench.js:37
[ 4637620ms] [LOG] %c INFO color: #33f [remote-connection][Management   ][f6d89…][reconnect] A network error occurred while trying to reconnect, will try again... @ https://ai-lab.rice-business.org/test_student/stable-13ca0e47310505f4ab1ac59e891e9a3c5e5eec04/static/out/vs/code/browser/workbench/workbench.js:37
[ 4637620ms] [LOG] %c INFO color: #33f [remote-connection][Management   ][f6d89…][reconnect] waiting for 30 seconds before reconnecting... @ https://ai-lab.rice-business.org/test_student/stable-13ca0e47310505f4ab1ac59e891e9a3c5e5eec04/static/out/vs/code/browser/workbench/workbench.js:37
[ 4667411ms] [LOG] %c INFO color: #33f [remote-connection][ExtensionHost][4aceb…][reconnect] resolving connection... @ https://ai-lab.rice-business.org/test_student/stable-13ca0e47310505f4ab1ac59e891e9a3c5e5eec04/static/out/vs/code/browser/workbench/workbench.js:37
[ 4667411ms] [LOG] %c INFO color: #33f [remote-connection][ExtensionHost][4aceb…][reconnect] connecting to WebSocket(ai-lab.rice-business.org:443)... @ https://ai-lab.rice-business.org/test_student/stable-13ca0e47310505f4ab1ac59e891e9a3c5e5eec04/static/out/vs/code/browser/workbench/workbench.js:37
[ 4667412ms] [LOG] %c INFO color: #33f Creating a socket (renderer-ExtensionHost-4aceb238-020c-4daf-966a-5c687671a08c)... @ https://ai-lab.rice-business.org/test_student/stable-13ca0e47310505f4ab1ac59e891e9a3c5e5eec04/static/out/vs/code/browser/workbench/workbench.js:37
[ 4667567ms] [LOG] %c INFO color: #33f Creating a socket (renderer-ExtensionHost-4aceb238-020c-4daf-966a-5c687671a08c) was successful after 155 ms. @ https://ai-lab.rice-business.org/test_student/stable-13ca0e47310505f4ab1ac59e891e9a3c5e5eec04/static/out/vs/code/browser/workbench/workbench.js:37
[ 4667628ms] [LOG] %c INFO color: #33f [remote-connection][Management   ][f6d89…][reconnect] resolving connection... @ https://ai-lab.rice-business.org/test_student/stable-13ca0e47310505f4ab1ac59e891e9a3c5e5eec04/static/out/vs/code/browser/workbench/workbench.js:37
[ 4667629ms] [LOG] %c INFO color: #33f [remote-connection][Management   ][f6d89…][reconnect] connecting to WebSocket(ai-lab.rice-business.org:443)... @ https://ai-lab.rice-business.org/test_student/stable-13ca0e47310505f4ab1ac59e891e9a3c5e5eec04/static/out/vs/code/browser/workbench/workbench.js:37
[ 4667629ms] [LOG] %c INFO color: #33f Creating a socket (renderer-Management-f6d89eb6-b512-45c4-bb6b-0b768dcac8ec)... @ https://ai-lab.rice-business.org/test_student/stable-13ca0e47310505f4ab1ac59e891e9a3c5e5eec04/static/out/vs/code/browser/workbench/workbench.js:37
[ 4667786ms] [LOG] %c INFO color: #33f Creating a socket (renderer-Management-f6d89eb6-b512-45c4-bb6b-0b768dcac8ec) was successful after 157 ms. @ https://ai-lab.rice-business.org/test_student/stable-13ca0e47310505f4ab1ac59e891e9a3c5e5eec04/static/out/vs/code/browser/workbench/workbench.js:37
[ 4677579ms] [ERROR] %c  ERR color: #f33 [remote-connection][ExtensionHost][4aceb…][reconnect][WebSocket(ai-lab.rice-business.org:443)] the handshake timed out. Error: @ https://ai-lab.rice-business.org/test_student/stable-13ca0e47310505f4ab1ac59e891e9a3c5e5eec04/static/out/vs/code/browser/workbench/workbench.js:37
[ 4677579ms] [ERROR] %c  ERR color: #f33 Error: Time limit reached
    at T2e.i (https://ai-lab.rice-business.org/test_student/stable-13ca0e47310505f4ab1ac59e891e9a3c5e5eec04/static/out/vs/code/browser/workbench/workbench.js:3665:29310)
    at T2e.h (https://ai-lab.rice-business.org/test_student/stable-13ca0e47310505f4ab1ac59e891e9a3c5e5eec04/static/out/vs/code/browser/workbench/workbench.js:3665:29292)
    at ufe.value (https://ai-lab.rice-business.org/test_student/stable-13ca0e47310505f4ab1ac59e891e9a3c5e5eec04/static/out/vs/code/browser/workbench/workbench.js:3665:29147)
    at L.C (https://ai-lab.rice-business.org/test_student/stable-13ca0e47310505f4ab1ac59e891e9a3c5e5eec04/static/out/vs/code/browser/workbench/workbench.js:29:2349)
    at L.fire (https://ai-lab.rice-business.org/test_student/stable-13ca0e47310505f4ab1ac59e891e9a3c5e5eec04/static/out/vs/code/browser/workbench/workbench.js:29:2568)
    at vfe.cancel (https://ai-lab.rice-business.org/test_student/stable-13ca0e47310505f4ab1ac59e891e9a3c5e5eec04/static/out/vs/code/browser/workbench/workbench.js:29:37897)
    at pt.cancel (https://ai-lab.rice-business.org/test_student/stable-13ca0e47310505f4ab1ac59e891e9a3c5e5eec04/static/out/vs/code/browser/workbench/workbench.js:29:38311)
    at ufe.value (https://ai-lab.rice-business.org/test_student/stable-13ca0e47310505f4ab1ac59e891e9a3c5e5eec04/static/out/vs/code/browser/workbench/workbench.js:3665:28888)
    at L.C (https://ai-lab.rice-business.org/test_student/stable-13ca0e47310505f4ab1ac59e891e9a3c5e5eec04/static/out/vs/code/browser/workbench/workbench.js:29:2349)
    at L.fire (https://ai-lab.rice-business.org/test_student/stable-13ca0e47310505f4ab1ac59e891e9a3c5e5eec04/static/out/vs/code/browser/workbench/workbench.js:29:2568)
    at vfe.cancel (https://ai-lab.rice-business.org/test_student/stable-13ca0e47310505f4ab1ac59e891e9a3c5e5eec04/static/out/vs/code/browser/workbench/workbench.js:29:37897)
    at pt.cancel (https://ai-lab.rice-business.org/test_student/stable-13ca0e47310505f4ab1ac59e891e9a3c5e5eec04/static/out/vs/code/browser/workbench/workbench.js:29:38311)
    at https://ai-lab.rice-business.org/test_student/stable-13ca0e47310505f4ab1ac59e891e9a3c5e5eec04/static/out/vs/code/browser/workbench/workbench.js:3665:28678 @ https://ai-lab.rice-business.org/test_student/stable-13ca0e47310505f4ab1ac59e891e9a3c5e5eec04/static/out/vs/code/browser/workbench/workbench.js:37
[ 4677579ms] [LOG] %c INFO color: #33f [remote-connection][ExtensionHost][4aceb…][reconnect] A network error occurred while trying to reconnect, will try again... @ https://ai-lab.rice-business.org/test_student/stable-13ca0e47310505f4ab1ac59e891e9a3c5e5eec04/static/out/vs/code/browser/workbench/workbench.js:37
[ 4677580ms] [LOG] %c INFO color: #33f [remote-connection][ExtensionHost][4aceb…][reconnect] waiting for 30 seconds before reconnecting... @ https://ai-lab.rice-business.org/test_student/stable-13ca0e47310505f4ab1ac59e891e9a3c5e5eec04/static/out/vs/code/browser/workbench/workbench.js:37
[ 4677792ms] [ERROR] %c  ERR color: #f33 [remote-connection][Management   ][f6d89…][reconnect][WebSocket(ai-lab.rice-business.org:443)] the handshake timed out. Error: @ https://ai-lab.rice-business.org/test_student/stable-13ca0e47310505f4ab1ac59e891e9a3c5e5eec04/static/out/vs/code/browser/workbench/workbench.js:37
[ 4677792ms] [ERROR] %c  ERR color: #f33 Error: Time limit reached
    at T2e.i (https://ai-lab.rice-business.org/test_student/stable-13ca0e47310505f4ab1ac59e891e9a3c5e5eec04/static/out/vs/code/browser/workbench/workbench.js:3665:29310)
    at T2e.h (https://ai-lab.rice-business.org/test_student/stable-13ca0e47310505f4ab1ac59e891e9a3c5e5eec04/static/out/vs/code/browser/workbench/workbench.js:3665:29292)
    at ufe.value (https://ai-lab.rice-business.org/test_student/stable-13ca0e47310505f4ab1ac59e891e9a3c5e5eec04/static/out/vs/code/browser/workbench/workbench.js:3665:29147)
    at L.C (https://ai-lab.rice-business.org/test_student/stable-13ca0e47310505f4ab1ac59e891e9a3c5e5eec04/static/out/vs/code/browser/workbench/workbench.js:29:2349)
    at L.fire (https://ai-lab.rice-business.org/test_student/stable-13ca0e47310505f4ab1ac59e891e9a3c5e5eec04/static/out/vs/code/browser/workbench/workbench.js:29:2568)
    at vfe.cancel (https://ai-lab.rice-business.org/test_student/stable-13ca0e47310505f4ab1ac59e891e9a3c5e5eec04/static/out/vs/code/browser/workbench/workbench.js:29:37897)
    at pt.cancel (https://ai-lab.rice-business.org/test_student/stable-13ca0e47310505f4ab1ac59e891e9a3c5e5eec04/static/out/vs/code/browser/workbench/workbench.js:29:38311)
    at ufe.value (https://ai-lab.rice-business.org/test_student/stable-13ca0e47310505f4ab1ac59e891e9a3c5e5eec04/static/out/vs/code/browser/workbench/workbench.js:3665:28888)
    at L.C (https://ai-lab.rice-business.org/test_student/stable-13ca0e47310505f4ab1ac59e891e9a3c5e5eec04/static/out/vs/code/browser/workbench/workbench.js:29:2349)
    at L.fire (https://ai-lab.rice-business.org/test_student/stable-13ca0e47310505f4ab1ac59e891e9a3c5e5eec04/static/out/vs/code/browser/workbench/workbench.js:29:2568)
    at vfe.cancel (https://ai-lab.rice-business.org/test_student/stable-13ca0e47310505f4ab1ac59e891e9a3c5e5eec04/static/out/vs/code/browser/workbench/workbench.js:29:37897)
    at pt.cancel (https://ai-lab.rice-business.org/test_student/stable-13ca0e47310505f4ab1ac59e891e9a3c5e5eec04/static/out/vs/code/browser/workbench/workbench.js:29:38311)
    at https://ai-lab.rice-business.org/test_student/stable-13ca0e47310505f4ab1ac59e891e9a3c5e5eec04/static/out/vs/code/browser/workbench/workbench.js:3665:28678 @ https://ai-lab.rice-business.org/test_student/stable-13ca0e47310505f4ab1ac59e891e9a3c5e5eec04/static/out/vs/code/browser/workbench/workbench.js:37
[ 4677792ms] [LOG] %c INFO color: #33f [remote-connection][Management   ][f6d89…][reconnect] A network error occurred while trying to reconnect, will try again... @ https://ai-lab.rice-business.org/test_student/stable-13ca0e47310505f4ab1ac59e891e9a3c5e5eec04/static/out/vs/code/browser/workbench/workbench.js:37
[ 4677793ms] [LOG] %c INFO color: #33f [remote-connection][Management   ][f6d89…][reconnect] waiting for 30 seconds before reconnecting... @ https://ai-lab.rice-business.org/test_student/stable-13ca0e47310505f4ab1ac59e891e9a3c5e5eec04/static/out/vs/code/browser/workbench/workbench.js:37
[ 4707583ms] [LOG] %c INFO color: #33f [remote-connection][ExtensionHost][4aceb…][reconnect] resolving connection... @ https://ai-lab.rice-business.org/test_student/stable-13ca0e47310505f4ab1ac59e891e9a3c5e5eec04/static/out/vs/code/browser/workbench/workbench.js:37
[ 4707583ms] [LOG] %c INFO color: #33f [remote-connection][ExtensionHost][4aceb…][reconnect] connecting to WebSocket(ai-lab.rice-business.org:443)... @ https://ai-lab.rice-business.org/test_student/stable-13ca0e47310505f4ab1ac59e891e9a3c5e5eec04/static/out/vs/code/browser/workbench/workbench.js:37
[ 4707583ms] [LOG] %c INFO color: #33f Creating a socket (renderer-ExtensionHost-4aceb238-020c-4daf-966a-5c687671a08c)... @ https://ai-lab.rice-business.org/test_student/stable-13ca0e47310505f4ab1ac59e891e9a3c5e5eec04/static/out/vs/code/browser/workbench/workbench.js:37
[ 4707800ms] [LOG] %c INFO color: #33f [remote-connection][Management   ][f6d89…][reconnect] resolving connection... @ https://ai-lab.rice-business.org/test_student/stable-13ca0e47310505f4ab1ac59e891e9a3c5e5eec04/static/out/vs/code/browser/workbench/workbench.js:37
[ 4707802ms] [LOG] %c INFO color: #33f [remote-connection][Management   ][f6d89…][reconnect] connecting to WebSocket(ai-lab.rice-business.org:443)... @ https://ai-lab.rice-business.org/test_student/stable-13ca0e47310505f4ab1ac59e891e9a3c5e5eec04/static/out/vs/code/browser/workbench/workbench.js:37
[ 4707802ms] [LOG] %c INFO color: #33f Creating a socket (renderer-Management-f6d89eb6-b512-45c4-bb6b-0b768dcac8ec)... @ https://ai-lab.rice-business.org/test_student/stable-13ca0e47310505f4ab1ac59e891e9a3c5e5eec04/static/out/vs/code/browser/workbench/workbench.js:37
[ 4707874ms] [LOG] %c INFO color: #33f Creating a socket (renderer-ExtensionHost-4aceb238-020c-4daf-966a-5c687671a08c) was successful after 290 ms. @ https://ai-lab.rice-business.org/test_student/stable-13ca0e47310505f4ab1ac59e891e9a3c5e5eec04/static/out/vs/code/browser/workbench/workbench.js:37
[ 4708131ms] [LOG] %c INFO color: #33f Creating a socket (renderer-Management-f6d89eb6-b512-45c4-bb6b-0b768dcac8ec) was successful after 329 ms. @ https://ai-lab.rice-business.org/test_student/stable-13ca0e47310505f4ab1ac59e891e9a3c5e5eec04/static/out/vs/code/browser/workbench/workbench.js:37
[ 4717878ms] [ERROR] %c  ERR color: #f33 [remote-connection][ExtensionHost][4aceb…][reconnect][WebSocket(ai-lab.rice-business.org:443)] the handshake timed out. Error: @ https://ai-lab.rice-business.org/test_student/stable-13ca0e47310505f4ab1ac59e891e9a3c5e5eec04/static/out/vs/code/browser/workbench/workbench.js:37
[ 4717879ms] [ERROR] %c  ERR color: #f33 Error: Time limit reached
    at T2e.i (https://ai-lab.rice-business.org/test_student/stable-13ca0e47310505f4ab1ac59e891e9a3c5e5eec04/static/out/vs/code/browser/workbench/workbench.js:3665:29310)
    at T2e.h (https://ai-lab.rice-business.org/test_student/stable-13ca0e47310505f4ab1ac59e891e9a3c5e5eec04/static/out/vs/code/browser/workbench/workbench.js:3665:29292)
    at ufe.value (https://ai-lab.rice-business.org/test_student/stable-13ca0e47310505f4ab1ac59e891e9a3c5e5eec04/static/out/vs/code/browser/workbench/workbench.js:3665:29147)
    at L.C (https://ai-lab.rice-business.org/test_student/stable-13ca0e47310505f4ab1ac59e891e9a3c5e5eec04/static/out/vs/code/browser/workbench/workbench.js:29:2349)
    at L.fire (https://ai-lab.rice-business.org/test_student/stable-13ca0e47310505f4ab1ac59e891e9a3c5e5eec04/static/out/vs/code/browser/workbench/workbench.js:29:2568)
    at vfe.cancel (https://ai-lab.rice-business.org/test_student/stable-13ca0e47310505f4ab1ac59e891e9a3c5e5eec04/static/out/vs/code/browser/workbench/workbench.js:29:37897)
    at pt.cancel (https://ai-lab.rice-business.org/test_student/stable-13ca0e47310505f4ab1ac59e891e9a3c5e5eec04/static/out/vs/code/browser/workbench/workbench.js:29:38311)
    at ufe.value (https://ai-lab.rice-business.org/test_student/stable-13ca0e47310505f4ab1ac59e891e9a3c5e5eec04/static/out/vs/code/browser/workbench/workbench.js:3665:28888)
    at L.C (https://ai-lab.rice-business.org/test_student/stable-13ca0e47310505f4ab1ac59e891e9a3c5e5eec04/static/out/vs/code/browser/workbench/workbench.js:29:2349)
    at L.fire (https://ai-lab.rice-business.org/test_student/stable-13ca0e47310505f4ab1ac59e891e9a3c5e5eec04/static/out/vs/code/browser/workbench/workbench.js:29:2568)
    at vfe.cancel (https://ai-lab.rice-business.org/test_student/stable-13ca0e47310505f4ab1ac59e891e9a3c5e5eec04/static/out/vs/code/browser/workbench/workbench.js:29:37897)
    at pt.cancel (https://ai-lab.rice-business.org/test_student/stable-13ca0e47310505f4ab1ac59e891e9a3c5e5eec04/static/out/vs/code/browser/workbench/workbench.js:29:38311)
    at https://ai-lab.rice-business.org/test_student/stable-13ca0e47310505f4ab1ac59e891e9a3c5e5eec04/static/out/vs/code/browser/workbench/workbench.js:3665:28678 @ https://ai-lab.rice-business.org/test_student/stable-13ca0e47310505f4ab1ac59e891e9a3c5e5eec04/static/out/vs/code/browser/workbench/workbench.js:37
[ 4717879ms] [LOG] %c INFO color: #33f [remote-connection][ExtensionHost][4aceb…][reconnect] A network error occurred while trying to reconnect, will try again... @ https://ai-lab.rice-business.org/test_student/stable-13ca0e47310505f4ab1ac59e891e9a3c5e5eec04/static/out/vs/code/browser/workbench/workbench.js:37
[ 4717880ms] [LOG] %c INFO color: #33f [remote-connection][ExtensionHost][4aceb…][reconnect] waiting for 30 seconds before reconnecting... @ https://ai-lab.rice-business.org/test_student/stable-13ca0e47310505f4ab1ac59e891e9a3c5e5eec04/static/out/vs/code/browser/workbench/workbench.js:37
[ 4718134ms] [ERROR] %c  ERR color: #f33 [remote-connection][Management   ][f6d89…][reconnect][WebSocket(ai-lab.rice-business.org:443)] the handshake timed out. Error: @ https://ai-lab.rice-business.org/test_student/stable-13ca0e47310505f4ab1ac59e891e9a3c5e5eec04/static/out/vs/code/browser/workbench/workbench.js:37
[ 4718134ms] [ERROR] %c  ERR color: #f33 Error: Time limit reached
    at T2e.i (https://ai-lab.rice-business.org/test_student/stable-13ca0e47310505f4ab1ac59e891e9a3c5e5eec04/static/out/vs/code/browser/workbench/workbench.js:3665:29310)
    at T2e.h (https://ai-lab.rice-business.org/test_student/stable-13ca0e47310505f4ab1ac59e891e9a3c5e5eec04/static/out/vs/code/browser/workbench/workbench.js:3665:29292)
    at ufe.value (https://ai-lab.rice-business.org/test_student/stable-13ca0e47310505f4ab1ac59e891e9a3c5e5eec04/static/out/vs/code/browser/workbench/workbench.js:3665:29147)
    at L.C (https://ai-lab.rice-business.org/test_student/stable-13ca0e47310505f4ab1ac59e891e9a3c5e5eec04/static/out/vs/code/browser/workbench/workbench.js:29:2349)
    at L.fire (https://ai-lab.rice-business.org/test_student/stable-13ca0e47310505f4ab1ac59e891e9a3c5e5eec04/static/out/vs/code/browser/workbench/workbench.js:29:2568)
    at vfe.cancel (https://ai-lab.rice-business.org/test_student/stable-13ca0e47310505f4ab1ac59e891e9a3c5e5eec04/static/out/vs/code/browser/workbench/workbench.js:29:37897)
    at pt.cancel (https://ai-lab.rice-business.org/test_student/stable-13ca0e47310505f4ab1ac59e891e9a3c5e5eec04/static/out/vs/code/browser/workbench/workbench.js:29:38311)
    at ufe.value (https://ai-lab.rice-business.org/test_student/stable-13ca0e47310505f4ab1ac59e891e9a3c5e5eec04/static/out/vs/code/browser/workbench/workbench.js:3665:28888)
    at L.C (https://ai-lab.rice-business.org/test_student/stable-13ca0e47310505f4ab1ac59e891e9a3c5e5eec04/static/out/vs/code/browser/workbench/workbench.js:29:2349)
    at L.fire (https://ai-lab.rice-business.org/test_student/stable-13ca0e47310505f4ab1ac59e891e9a3c5e5eec04/static/out/vs/code/browser/workbench/workbench.js:29:2568)
    at vfe.cancel (https://ai-lab.rice-business.org/test_student/stable-13ca0e47310505f4ab1ac59e891e9a3c5e5eec04/static/out/vs/code/browser/workbench/workbench.js:29:37897)
    at pt.cancel (https://ai-lab.rice-business.org/test_student/stable-13ca0e47310505f4ab1ac59e891e9a3c5e5eec04/static/out/vs/code/browser/workbench/workbench.js:29:38311)
    at https://ai-lab.rice-business.org/test_student/stable-13ca0e47310505f4ab1ac59e891e9a3c5e5eec04/static/out/vs/code/browser/workbench/workbench.js:3665:28678 @ https://ai-lab.rice-business.org/test_student/stable-13ca0e47310505f4ab1ac59e891e9a3c5e5eec04/static/out/vs/code/browser/workbench/workbench.js:37
[ 4718134ms] [LOG] %c INFO color: #33f [remote-connection][Management   ][f6d89…][reconnect] A network error occurred while trying to reconnect, will try again... @ https://ai-lab.rice-business.org/test_student/stable-13ca0e47310505f4ab1ac59e891e9a3c5e5eec04/static/out/vs/code/browser/workbench/workbench.js:37
[ 4718134ms] [LOG] %c INFO color: #33f [remote-connection][Management   ][f6d89…][reconnect] waiting for 30 seconds before reconnecting... @ https://ai-lab.rice-business.org/test_student/stable-13ca0e47310505f4ab1ac59e891e9a3c5e5eec04/static/out/vs/code/browser/workbench/workbench.js:37
[ 4747886ms] [LOG] %c INFO color: #33f [remote-connection][ExtensionHost][4aceb…][reconnect] resolving connection... @ https://ai-lab.rice-business.org/test_student/stable-13ca0e47310505f4ab1ac59e891e9a3c5e5eec04/static/out/vs/code/browser/workbench/workbench.js:37
[ 4747886ms] [LOG] %c INFO color: #33f [remote-connection][ExtensionHost][4aceb…][reconnect] connecting to WebSocket(ai-lab.rice-business.org:443)... @ https://ai-lab.rice-business.org/test_student/stable-13ca0e47310505f4ab1ac59e891e9a3c5e5eec04/static/out/vs/code/browser/workbench/workbench.js:37
[ 4747886ms] [LOG] %c INFO color: #33f Creating a socket (renderer-ExtensionHost-4aceb238-020c-4daf-966a-5c687671a08c)... @ https://ai-lab.rice-business.org/test_student/stable-13ca0e47310505f4ab1ac59e891e9a3c5e5eec04/static/out/vs/code/browser/workbench/workbench.js:37
[ 4748147ms] [LOG] %c INFO color: #33f [remote-connection][Management   ][f6d89…][reconnect] resolving connection... @ https://ai-lab.rice-business.org/test_student/stable-13ca0e47310505f4ab1ac59e891e9a3c5e5eec04/static/out/vs/code/browser/workbench/workbench.js:37
[ 4748149ms] [LOG] %c INFO color: #33f [remote-connection][Management   ][f6d89…][reconnect] connecting to WebSocket(ai-lab.rice-business.org:443)... @ https://ai-lab.rice-business.org/test_student/stable-13ca0e47310505f4ab1ac59e891e9a3c5e5eec04/static/out/vs/code/browser/workbench/workbench.js:37
[ 4748150ms] [LOG] %c INFO color: #33f Creating a socket (renderer-Management-f6d89eb6-b512-45c4-bb6b-0b768dcac8ec)... @ https://ai-lab.rice-business.org/test_student/stable-13ca0e47310505f4ab1ac59e891e9a3c5e5eec04/static/out/vs/code/browser/workbench/workbench.js:37
[ 4748156ms] [LOG] %c INFO color: #33f Creating a socket (renderer-ExtensionHost-4aceb238-020c-4daf-966a-5c687671a08c) was successful after 270 ms. @ https://ai-lab.rice-business.org/test_student/stable-13ca0e47310505f4ab1ac59e891e9a3c5e5eec04/static/out/vs/code/browser/workbench/workbench.js:37
[ 4748364ms] [LOG] %c INFO color: #33f Creating a socket (renderer-Management-f6d89eb6-b512-45c4-bb6b-0b768dcac8ec) was successful after 215 ms. @ https://ai-lab.rice-business.org/test_student/stable-13ca0e47310505f4ab1ac59e891e9a3c5e5eec04/static/out/vs/code/browser/workbench/workbench.js:37
[ 4758161ms] [ERROR] %c  ERR color: #f33 [remote-connection][ExtensionHost][4aceb…][reconnect][WebSocket(ai-lab.rice-business.org:443)] the handshake timed out. Error: @ https://ai-lab.rice-business.org/test_student/stable-13ca0e47310505f4ab1ac59e891e9a3c5e5eec04/static/out/vs/code/browser/workbench/workbench.js:37
[ 4758162ms] [ERROR] %c  ERR color: #f33 Error: Time limit reached
    at T2e.i (https://ai-lab.rice-business.org/test_student/stable-13ca0e47310505f4ab1ac59e891e9a3c5e5eec04/static/out/vs/code/browser/workbench/workbench.js:3665:29310)
    at T2e.h (https://ai-lab.rice-business.org/test_student/stable-13ca0e47310505f4ab1ac59e891e9a3c5e5eec04/static/out/vs/code/browser/workbench/workbench.js:3665:29292)
    at ufe.value (https://ai-lab.rice-business.org/test_student/stable-13ca0e47310505f4ab1ac59e891e9a3c5e5eec04/static/out/vs/code/browser/workbench/workbench.js:3665:29147)
    at L.C (https://ai-lab.rice-business.org/test_student/stable-13ca0e47310505f4ab1ac59e891e9a3c5e5eec04/static/out/vs/code/browser/workbench/workbench.js:29:2349)
    at L.fire (https://ai-lab.rice-business.org/test_student/stable-13ca0e47310505f4ab1ac59e891e9a3c5e5eec04/static/out/vs/code/browser/workbench/workbench.js:29:2568)
    at vfe.cancel (https://ai-lab.rice-business.org/test_student/stable-13ca0e47310505f4ab1ac59e891e9a3c5e5eec04/static/out/vs/code/browser/workbench/workbench.js:29:37897)
    at pt.cancel (https://ai-lab.rice-business.org/test_student/stable-13ca0e47310505f4ab1ac59e891e9a3c5e5eec04/static/out/vs/code/browser/workbench/workbench.js:29:38311)
    at ufe.value (https://ai-lab.rice-business.org/test_student/stable-13ca0e47310505f4ab1ac59e891e9a3c5e5eec04/static/out/vs/code/browser/workbench/workbench.js:3665:28888)
    at L.C (https://ai-lab.rice-business.org/test_student/stable-13ca0e47310505f4ab1ac59e891e9a3c5e5eec04/static/out/vs/code/browser/workbench/workbench.js:29:2349)
    at L.fire (https://ai-lab.rice-business.org/test_student/stable-13ca0e47310505f4ab1ac59e891e9a3c5e5eec04/static/out/vs/code/browser/workbench/workbench.js:29:2568)
    at vfe.cancel (https://ai-lab.rice-business.org/test_student/stable-13ca0e47310505f4ab1ac59e891e9a3c5e5eec04/static/out/vs/code/browser/workbench/workbench.js:29:37897)
    at pt.cancel (https://ai-lab.rice-business.org/test_student/stable-13ca0e47310505f4ab1ac59e891e9a3c5e5eec04/static/out/vs/code/browser/workbench/workbench.js:29:38311)
    at https://ai-lab.rice-business.org/test_student/stable-13ca0e47310505f4ab1ac59e891e9a3c5e5eec04/static/out/vs/code/browser/workbench/workbench.js:3665:28678 @ https://ai-lab.rice-business.org/test_student/stable-13ca0e47310505f4ab1ac59e891e9a3c5e5eec04/static/out/vs/code/browser/workbench/workbench.js:37
[ 4758162ms] [LOG] %c INFO color: #33f [remote-connection][ExtensionHost][4aceb…][reconnect] A network error occurred while trying to reconnect, will try again... @ https://ai-lab.rice-business.org/test_student/stable-13ca0e47310505f4ab1ac59e891e9a3c5e5eec04/static/out/vs/code/browser/workbench/workbench.js:37
[ 4758162ms] [LOG] %c INFO color: #33f [remote-connection][ExtensionHost][4aceb…][reconnect] waiting for 30 seconds before reconnecting... @ https://ai-lab.rice-business.org/test_student/stable-13ca0e47310505f4ab1ac59e891e9a3c5e5eec04/static/out/vs/code/browser/workbench/workbench.js:37
[ 4758382ms] [ERROR] %c  ERR color: #f33 [remote-connection][Management   ][f6d89…][reconnect][WebSocket(ai-lab.rice-business.org:443)] the handshake timed out. Error: @ https://ai-lab.rice-business.org/test_student/stable-13ca0e47310505f4ab1ac59e891e9a3c5e5eec04/static/out/vs/code/browser/workbench/workbench.js:37
[ 4758382ms] [ERROR] %c  ERR color: #f33 Error: Time limit reached
    at T2e.i (https://ai-lab.rice-business.org/test_student/stable-13ca0e47310505f4ab1ac59e891e9a3c5e5eec04/static/out/vs/code/browser/workbench/workbench.js:3665:29310)
    at T2e.h (https://ai-lab.rice-business.org/test_student/stable-13ca0e47310505f4ab1ac59e891e9a3c5e5eec04/static/out/vs/code/browser/workbench/workbench.js:3665:29292)
    at ufe.value (https://ai-lab.rice-business.org/test_student/stable-13ca0e47310505f4ab1ac59e891e9a3c5e5eec04/static/out/vs/code/browser/workbench/workbench.js:3665:29147)
    at L.C (https://ai-lab.rice-business.org/test_student/stable-13ca0e47310505f4ab1ac59e891e9a3c5e5eec04/static/out/vs/code/browser/workbench/workbench.js:29:2349)
    at L.fire (https://ai-lab.rice-business.org/test_student/stable-13ca0e47310505f4ab1ac59e891e9a3c5e5eec04/static/out/vs/code/browser/workbench/workbench.js:29:2568)
    at vfe.cancel (https://ai-lab.rice-business.org/test_student/stable-13ca0e47310505f4ab1ac59e891e9a3c5e5eec04/static/out/vs/code/browser/workbench/workbench.js:29:37897)
    at pt.cancel (https://ai-lab.rice-business.org/test_student/stable-13ca0e47310505f4ab1ac59e891e9a3c5e5eec04/static/out/vs/code/browser/workbench/workbench.js:29:38311)
    at ufe.value (https://ai-lab.rice-business.org/test_student/stable-13ca0e47310505f4ab1ac59e891e9a3c5e5eec04/static/out/vs/code/browser/workbench/workbench.js:3665:28888)
    at L.C (https://ai-lab.rice-business.org/test_student/stable-13ca0e47310505f4ab1ac59e891e9a3c5e5eec04/static/out/vs/code/browser/workbench/workbench.js:29:2349)
    at L.fire (https://ai-lab.rice-business.org/test_student/stable-13ca0e47310505f4ab1ac59e891e9a3c5e5eec04/static/out/vs/code/browser/workbench/workbench.js:29:2568)
    at vfe.cancel (https://ai-lab.rice-business.org/test_student/stable-13ca0e47310505f4ab1ac59e891e9a3c5e5eec04/static/out/vs/code/browser/workbench/workbench.js:29:37897)
    at pt.cancel (https://ai-lab.rice-business.org/test_student/stable-13ca0e47310505f4ab1ac59e891e9a3c5e5eec04/static/out/vs/code/browser/workbench/workbench.js:29:38311)
    at https://ai-lab.rice-business.org/test_student/stable-13ca0e47310505f4ab1ac59e891e9a3c5e5eec04/static/out/vs/code/browser/workbench/workbench.js:3665:28678 @ https://ai-lab.rice-business.org/test_student/stable-13ca0e47310505f4ab1ac59e891e9a3c5e5eec04/static/out/vs/code/browser/workbench/workbench.js:37
[ 4758382ms] [LOG] %c INFO color: #33f [remote-connection][Management   ][f6d89…][reconnect] A network error occurred while trying to reconnect, will try again... @ https://ai-lab.rice-business.org/test_student/stable-13ca0e47310505f4ab1ac59e891e9a3c5e5eec04/static/out/vs/code/browser/workbench/workbench.js:37
[ 4758382ms] [LOG] %c INFO color: #33f [remote-connection][Management   ][f6d89…][reconnect] waiting for 30 seconds before reconnecting... @ https://ai-lab.rice-business.org/test_student/stable-13ca0e47310505f4ab1ac59e891e9a3c5e5eec04/static/out/vs/code/browser/workbench/workbench.js:37
[ 4788164ms] [LOG] %c INFO color: #33f [remote-connection][ExtensionHost][4aceb…][reconnect] resolving connection... @ https://ai-lab.rice-business.org/test_student/stable-13ca0e47310505f4ab1ac59e891e9a3c5e5eec04/static/out/vs/code/browser/workbench/workbench.js:37
[ 4788164ms] [LOG] %c INFO color: #33f [remote-connection][ExtensionHost][4aceb…][reconnect] connecting to WebSocket(ai-lab.rice-business.org:443)... @ https://ai-lab.rice-business.org/test_student/stable-13ca0e47310505f4ab1ac59e891e9a3c5e5eec04/static/out/vs/code/browser/workbench/workbench.js:37
[ 4788164ms] [LOG] %c INFO color: #33f Creating a socket (renderer-ExtensionHost-4aceb238-020c-4daf-966a-5c687671a08c)... @ https://ai-lab.rice-business.org/test_student/stable-13ca0e47310505f4ab1ac59e891e9a3c5e5eec04/static/out/vs/code/browser/workbench/workbench.js:37
[ 4788395ms] [LOG] %c INFO color: #33f [remote-connection][Management   ][f6d89…][reconnect] resolving connection... @ https://ai-lab.rice-business.org/test_student/stable-13ca0e47310505f4ab1ac59e891e9a3c5e5eec04/static/out/vs/code/browser/workbench/workbench.js:37
[ 4788396ms] [LOG] %c INFO color: #33f [remote-connection][Management   ][f6d89…][reconnect] connecting to WebSocket(ai-lab.rice-business.org:443)... @ https://ai-lab.rice-business.org/test_student/stable-13ca0e47310505f4ab1ac59e891e9a3c5e5eec04/static/out/vs/code/browser/workbench/workbench.js:37
[ 4788396ms] [LOG] %c INFO color: #33f Creating a socket (renderer-Management-f6d89eb6-b512-45c4-bb6b-0b768dcac8ec)... @ https://ai-lab.rice-business.org/test_student/stable-13ca0e47310505f4ab1ac59e891e9a3c5e5eec04/static/out/vs/code/browser/workbench/workbench.js:37
[ 4788401ms] [LOG] %c INFO color: #33f Creating a socket (renderer-ExtensionHost-4aceb238-020c-4daf-966a-5c687671a08c) was successful after 236 ms. @ https://ai-lab.rice-business.org/test_student/stable-13ca0e47310505f4ab1ac59e891e9a3c5e5eec04/static/out/vs/code/browser/workbench/workbench.js:37
[ 4788672ms] [LOG] %c INFO color: #33f Creating a socket (renderer-Management-f6d89eb6-b512-45c4-bb6b-0b768dcac8ec) was successful after 276 ms. @ https://ai-lab.rice-business.org/test_student/stable-13ca0e47310505f4ab1ac59e891e9a3c5e5eec04/static/out/vs/code/browser/workbench/workbench.js:37
[ 4798405ms] [ERROR] %c  ERR color: #f33 [remote-connection][ExtensionHost][4aceb…][reconnect][WebSocket(ai-lab.rice-business.org:443)] the handshake timed out. Error: @ https://ai-lab.rice-business.org/test_student/stable-13ca0e47310505f4ab1ac59e891e9a3c5e5eec04/static/out/vs/code/browser/workbench/workbench.js:37
[ 4798405ms] [ERROR] %c  ERR color: #f33 Error: Time limit reached
    at T2e.i (https://ai-lab.rice-business.org/test_student/stable-13ca0e47310505f4ab1ac59e891e9a3c5e5eec04/static/out/vs/code/browser/workbench/workbench.js:3665:29310)
    at T2e.h (https://ai-lab.rice-business.org/test_student/stable-13ca0e47310505f4ab1ac59e891e9a3c5e5eec04/static/out/vs/code/browser/workbench/workbench.js:3665:29292)
    at ufe.value (https://ai-lab.rice-business.org/test_student/stable-13ca0e47310505f4ab1ac59e891e9a3c5e5eec04/static/out/vs/code/browser/workbench/workbench.js:3665:29147)
    at L.C (https://ai-lab.rice-business.org/test_student/stable-13ca0e47310505f4ab1ac59e891e9a3c5e5eec04/static/out/vs/code/browser/workbench/workbench.js:29:2349)
    at L.fire (https://ai-lab.rice-business.org/test_student/stable-13ca0e47310505f4ab1ac59e891e9a3c5e5eec04/static/out/vs/code/browser/workbench/workbench.js:29:2568)
    at vfe.cancel (https://ai-lab.rice-business.org/test_student/stable-13ca0e47310505f4ab1ac59e891e9a3c5e5eec04/static/out/vs/code/browser/workbench/workbench.js:29:37897)
    at pt.cancel (https://ai-lab.rice-business.org/test_student/stable-13ca0e47310505f4ab1ac59e891e9a3c5e5eec04/static/out/vs/code/browser/workbench/workbench.js:29:38311)
    at ufe.value (https://ai-lab.rice-business.org/test_student/stable-13ca0e47310505f4ab1ac59e891e9a3c5e5eec04/static/out/vs/code/browser/workbench/workbench.js:3665:28888)
    at L.C (https://ai-lab.rice-business.org/test_student/stable-13ca0e47310505f4ab1ac59e891e9a3c5e5eec04/static/out/vs/code/browser/workbench/workbench.js:29:2349)
    at L.fire (https://ai-lab.rice-business.org/test_student/stable-13ca0e47310505f4ab1ac59e891e9a3c5e5eec04/static/out/vs/code/browser/workbench/workbench.js:29:2568)
    at vfe.cancel (https://ai-lab.rice-business.org/test_student/stable-13ca0e47310505f4ab1ac59e891e9a3c5e5eec04/static/out/vs/code/browser/workbench/workbench.js:29:37897)
    at pt.cancel (https://ai-lab.rice-business.org/test_student/stable-13ca0e47310505f4ab1ac59e891e9a3c5e5eec04/static/out/vs/code/browser/workbench/workbench.js:29:38311)
    at https://ai-lab.rice-business.org/test_student/stable-13ca0e47310505f4ab1ac59e891e9a3c5e5eec04/static/out/vs/code/browser/workbench/workbench.js:3665:28678 @ https://ai-lab.rice-business.org/test_student/stable-13ca0e47310505f4ab1ac59e891e9a3c5e5eec04/static/out/vs/code/browser/workbench/workbench.js:37
[ 4798405ms] [LOG] %c INFO color: #33f [remote-connection][ExtensionHost][4aceb…][reconnect] A network error occurred while trying to reconnect, will try again... @ https://ai-lab.rice-business.org/test_student/stable-13ca0e47310505f4ab1ac59e891e9a3c5e5eec04/static/out/vs/code/browser/workbench/workbench.js:37
[ 4798405ms] [LOG] %c INFO color: #33f [remote-connection][ExtensionHost][4aceb…][reconnect] waiting for 30 seconds before reconnecting... @ https://ai-lab.rice-business.org/test_student/stable-13ca0e47310505f4ab1ac59e891e9a3c5e5eec04/static/out/vs/code/browser/workbench/workbench.js:37
[ 4798674ms] [ERROR] %c  ERR color: #f33 [remote-connection][Management   ][f6d89…][reconnect][WebSocket(ai-lab.rice-business.org:443)] the handshake timed out. Error: @ https://ai-lab.rice-business.org/test_student/stable-13ca0e47310505f4ab1ac59e891e9a3c5e5eec04/static/out/vs/code/browser/workbench/workbench.js:37
[ 4798674ms] [ERROR] %c  ERR color: #f33 Error: Time limit reached
    at T2e.i (https://ai-lab.rice-business.org/test_student/stable-13ca0e47310505f4ab1ac59e891e9a3c5e5eec04/static/out/vs/code/browser/workbench/workbench.js:3665:29310)
    at T2e.h (https://ai-lab.rice-business.org/test_student/stable-13ca0e47310505f4ab1ac59e891e9a3c5e5eec04/static/out/vs/code/browser/workbench/workbench.js:3665:29292)
    at ufe.value (https://ai-lab.rice-business.org/test_student/stable-13ca0e47310505f4ab1ac59e891e9a3c5e5eec04/static/out/vs/code/browser/workbench/workbench.js:3665:29147)
    at L.C (https://ai-lab.rice-business.org/test_student/stable-13ca0e47310505f4ab1ac59e891e9a3c5e5eec04/static/out/vs/code/browser/workbench/workbench.js:29:2349)
    at L.fire (https://ai-lab.rice-business.org/test_student/stable-13ca0e47310505f4ab1ac59e891e9a3c5e5eec04/static/out/vs/code/browser/workbench/workbench.js:29:2568)
    at vfe.cancel (https://ai-lab.rice-business.org/test_student/stable-13ca0e47310505f4ab1ac59e891e9a3c5e5eec04/static/out/vs/code/browser/workbench/workbench.js:29:37897)
    at pt.cancel (https://ai-lab.rice-business.org/test_student/stable-13ca0e47310505f4ab1ac59e891e9a3c5e5eec04/static/out/vs/code/browser/workbench/workbench.js:29:38311)
    at ufe.value (https://ai-lab.rice-business.org/test_student/stable-13ca0e47310505f4ab1ac59e891e9a3c5e5eec04/static/out/vs/code/browser/workbench/workbench.js:3665:28888)
    at L.C (https://ai-lab.rice-business.org/test_student/stable-13ca0e47310505f4ab1ac59e891e9a3c5e5eec04/static/out/vs/code/browser/workbench/workbench.js:29:2349)
    at L.fire (https://ai-lab.rice-business.org/test_student/stable-13ca0e47310505f4ab1ac59e891e9a3c5e5eec04/static/out/vs/code/browser/workbench/workbench.js:29:2568)
    at vfe.cancel (https://ai-lab.rice-business.org/test_student/stable-13ca0e47310505f4ab1ac59e891e9a3c5e5eec04/static/out/vs/code/browser/workbench/workbench.js:29:37897)
    at pt.cancel (https://ai-lab.rice-business.org/test_student/stable-13ca0e47310505f4ab1ac59e891e9a3c5e5eec04/static/out/vs/code/browser/workbench/workbench.js:29:38311)
    at https://ai-lab.rice-business.org/test_student/stable-13ca0e47310505f4ab1ac59e891e9a3c5e5eec04/static/out/vs/code/browser/workbench/workbench.js:3665:28678 @ https://ai-lab.rice-business.org/test_student/stable-13ca0e47310505f4ab1ac59e891e9a3c5e5eec04/static/out/vs/code/browser/workbench/workbench.js:37
[ 4798674ms] [LOG] %c INFO color: #33f [remote-connection][Management   ][f6d89…][reconnect] A network error occurred while trying to reconnect, will try again... @ https://ai-lab.rice-business.org/test_student/stable-13ca0e47310505f4ab1ac59e891e9a3c5e5eec04/static/out/vs/code/browser/workbench/workbench.js:37
[ 4798675ms] [LOG] %c INFO color: #33f [remote-connection][Management   ][f6d89…][reconnect] waiting for 30 seconds before reconnecting... @ https://ai-lab.rice-business.org/test_student/stable-13ca0e47310505f4ab1ac59e891e9a3c5e5eec04/static/out/vs/code/browser/workbench/workbench.js:37
[ 4828421ms] [LOG] %c INFO color: #33f [remote-connection][ExtensionHost][4aceb…][reconnect] resolving connection... @ https://ai-lab.rice-business.org/test_student/stable-13ca0e47310505f4ab1ac59e891e9a3c5e5eec04/static/out/vs/code/browser/workbench/workbench.js:37
[ 4828421ms] [LOG] %c INFO color: #33f [remote-connection][ExtensionHost][4aceb…][reconnect] connecting to WebSocket(ai-lab.rice-business.org:443)... @ https://ai-lab.rice-business.org/test_student/stable-13ca0e47310505f4ab1ac59e891e9a3c5e5eec04/static/out/vs/code/browser/workbench/workbench.js:37
[ 4828421ms] [LOG] %c INFO color: #33f Creating a socket (renderer-ExtensionHost-4aceb238-020c-4daf-966a-5c687671a08c)... @ https://ai-lab.rice-business.org/test_student/stable-13ca0e47310505f4ab1ac59e891e9a3c5e5eec04/static/out/vs/code/browser/workbench/workbench.js:37
[ 4828680ms] [LOG] %c INFO color: #33f [remote-connection][Management   ][f6d89…][reconnect] resolving connection... @ https://ai-lab.rice-business.org/test_student/stable-13ca0e47310505f4ab1ac59e891e9a3c5e5eec04/static/out/vs/code/browser/workbench/workbench.js:37
[ 4828683ms] [LOG] %c INFO color: #33f [remote-connection][Management   ][f6d89…][reconnect] connecting to WebSocket(ai-lab.rice-business.org:443)... @ https://ai-lab.rice-business.org/test_student/stable-13ca0e47310505f4ab1ac59e891e9a3c5e5eec04/static/out/vs/code/browser/workbench/workbench.js:37
[ 4828683ms] [LOG] %c INFO color: #33f Creating a socket (renderer-Management-f6d89eb6-b512-45c4-bb6b-0b768dcac8ec)... @ https://ai-lab.rice-business.org/test_student/stable-13ca0e47310505f4ab1ac59e891e9a3c5e5eec04/static/out/vs/code/browser/workbench/workbench.js:37
[ 4828767ms] [LOG] %c INFO color: #33f Creating a socket (renderer-ExtensionHost-4aceb238-020c-4daf-966a-5c687671a08c) was successful after 345 ms. @ https://ai-lab.rice-business.org/test_student/stable-13ca0e47310505f4ab1ac59e891e9a3c5e5eec04/static/out/vs/code/browser/workbench/workbench.js:37
[ 4828983ms] [LOG] %c INFO color: #33f Creating a socket (renderer-Management-f6d89eb6-b512-45c4-bb6b-0b768dcac8ec) was successful after 301 ms. @ https://ai-lab.rice-business.org/test_student/stable-13ca0e47310505f4ab1ac59e891e9a3c5e5eec04/static/out/vs/code/browser/workbench/workbench.js:37
[ 4838782ms] [ERROR] %c  ERR color: #f33 [remote-connection][ExtensionHost][4aceb…][reconnect][WebSocket(ai-lab.rice-business.org:443)] the handshake timed out. Error: @ https://ai-lab.rice-business.org/test_student/stable-13ca0e47310505f4ab1ac59e891e9a3c5e5eec04/static/out/vs/code/browser/workbench/workbench.js:37
[ 4838782ms] [ERROR] %c  ERR color: #f33 Error: Time limit reached
    at T2e.i (https://ai-lab.rice-business.org/test_student/stable-13ca0e47310505f4ab1ac59e891e9a3c5e5eec04/static/out/vs/code/browser/workbench/workbench.js:3665:29310)
    at T2e.h (https://ai-lab.rice-business.org/test_student/stable-13ca0e47310505f4ab1ac59e891e9a3c5e5eec04/static/out/vs/code/browser/workbench/workbench.js:3665:29292)
    at ufe.value (https://ai-lab.rice-business.org/test_student/stable-13ca0e47310505f4ab1ac59e891e9a3c5e5eec04/static/out/vs/code/browser/workbench/workbench.js:3665:29147)
    at L.C (https://ai-lab.rice-business.org/test_student/stable-13ca0e47310505f4ab1ac59e891e9a3c5e5eec04/static/out/vs/code/browser/workbench/workbench.js:29:2349)
    at L.fire (https://ai-lab.rice-business.org/test_student/stable-13ca0e47310505f4ab1ac59e891e9a3c5e5eec04/static/out/vs/code/browser/workbench/workbench.js:29:2568)
    at vfe.cancel (https://ai-lab.rice-business.org/test_student/stable-13ca0e47310505f4ab1ac59e891e9a3c5e5eec04/static/out/vs/code/browser/workbench/workbench.js:29:37897)
    at pt.cancel (https://ai-lab.rice-business.org/test_student/stable-13ca0e47310505f4ab1ac59e891e9a3c5e5eec04/static/out/vs/code/browser/workbench/workbench.js:29:38311)
    at ufe.value (https://ai-lab.rice-business.org/test_student/stable-13ca0e47310505f4ab1ac59e891e9a3c5e5eec04/static/out/vs/code/browser/workbench/workbench.js:3665:28888)
    at L.C (https://ai-lab.rice-business.org/test_student/stable-13ca0e47310505f4ab1ac59e891e9a3c5e5eec04/static/out/vs/code/browser/workbench/workbench.js:29:2349)
    at L.fire (https://ai-lab.rice-business.org/test_student/stable-13ca0e47310505f4ab1ac59e891e9a3c5e5eec04/static/out/vs/code/browser/workbench/workbench.js:29:2568)
    at vfe.cancel (https://ai-lab.rice-business.org/test_student/stable-13ca0e47310505f4ab1ac59e891e9a3c5e5eec04/static/out/vs/code/browser/workbench/workbench.js:29:37897)
    at pt.cancel (https://ai-lab.rice-business.org/test_student/stable-13ca0e47310505f4ab1ac59e891e9a3c5e5eec04/static/out/vs/code/browser/workbench/workbench.js:29:38311)
    at https://ai-lab.rice-business.org/test_student/stable-13ca0e47310505f4ab1ac59e891e9a3c5e5eec04/static/out/vs/code/browser/workbench/workbench.js:3665:28678 @ https://ai-lab.rice-business.org/test_student/stable-13ca0e47310505f4ab1ac59e891e9a3c5e5eec04/static/out/vs/code/browser/workbench/workbench.js:37
[ 4838783ms] [LOG] %c INFO color: #33f [remote-connection][ExtensionHost][4aceb…][reconnect] A network error occurred while trying to reconnect, will try again... @ https://ai-lab.rice-business.org/test_student/stable-13ca0e47310505f4ab1ac59e891e9a3c5e5eec04/static/out/vs/code/browser/workbench/workbench.js:37
[ 4838783ms] [LOG] %c INFO color: #33f [remote-connection][ExtensionHost][4aceb…][reconnect] waiting for 30 seconds before reconnecting... @ https://ai-lab.rice-business.org/test_student/stable-13ca0e47310505f4ab1ac59e891e9a3c5e5eec04/static/out/vs/code/browser/workbench/workbench.js:37
[ 4838989ms] [ERROR] %c  ERR color: #f33 [remote-connection][Management   ][f6d89…][reconnect][WebSocket(ai-lab.rice-business.org:443)] the handshake timed out. Error: @ https://ai-lab.rice-business.org/test_student/stable-13ca0e47310505f4ab1ac59e891e9a3c5e5eec04/static/out/vs/code/browser/workbench/workbench.js:37
[ 4838990ms] [ERROR] %c  ERR color: #f33 Error: Time limit reached
    at T2e.i (https://ai-lab.rice-business.org/test_student/stable-13ca0e47310505f4ab1ac59e891e9a3c5e5eec04/static/out/vs/code/browser/workbench/workbench.js:3665:29310)
    at T2e.h (https://ai-lab.rice-business.org/test_student/stable-13ca0e47310505f4ab1ac59e891e9a3c5e5eec04/static/out/vs/code/browser/workbench/workbench.js:3665:29292)
    at ufe.value (https://ai-lab.rice-business.org/test_student/stable-13ca0e47310505f4ab1ac59e891e9a3c5e5eec04/static/out/vs/code/browser/workbench/workbench.js:3665:29147)
    at L.C (https://ai-lab.rice-business.org/test_student/stable-13ca0e47310505f4ab1ac59e891e9a3c5e5eec04/static/out/vs/code/browser/workbench/workbench.js:29:2349)
    at L.fire (https://ai-lab.rice-business.org/test_student/stable-13ca0e47310505f4ab1ac59e891e9a3c5e5eec04/static/out/vs/code/browser/workbench/workbench.js:29:2568)
    at vfe.cancel (https://ai-lab.rice-business.org/test_student/stable-13ca0e47310505f4ab1ac59e891e9a3c5e5eec04/static/out/vs/code/browser/workbench/workbench.js:29:37897)
    at pt.cancel (https://ai-lab.rice-business.org/test_student/stable-13ca0e47310505f4ab1ac59e891e9a3c5e5eec04/static/out/vs/code/browser/workbench/workbench.js:29:38311)
    at ufe.value (https://ai-lab.rice-business.org/test_student/stable-13ca0e47310505f4ab1ac59e891e9a3c5e5eec04/static/out/vs/code/browser/workbench/workbench.js:3665:28888)
    at L.C (https://ai-lab.rice-business.org/test_student/stable-13ca0e47310505f4ab1ac59e891e9a3c5e5eec04/static/out/vs/code/browser/workbench/workbench.js:29:2349)
    at L.fire (https://ai-lab.rice-business.org/test_student/stable-13ca0e47310505f4ab1ac59e891e9a3c5e5eec04/static/out/vs/code/browser/workbench/workbench.js:29:2568)
    at vfe.cancel (https://ai-lab.rice-business.org/test_student/stable-13ca0e47310505f4ab1ac59e891e9a3c5e5eec04/static/out/vs/code/browser/workbench/workbench.js:29:37897)
    at pt.cancel (https://ai-lab.rice-business.org/test_student/stable-13ca0e47310505f4ab1ac59e891e9a3c5e5eec04/static/out/vs/code/browser/workbench/workbench.js:29:38311)
    at https://ai-lab.rice-business.org/test_student/stable-13ca0e47310505f4ab1ac59e891e9a3c5e5eec04/static/out/vs/code/browser/workbench/workbench.js:3665:28678 @ https://ai-lab.rice-business.org/test_student/stable-13ca0e47310505f4ab1ac59e891e9a3c5e5eec04/static/out/vs/code/browser/workbench/workbench.js:37
[ 4838990ms] [LOG] %c INFO color: #33f [remote-connection][Management   ][f6d89…][reconnect] A network error occurred while trying to reconnect, will try again... @ https://ai-lab.rice-business.org/test_student/stable-13ca0e47310505f4ab1ac59e891e9a3c5e5eec04/static/out/vs/code/browser/workbench/workbench.js:37
[ 4838990ms] [LOG] %c INFO color: #33f [remote-connection][Management   ][f6d89…][reconnect] waiting for 30 seconds before reconnecting... @ https://ai-lab.rice-business.org/test_student/stable-13ca0e47310505f4ab1ac59e891e9a3c5e5eec04/static/out/vs/code/browser/workbench/workbench.js:37
[ 4868785ms] [LOG] %c INFO color: #33f [remote-connection][ExtensionHost][4aceb…][reconnect] resolving connection... @ https://ai-lab.rice-business.org/test_student/stable-13ca0e47310505f4ab1ac59e891e9a3c5e5eec04/static/out/vs/code/browser/workbench/workbench.js:37
[ 4868785ms] [LOG] %c INFO color: #33f [remote-connection][ExtensionHost][4aceb…][reconnect] connecting to WebSocket(ai-lab.rice-business.org:443)... @ https://ai-lab.rice-business.org/test_student/stable-13ca0e47310505f4ab1ac59e891e9a3c5e5eec04/static/out/vs/code/browser/workbench/workbench.js:37
[ 4868785ms] [LOG] %c INFO color: #33f Creating a socket (renderer-ExtensionHost-4aceb238-020c-4daf-966a-5c687671a08c)... @ https://ai-lab.rice-business.org/test_student/stable-13ca0e47310505f4ab1ac59e891e9a3c5e5eec04/static/out/vs/code/browser/workbench/workbench.js:37
[ 4868991ms] [LOG] %c INFO color: #33f [remote-connection][Management   ][f6d89…][reconnect] resolving connection... @ https://ai-lab.rice-business.org/test_student/stable-13ca0e47310505f4ab1ac59e891e9a3c5e5eec04/static/out/vs/code/browser/workbench/workbench.js:37
[ 4868994ms] [LOG] %c INFO color: #33f [remote-connection][Management   ][f6d89…][reconnect] connecting to WebSocket(ai-lab.rice-business.org:443)... @ https://ai-lab.rice-business.org/test_student/stable-13ca0e47310505f4ab1ac59e891e9a3c5e5eec04/static/out/vs/code/browser/workbench/workbench.js:37
[ 4868994ms] [LOG] %c INFO color: #33f Creating a socket (renderer-Management-f6d89eb6-b512-45c4-bb6b-0b768dcac8ec)... @ https://ai-lab.rice-business.org/test_student/stable-13ca0e47310505f4ab1ac59e891e9a3c5e5eec04/static/out/vs/code/browser/workbench/workbench.js:37
[ 4869112ms] [LOG] %c INFO color: #33f Creating a socket (renderer-ExtensionHost-4aceb238-020c-4daf-966a-5c687671a08c) was successful after 326 ms. @ https://ai-lab.rice-business.org/test_student/stable-13ca0e47310505f4ab1ac59e891e9a3c5e5eec04/static/out/vs/code/browser/workbench/workbench.js:37
[ 4869500ms] [LOG] %c INFO color: #33f Creating a socket (renderer-Management-f6d89eb6-b512-45c4-bb6b-0b768dcac8ec) was successful after 506 ms. @ https://ai-lab.rice-business.org/test_student/stable-13ca0e47310505f4ab1ac59e891e9a3c5e5eec04/static/out/vs/code/browser/workbench/workbench.js:37
[ 4879125ms] [ERROR] %c  ERR color: #f33 [remote-connection][ExtensionHost][4aceb…][reconnect][WebSocket(ai-lab.rice-business.org:443)] the handshake timed out. Error: @ https://ai-lab.rice-business.org/test_student/stable-13ca0e47310505f4ab1ac59e891e9a3c5e5eec04/static/out/vs/code/browser/workbench/workbench.js:37
[ 4879125ms] [ERROR] %c  ERR color: #f33 Error: Time limit reached
    at T2e.i (https://ai-lab.rice-business.org/test_student/stable-13ca0e47310505f4ab1ac59e891e9a3c5e5eec04/static/out/vs/code/browser/workbench/workbench.js:3665:29310)
    at T2e.h (https://ai-lab.rice-business.org/test_student/stable-13ca0e47310505f4ab1ac59e891e9a3c5e5eec04/static/out/vs/code/browser/workbench/workbench.js:3665:29292)
    at ufe.value (https://ai-lab.rice-business.org/test_student/stable-13ca0e47310505f4ab1ac59e891e9a3c5e5eec04/static/out/vs/code/browser/workbench/workbench.js:3665:29147)
    at L.C (https://ai-lab.rice-business.org/test_student/stable-13ca0e47310505f4ab1ac59e891e9a3c5e5eec04/static/out/vs/code/browser/workbench/workbench.js:29:2349)
    at L.fire (https://ai-lab.rice-business.org/test_student/stable-13ca0e47310505f4ab1ac59e891e9a3c5e5eec04/static/out/vs/code/browser/workbench/workbench.js:29:2568)
    at vfe.cancel (https://ai-lab.rice-business.org/test_student/stable-13ca0e47310505f4ab1ac59e891e9a3c5e5eec04/static/out/vs/code/browser/workbench/workbench.js:29:37897)
    at pt.cancel (https://ai-lab.rice-business.org/test_student/stable-13ca0e47310505f4ab1ac59e891e9a3c5e5eec04/static/out/vs/code/browser/workbench/workbench.js:29:38311)
    at ufe.value (https://ai-lab.rice-business.org/test_student/stable-13ca0e47310505f4ab1ac59e891e9a3c5e5eec04/static/out/vs/code/browser/workbench/workbench.js:3665:28888)
    at L.C (https://ai-lab.rice-business.org/test_student/stable-13ca0e47310505f4ab1ac59e891e9a3c5e5eec04/static/out/vs/code/browser/workbench/workbench.js:29:2349)
    at L.fire (https://ai-lab.rice-business.org/test_student/stable-13ca0e47310505f4ab1ac59e891e9a3c5e5eec04/static/out/vs/code/browser/workbench/workbench.js:29:2568)
    at vfe.cancel (https://ai-lab.rice-business.org/test_student/stable-13ca0e47310505f4ab1ac59e891e9a3c5e5eec04/static/out/vs/code/browser/workbench/workbench.js:29:37897)
    at pt.cancel (https://ai-lab.rice-business.org/test_student/stable-13ca0e47310505f4ab1ac59e891e9a3c5e5eec04/static/out/vs/code/browser/workbench/workbench.js:29:38311)
    at https://ai-lab.rice-business.org/test_student/stable-13ca0e47310505f4ab1ac59e891e9a3c5e5eec04/static/out/vs/code/browser/workbench/workbench.js:3665:28678 @ https://ai-lab.rice-business.org/test_student/stable-13ca0e47310505f4ab1ac59e891e9a3c5e5eec04/static/out/vs/code/browser/workbench/workbench.js:37
[ 4879125ms] [LOG] %c INFO color: #33f [remote-connection][ExtensionHost][4aceb…][reconnect] A network error occurred while trying to reconnect, will try again... @ https://ai-lab.rice-business.org/test_student/stable-13ca0e47310505f4ab1ac59e891e9a3c5e5eec04/static/out/vs/code/browser/workbench/workbench.js:37
[ 4879125ms] [LOG] %c INFO color: #33f [remote-connection][ExtensionHost][4aceb…][reconnect] waiting for 30 seconds before reconnecting... @ https://ai-lab.rice-business.org/test_student/stable-13ca0e47310505f4ab1ac59e891e9a3c5e5eec04/static/out/vs/code/browser/workbench/workbench.js:37
[ 4879512ms] [ERROR] %c  ERR color: #f33 [remote-connection][Management   ][f6d89…][reconnect][WebSocket(ai-lab.rice-business.org:443)] the handshake timed out. Error: @ https://ai-lab.rice-business.org/test_student/stable-13ca0e47310505f4ab1ac59e891e9a3c5e5eec04/static/out/vs/code/browser/workbench/workbench.js:37
[ 4879512ms] [ERROR] %c  ERR color: #f33 Error: Time limit reached
    at T2e.i (https://ai-lab.rice-business.org/test_student/stable-13ca0e47310505f4ab1ac59e891e9a3c5e5eec04/static/out/vs/code/browser/workbench/workbench.js:3665:29310)
    at T2e.h (https://ai-lab.rice-business.org/test_student/stable-13ca0e47310505f4ab1ac59e891e9a3c5e5eec04/static/out/vs/code/browser/workbench/workbench.js:3665:29292)
    at ufe.value (https://ai-lab.rice-business.org/test_student/stable-13ca0e47310505f4ab1ac59e891e9a3c5e5eec04/static/out/vs/code/browser/workbench/workbench.js:3665:29147)
    at L.C (https://ai-lab.rice-business.org/test_student/stable-13ca0e47310505f4ab1ac59e891e9a3c5e5eec04/static/out/vs/code/browser/workbench/workbench.js:29:2349)
    at L.fire (https://ai-lab.rice-business.org/test_student/stable-13ca0e47310505f4ab1ac59e891e9a3c5e5eec04/static/out/vs/code/browser/workbench/workbench.js:29:2568)
    at vfe.cancel (https://ai-lab.rice-business.org/test_student/stable-13ca0e47310505f4ab1ac59e891e9a3c5e5eec04/static/out/vs/code/browser/workbench/workbench.js:29:37897)
    at pt.cancel (https://ai-lab.rice-business.org/test_student/stable-13ca0e47310505f4ab1ac59e891e9a3c5e5eec04/static/out/vs/code/browser/workbench/workbench.js:29:38311)
    at ufe.value (https://ai-lab.rice-business.org/test_student/stable-13ca0e47310505f4ab1ac59e891e9a3c5e5eec04/static/out/vs/code/browser/workbench/workbench.js:3665:28888)
    at L.C (https://ai-lab.rice-business.org/test_student/stable-13ca0e47310505f4ab1ac59e891e9a3c5e5eec04/static/out/vs/code/browser/workbench/workbench.js:29:2349)
    at L.fire (https://ai-lab.rice-business.org/test_student/stable-13ca0e47310505f4ab1ac59e891e9a3c5e5eec04/static/out/vs/code/browser/workbench/workbench.js:29:2568)
    at vfe.cancel (https://ai-lab.rice-business.org/test_student/stable-13ca0e47310505f4ab1ac59e891e9a3c5e5eec04/static/out/vs/code/browser/workbench/workbench.js:29:37897)
    at pt.cancel (https://ai-lab.rice-business.org/test_student/stable-13ca0e47310505f4ab1ac59e891e9a3c5e5eec04/static/out/vs/code/browser/workbench/workbench.js:29:38311)
    at https://ai-lab.rice-business.org/test_student/stable-13ca0e47310505f4ab1ac59e891e9a3c5e5eec04/static/out/vs/code/browser/workbench/workbench.js:3665:28678 @ https://ai-lab.rice-business.org/test_student/stable-13ca0e47310505f4ab1ac59e891e9a3c5e5eec04/static/out/vs/code/browser/workbench/workbench.js:37
[ 4879513ms] [LOG] %c INFO color: #33f [remote-connection][Management   ][f6d89…][reconnect] A network error occurred while trying to reconnect, will try again... @ https://ai-lab.rice-business.org/test_student/stable-13ca0e47310505f4ab1ac59e891e9a3c5e5eec04/static/out/vs/code/browser/workbench/workbench.js:37
[ 4879513ms] [LOG] %c INFO color: #33f [remote-connection][Management   ][f6d89…][reconnect] waiting for 30 seconds before reconnecting... @ https://ai-lab.rice-business.org/test_student/stable-13ca0e47310505f4ab1ac59e891e9a3c5e5eec04/static/out/vs/code/browser/workbench/workbench.js:37
[ 4909133ms] [LOG] %c INFO color: #33f [remote-connection][ExtensionHost][4aceb…][reconnect] resolving connection... @ https://ai-lab.rice-business.org/test_student/stable-13ca0e47310505f4ab1ac59e891e9a3c5e5eec04/static/out/vs/code/browser/workbench/workbench.js:37
[ 4909133ms] [LOG] %c INFO color: #33f [remote-connection][ExtensionHost][4aceb…][reconnect] connecting to WebSocket(ai-lab.rice-business.org:443)... @ https://ai-lab.rice-business.org/test_student/stable-13ca0e47310505f4ab1ac59e891e9a3c5e5eec04/static/out/vs/code/browser/workbench/workbench.js:37
[ 4909134ms] [LOG] %c INFO color: #33f Creating a socket (renderer-ExtensionHost-4aceb238-020c-4daf-966a-5c687671a08c)... @ https://ai-lab.rice-business.org/test_student/stable-13ca0e47310505f4ab1ac59e891e9a3c5e5eec04/static/out/vs/code/browser/workbench/workbench.js:37
[ 4909408ms] [LOG] %c INFO color: #33f Creating a socket (renderer-ExtensionHost-4aceb238-020c-4daf-966a-5c687671a08c) was successful after 275 ms. @ https://ai-lab.rice-business.org/test_student/stable-13ca0e47310505f4ab1ac59e891e9a3c5e5eec04/static/out/vs/code/browser/workbench/workbench.js:37
[ 4909519ms] [LOG] %c INFO color: #33f [remote-connection][Management   ][f6d89…][reconnect] resolving connection... @ https://ai-lab.rice-business.org/test_student/stable-13ca0e47310505f4ab1ac59e891e9a3c5e5eec04/static/out/vs/code/browser/workbench/workbench.js:37
[ 4909520ms] [LOG] %c INFO color: #33f [remote-connection][Management   ][f6d89…][reconnect] connecting to WebSocket(ai-lab.rice-business.org:443)... @ https://ai-lab.rice-business.org/test_student/stable-13ca0e47310505f4ab1ac59e891e9a3c5e5eec04/static/out/vs/code/browser/workbench/workbench.js:37
[ 4909520ms] [LOG] %c INFO color: #33f Creating a socket (renderer-Management-f6d89eb6-b512-45c4-bb6b-0b768dcac8ec)... @ https://ai-lab.rice-business.org/test_student/stable-13ca0e47310505f4ab1ac59e891e9a3c5e5eec04/static/out/vs/code/browser/workbench/workbench.js:37
[ 4909775ms] [LOG] %c INFO color: #33f Creating a socket (renderer-Management-f6d89eb6-b512-45c4-bb6b-0b768dcac8ec) was successful after 254 ms. @ https://ai-lab.rice-business.org/test_student/stable-13ca0e47310505f4ab1ac59e891e9a3c5e5eec04/static/out/vs/code/browser/workbench/workbench.js:37
[ 4919409ms] [ERROR] %c  ERR color: #f33 [remote-connection][ExtensionHost][4aceb…][reconnect][WebSocket(ai-lab.rice-business.org:443)] the handshake timed out. Error: @ https://ai-lab.rice-business.org/test_student/stable-13ca0e47310505f4ab1ac59e891e9a3c5e5eec04/static/out/vs/code/browser/workbench/workbench.js:37
[ 4919409ms] [ERROR] %c  ERR color: #f33 Error: Time limit reached
    at T2e.i (https://ai-lab.rice-business.org/test_student/stable-13ca0e47310505f4ab1ac59e891e9a3c5e5eec04/static/out/vs/code/browser/workbench/workbench.js:3665:29310)
    at T2e.h (https://ai-lab.rice-business.org/test_student/stable-13ca0e47310505f4ab1ac59e891e9a3c5e5eec04/static/out/vs/code/browser/workbench/workbench.js:3665:29292)
    at ufe.value (https://ai-lab.rice-business.org/test_student/stable-13ca0e47310505f4ab1ac59e891e9a3c5e5eec04/static/out/vs/code/browser/workbench/workbench.js:3665:29147)
    at L.C (https://ai-lab.rice-business.org/test_student/stable-13ca0e47310505f4ab1ac59e891e9a3c5e5eec04/static/out/vs/code/browser/workbench/workbench.js:29:2349)
    at L.fire (https://ai-lab.rice-business.org/test_student/stable-13ca0e47310505f4ab1ac59e891e9a3c5e5eec04/static/out/vs/code/browser/workbench/workbench.js:29:2568)
    at vfe.cancel (https://ai-lab.rice-business.org/test_student/stable-13ca0e47310505f4ab1ac59e891e9a3c5e5eec04/static/out/vs/code/browser/workbench/workbench.js:29:37897)
    at pt.cancel (https://ai-lab.rice-business.org/test_student/stable-13ca0e47310505f4ab1ac59e891e9a3c5e5eec04/static/out/vs/code/browser/workbench/workbench.js:29:38311)
    at ufe.value (https://ai-lab.rice-business.org/test_student/stable-13ca0e47310505f4ab1ac59e891e9a3c5e5eec04/static/out/vs/code/browser/workbench/workbench.js:3665:28888)
    at L.C (https://ai-lab.rice-business.org/test_student/stable-13ca0e47310505f4ab1ac59e891e9a3c5e5eec04/static/out/vs/code/browser/workbench/workbench.js:29:2349)
    at L.fire (https://ai-lab.rice-business.org/test_student/stable-13ca0e47310505f4ab1ac59e891e9a3c5e5eec04/static/out/vs/code/browser/workbench/workbench.js:29:2568)
    at vfe.cancel (https://ai-lab.rice-business.org/test_student/stable-13ca0e47310505f4ab1ac59e891e9a3c5e5eec04/static/out/vs/code/browser/workbench/workbench.js:29:37897)
    at pt.cancel (https://ai-lab.rice-business.org/test_student/stable-13ca0e47310505f4ab1ac59e891e9a3c5e5eec04/static/out/vs/code/browser/workbench/workbench.js:29:38311)
    at https://ai-lab.rice-business.org/test_student/stable-13ca0e47310505f4ab1ac59e891e9a3c5e5eec04/static/out/vs/code/browser/workbench/workbench.js:3665:28678 @ https://ai-lab.rice-business.org/test_student/stable-13ca0e47310505f4ab1ac59e891e9a3c5e5eec04/static/out/vs/code/browser/workbench/workbench.js:37
[ 4919409ms] [LOG] %c INFO color: #33f [remote-connection][ExtensionHost][4aceb…][reconnect] A network error occurred while trying to reconnect, will try again... @ https://ai-lab.rice-business.org/test_student/stable-13ca0e47310505f4ab1ac59e891e9a3c5e5eec04/static/out/vs/code/browser/workbench/workbench.js:37
[ 4919410ms] [LOG] %c INFO color: #33f [remote-connection][ExtensionHost][4aceb…][reconnect] waiting for 30 seconds before reconnecting... @ https://ai-lab.rice-business.org/test_student/stable-13ca0e47310505f4ab1ac59e891e9a3c5e5eec04/static/out/vs/code/browser/workbench/workbench.js:37
[ 4919776ms] [ERROR] %c  ERR color: #f33 [remote-connection][Management   ][f6d89…][reconnect][WebSocket(ai-lab.rice-business.org:443)] the handshake timed out. Error: @ https://ai-lab.rice-business.org/test_student/stable-13ca0e47310505f4ab1ac59e891e9a3c5e5eec04/static/out/vs/code/browser/workbench/workbench.js:37
[ 4919777ms] [ERROR] %c  ERR color: #f33 Error: Time limit reached
    at T2e.i (https://ai-lab.rice-business.org/test_student/stable-13ca0e47310505f4ab1ac59e891e9a3c5e5eec04/static/out/vs/code/browser/workbench/workbench.js:3665:29310)
    at T2e.h (https://ai-lab.rice-business.org/test_student/stable-13ca0e47310505f4ab1ac59e891e9a3c5e5eec04/static/out/vs/code/browser/workbench/workbench.js:3665:29292)
    at ufe.value (https://ai-lab.rice-business.org/test_student/stable-13ca0e47310505f4ab1ac59e891e9a3c5e5eec04/static/out/vs/code/browser/workbench/workbench.js:3665:29147)
    at L.C (https://ai-lab.rice-business.org/test_student/stable-13ca0e47310505f4ab1ac59e891e9a3c5e5eec04/static/out/vs/code/browser/workbench/workbench.js:29:2349)
    at L.fire (https://ai-lab.rice-business.org/test_student/stable-13ca0e47310505f4ab1ac59e891e9a3c5e5eec04/static/out/vs/code/browser/workbench/workbench.js:29:2568)
    at vfe.cancel (https://ai-lab.rice-business.org/test_student/stable-13ca0e47310505f4ab1ac59e891e9a3c5e5eec04/static/out/vs/code/browser/workbench/workbench.js:29:37897)
    at pt.cancel (https://ai-lab.rice-business.org/test_student/stable-13ca0e47310505f4ab1ac59e891e9a3c5e5eec04/static/out/vs/code/browser/workbench/workbench.js:29:38311)
    at ufe.value (https://ai-lab.rice-business.org/test_student/stable-13ca0e47310505f4ab1ac59e891e9a3c5e5eec04/static/out/vs/code/browser/workbench/workbench.js:3665:28888)
    at L.C (https://ai-lab.rice-business.org/test_student/stable-13ca0e47310505f4ab1ac59e891e9a3c5e5eec04/static/out/vs/code/browser/workbench/workbench.js:29:2349)
    at L.fire (https://ai-lab.rice-business.org/test_student/stable-13ca0e47310505f4ab1ac59e891e9a3c5e5eec04/static/out/vs/code/browser/workbench/workbench.js:29:2568)
    at vfe.cancel (https://ai-lab.rice-business.org/test_student/stable-13ca0e47310505f4ab1ac59e891e9a3c5e5eec04/static/out/vs/code/browser/workbench/workbench.js:29:37897)
    at pt.cancel (https://ai-lab.rice-business.org/test_student/stable-13ca0e47310505f4ab1ac59e891e9a3c5e5eec04/static/out/vs/code/browser/workbench/workbench.js:29:38311)
    at https://ai-lab.rice-business.org/test_student/stable-13ca0e47310505f4ab1ac59e891e9a3c5e5eec04/static/out/vs/code/browser/workbench/workbench.js:3665:28678 @ https://ai-lab.rice-business.org/test_student/stable-13ca0e47310505f4ab1ac59e891e9a3c5e5eec04/static/out/vs/code/browser/workbench/workbench.js:37
[ 4919777ms] [LOG] %c INFO color: #33f [remote-connection][Management   ][f6d89…][reconnect] A network error occurred while trying to reconnect, will try again... @ https://ai-lab.rice-business.org/test_student/stable-13ca0e47310505f4ab1ac59e891e9a3c5e5eec04/static/out/vs/code/browser/workbench/workbench.js:37
[ 4919777ms] [LOG] %c INFO color: #33f [remote-connection][Management   ][f6d89…][reconnect] waiting for 30 seconds before reconnecting... @ https://ai-lab.rice-business.org/test_student/stable-13ca0e47310505f4ab1ac59e891e9a3c5e5eec04/static/out/vs/code/browser/workbench/workbench.js:37
[ 4949415ms] [LOG] %c INFO color: #33f [remote-connection][ExtensionHost][4aceb…][reconnect] resolving connection... @ https://ai-lab.rice-business.org/test_student/stable-13ca0e47310505f4ab1ac59e891e9a3c5e5eec04/static/out/vs/code/browser/workbench/workbench.js:37
[ 4949416ms] [LOG] %c INFO color: #33f [remote-connection][ExtensionHost][4aceb…][reconnect] connecting to WebSocket(ai-lab.rice-business.org:443)... @ https://ai-lab.rice-business.org/test_student/stable-13ca0e47310505f4ab1ac59e891e9a3c5e5eec04/static/out/vs/code/browser/workbench/workbench.js:37
[ 4949416ms] [LOG] %c INFO color: #33f Creating a socket (renderer-ExtensionHost-4aceb238-020c-4daf-966a-5c687671a08c)... @ https://ai-lab.rice-business.org/test_student/stable-13ca0e47310505f4ab1ac59e891e9a3c5e5eec04/static/out/vs/code/browser/workbench/workbench.js:37
[ 4949688ms] [LOG] %c INFO color: #33f Creating a socket (renderer-ExtensionHost-4aceb238-020c-4daf-966a-5c687671a08c) was successful after 272 ms. @ https://ai-lab.rice-business.org/test_student/stable-13ca0e47310505f4ab1ac59e891e9a3c5e5eec04/static/out/vs/code/browser/workbench/workbench.js:37
[ 4949793ms] [LOG] %c INFO color: #33f [remote-connection][Management   ][f6d89…][reconnect] resolving connection... @ https://ai-lab.rice-business.org/test_student/stable-13ca0e47310505f4ab1ac59e891e9a3c5e5eec04/static/out/vs/code/browser/workbench/workbench.js:37
[ 4949794ms] [LOG] %c INFO color: #33f [remote-connection][Management   ][f6d89…][reconnect] connecting to WebSocket(ai-lab.rice-business.org:443)... @ https://ai-lab.rice-business.org/test_student/stable-13ca0e47310505f4ab1ac59e891e9a3c5e5eec04/static/out/vs/code/browser/workbench/workbench.js:37
[ 4949794ms] [LOG] %c INFO color: #33f Creating a socket (renderer-Management-f6d89eb6-b512-45c4-bb6b-0b768dcac8ec)... @ https://ai-lab.rice-business.org/test_student/stable-13ca0e47310505f4ab1ac59e891e9a3c5e5eec04/static/out/vs/code/browser/workbench/workbench.js:37
[ 4950026ms] [LOG] %c INFO color: #33f Creating a socket (renderer-Management-f6d89eb6-b512-45c4-bb6b-0b768dcac8ec) was successful after 233 ms. @ https://ai-lab.rice-business.org/test_student/stable-13ca0e47310505f4ab1ac59e891e9a3c5e5eec04/static/out/vs/code/browser/workbench/workbench.js:37
[ 4959699ms] [ERROR] %c  ERR color: #f33 [remote-connection][ExtensionHost][4aceb…][reconnect][WebSocket(ai-lab.rice-business.org:443)] the handshake timed out. Error: @ https://ai-lab.rice-business.org/test_student/stable-13ca0e47310505f4ab1ac59e891e9a3c5e5eec04/static/out/vs/code/browser/workbench/workbench.js:37
[ 4959699ms] [ERROR] %c  ERR color: #f33 Error: Time limit reached
    at T2e.i (https://ai-lab.rice-business.org/test_student/stable-13ca0e47310505f4ab1ac59e891e9a3c5e5eec04/static/out/vs/code/browser/workbench/workbench.js:3665:29310)
    at T2e.h (https://ai-lab.rice-business.org/test_student/stable-13ca0e47310505f4ab1ac59e891e9a3c5e5eec04/static/out/vs/code/browser/workbench/workbench.js:3665:29292)
    at ufe.value (https://ai-lab.rice-business.org/test_student/stable-13ca0e47310505f4ab1ac59e891e9a3c5e5eec04/static/out/vs/code/browser/workbench/workbench.js:3665:29147)
    at L.C (https://ai-lab.rice-business.org/test_student/stable-13ca0e47310505f4ab1ac59e891e9a3c5e5eec04/static/out/vs/code/browser/workbench/workbench.js:29:2349)
    at L.fire (https://ai-lab.rice-business.org/test_student/stable-13ca0e47310505f4ab1ac59e891e9a3c5e5eec04/static/out/vs/code/browser/workbench/workbench.js:29:2568)
    at vfe.cancel (https://ai-lab.rice-business.org/test_student/stable-13ca0e47310505f4ab1ac59e891e9a3c5e5eec04/static/out/vs/code/browser/workbench/workbench.js:29:37897)
    at pt.cancel (https://ai-lab.rice-business.org/test_student/stable-13ca0e47310505f4ab1ac59e891e9a3c5e5eec04/static/out/vs/code/browser/workbench/workbench.js:29:38311)
    at ufe.value (https://ai-lab.rice-business.org/test_student/stable-13ca0e47310505f4ab1ac59e891e9a3c5e5eec04/static/out/vs/code/browser/workbench/workbench.js:3665:28888)
    at L.C (https://ai-lab.rice-business.org/test_student/stable-13ca0e47310505f4ab1ac59e891e9a3c5e5eec04/static/out/vs/code/browser/workbench/workbench.js:29:2349)
    at L.fire (https://ai-lab.rice-business.org/test_student/stable-13ca0e47310505f4ab1ac59e891e9a3c5e5eec04/static/out/vs/code/browser/workbench/workbench.js:29:2568)
    at vfe.cancel (https://ai-lab.rice-business.org/test_student/stable-13ca0e47310505f4ab1ac59e891e9a3c5e5eec04/static/out/vs/code/browser/workbench/workbench.js:29:37897)
    at pt.cancel (https://ai-lab.rice-business.org/test_student/stable-13ca0e47310505f4ab1ac59e891e9a3c5e5eec04/static/out/vs/code/browser/workbench/workbench.js:29:38311)
    at https://ai-lab.rice-business.org/test_student/stable-13ca0e47310505f4ab1ac59e891e9a3c5e5eec04/static/out/vs/code/browser/workbench/workbench.js:3665:28678 @ https://ai-lab.rice-business.org/test_student/stable-13ca0e47310505f4ab1ac59e891e9a3c5e5eec04/static/out/vs/code/browser/workbench/workbench.js:37
[ 4959700ms] [LOG] %c INFO color: #33f [remote-connection][ExtensionHost][4aceb…][reconnect] A network error occurred while trying to reconnect, will try again... @ https://ai-lab.rice-business.org/test_student/stable-13ca0e47310505f4ab1ac59e891e9a3c5e5eec04/static/out/vs/code/browser/workbench/workbench.js:37
[ 4959700ms] [LOG] %c INFO color: #33f [remote-connection][ExtensionHost][4aceb…][reconnect] waiting for 30 seconds before reconnecting... @ https://ai-lab.rice-business.org/test_student/stable-13ca0e47310505f4ab1ac59e891e9a3c5e5eec04/static/out/vs/code/browser/workbench/workbench.js:37
[ 4960038ms] [ERROR] %c  ERR color: #f33 [remote-connection][Management   ][f6d89…][reconnect][WebSocket(ai-lab.rice-business.org:443)] the handshake timed out. Error: @ https://ai-lab.rice-business.org/test_student/stable-13ca0e47310505f4ab1ac59e891e9a3c5e5eec04/static/out/vs/code/browser/workbench/workbench.js:37
[ 4960038ms] [ERROR] %c  ERR color: #f33 Error: Time limit reached
    at T2e.i (https://ai-lab.rice-business.org/test_student/stable-13ca0e47310505f4ab1ac59e891e9a3c5e5eec04/static/out/vs/code/browser/workbench/workbench.js:3665:29310)
    at T2e.h (https://ai-lab.rice-business.org/test_student/stable-13ca0e47310505f4ab1ac59e891e9a3c5e5eec04/static/out/vs/code/browser/workbench/workbench.js:3665:29292)
    at ufe.value (https://ai-lab.rice-business.org/test_student/stable-13ca0e47310505f4ab1ac59e891e9a3c5e5eec04/static/out/vs/code/browser/workbench/workbench.js:3665:29147)
    at L.C (https://ai-lab.rice-business.org/test_student/stable-13ca0e47310505f4ab1ac59e891e9a3c5e5eec04/static/out/vs/code/browser/workbench/workbench.js:29:2349)
    at L.fire (https://ai-lab.rice-business.org/test_student/stable-13ca0e47310505f4ab1ac59e891e9a3c5e5eec04/static/out/vs/code/browser/workbench/workbench.js:29:2568)
    at vfe.cancel (https://ai-lab.rice-business.org/test_student/stable-13ca0e47310505f4ab1ac59e891e9a3c5e5eec04/static/out/vs/code/browser/workbench/workbench.js:29:37897)
    at pt.cancel (https://ai-lab.rice-business.org/test_student/stable-13ca0e47310505f4ab1ac59e891e9a3c5e5eec04/static/out/vs/code/browser/workbench/workbench.js:29:38311)
    at ufe.value (https://ai-lab.rice-business.org/test_student/stable-13ca0e47310505f4ab1ac59e891e9a3c5e5eec04/static/out/vs/code/browser/workbench/workbench.js:3665:28888)
    at L.C (https://ai-lab.rice-business.org/test_student/stable-13ca0e47310505f4ab1ac59e891e9a3c5e5eec04/static/out/vs/code/browser/workbench/workbench.js:29:2349)
    at L.fire (https://ai-lab.rice-business.org/test_student/stable-13ca0e47310505f4ab1ac59e891e9a3c5e5eec04/static/out/vs/code/browser/workbench/workbench.js:29:2568)
    at vfe.cancel (https://ai-lab.rice-business.org/test_student/stable-13ca0e47310505f4ab1ac59e891e9a3c5e5eec04/static/out/vs/code/browser/workbench/workbench.js:29:37897)
    at pt.cancel (https://ai-lab.rice-business.org/test_student/stable-13ca0e47310505f4ab1ac59e891e9a3c5e5eec04/static/out/vs/code/browser/workbench/workbench.js:29:38311)
    at https://ai-lab.rice-business.org/test_student/stable-13ca0e47310505f4ab1ac59e891e9a3c5e5eec04/static/out/vs/code/browser/workbench/workbench.js:3665:28678 @ https://ai-lab.rice-business.org/test_student/stable-13ca0e47310505f4ab1ac59e891e9a3c5e5eec04/static/out/vs/code/browser/workbench/workbench.js:37
[ 4960039ms] [LOG] %c INFO color: #33f [remote-connection][Management   ][f6d89…][reconnect] A network error occurred while trying to reconnect, will try again... @ https://ai-lab.rice-business.org/test_student/stable-13ca0e47310505f4ab1ac59e891e9a3c5e5eec04/static/out/vs/code/browser/workbench/workbench.js:37
[ 4960039ms] [LOG] %c INFO color: #33f [remote-connection][Management   ][f6d89…][reconnect] waiting for 30 seconds before reconnecting... @ https://ai-lab.rice-business.org/test_student/stable-13ca0e47310505f4ab1ac59e891e9a3c5e5eec04/static/out/vs/code/browser/workbench/workbench.js:37
[ 4989717ms] [LOG] %c INFO color: #33f [remote-connection][ExtensionHost][4aceb…][reconnect] resolving connection... @ https://ai-lab.rice-business.org/test_student/stable-13ca0e47310505f4ab1ac59e891e9a3c5e5eec04/static/out/vs/code/browser/workbench/workbench.js:37
[ 4989717ms] [LOG] %c INFO color: #33f [remote-connection][ExtensionHost][4aceb…][reconnect] connecting to WebSocket(ai-lab.rice-business.org:443)... @ https://ai-lab.rice-business.org/test_student/stable-13ca0e47310505f4ab1ac59e891e9a3c5e5eec04/static/out/vs/code/browser/workbench/workbench.js:37
[ 4989717ms] [LOG] %c INFO color: #33f Creating a socket (renderer-ExtensionHost-4aceb238-020c-4daf-966a-5c687671a08c)... @ https://ai-lab.rice-business.org/test_student/stable-13ca0e47310505f4ab1ac59e891e9a3c5e5eec04/static/out/vs/code/browser/workbench/workbench.js:37
[ 4989938ms] [LOG] %c INFO color: #33f Creating a socket (renderer-ExtensionHost-4aceb238-020c-4daf-966a-5c687671a08c) was successful after 221 ms. @ https://ai-lab.rice-business.org/test_student/stable-13ca0e47310505f4ab1ac59e891e9a3c5e5eec04/static/out/vs/code/browser/workbench/workbench.js:37
[ 4990053ms] [LOG] %c INFO color: #33f [remote-connection][Management   ][f6d89…][reconnect] resolving connection... @ https://ai-lab.rice-business.org/test_student/stable-13ca0e47310505f4ab1ac59e891e9a3c5e5eec04/static/out/vs/code/browser/workbench/workbench.js:37
[ 4990054ms] [LOG] %c INFO color: #33f [remote-connection][Management   ][f6d89…][reconnect] connecting to WebSocket(ai-lab.rice-business.org:443)... @ https://ai-lab.rice-business.org/test_student/stable-13ca0e47310505f4ab1ac59e891e9a3c5e5eec04/static/out/vs/code/browser/workbench/workbench.js:37
[ 4990054ms] [LOG] %c INFO color: #33f Creating a socket (renderer-Management-f6d89eb6-b512-45c4-bb6b-0b768dcac8ec)... @ https://ai-lab.rice-business.org/test_student/stable-13ca0e47310505f4ab1ac59e891e9a3c5e5eec04/static/out/vs/code/browser/workbench/workbench.js:37
[ 4990264ms] [LOG] %c INFO color: #33f Creating a socket (renderer-Management-f6d89eb6-b512-45c4-bb6b-0b768dcac8ec) was successful after 209 ms. @ https://ai-lab.rice-business.org/test_student/stable-13ca0e47310505f4ab1ac59e891e9a3c5e5eec04/static/out/vs/code/browser/workbench/workbench.js:37
[ 4999944ms] [ERROR] %c  ERR color: #f33 [remote-connection][ExtensionHost][4aceb…][reconnect][WebSocket(ai-lab.rice-business.org:443)] the handshake timed out. Error: @ https://ai-lab.rice-business.org/test_student/stable-13ca0e47310505f4ab1ac59e891e9a3c5e5eec04/static/out/vs/code/browser/workbench/workbench.js:37
[ 4999945ms] [ERROR] %c  ERR color: #f33 Error: Time limit reached
    at T2e.i (https://ai-lab.rice-business.org/test_student/stable-13ca0e47310505f4ab1ac59e891e9a3c5e5eec04/static/out/vs/code/browser/workbench/workbench.js:3665:29310)
    at T2e.h (https://ai-lab.rice-business.org/test_student/stable-13ca0e47310505f4ab1ac59e891e9a3c5e5eec04/static/out/vs/code/browser/workbench/workbench.js:3665:29292)
    at ufe.value (https://ai-lab.rice-business.org/test_student/stable-13ca0e47310505f4ab1ac59e891e9a3c5e5eec04/static/out/vs/code/browser/workbench/workbench.js:3665:29147)
    at L.C (https://ai-lab.rice-business.org/test_student/stable-13ca0e47310505f4ab1ac59e891e9a3c5e5eec04/static/out/vs/code/browser/workbench/workbench.js:29:2349)
    at L.fire (https://ai-lab.rice-business.org/test_student/stable-13ca0e47310505f4ab1ac59e891e9a3c5e5eec04/static/out/vs/code/browser/workbench/workbench.js:29:2568)
    at vfe.cancel (https://ai-lab.rice-business.org/test_student/stable-13ca0e47310505f4ab1ac59e891e9a3c5e5eec04/static/out/vs/code/browser/workbench/workbench.js:29:37897)
    at pt.cancel (https://ai-lab.rice-business.org/test_student/stable-13ca0e47310505f4ab1ac59e891e9a3c5e5eec04/static/out/vs/code/browser/workbench/workbench.js:29:38311)
    at ufe.value (https://ai-lab.rice-business.org/test_student/stable-13ca0e47310505f4ab1ac59e891e9a3c5e5eec04/static/out/vs/code/browser/workbench/workbench.js:3665:28888)
    at L.C (https://ai-lab.rice-business.org/test_student/stable-13ca0e47310505f4ab1ac59e891e9a3c5e5eec04/static/out/vs/code/browser/workbench/workbench.js:29:2349)
    at L.fire (https://ai-lab.rice-business.org/test_student/stable-13ca0e47310505f4ab1ac59e891e9a3c5e5eec04/static/out/vs/code/browser/workbench/workbench.js:29:2568)
    at vfe.cancel (https://ai-lab.rice-business.org/test_student/stable-13ca0e47310505f4ab1ac59e891e9a3c5e5eec04/static/out/vs/code/browser/workbench/workbench.js:29:37897)
    at pt.cancel (https://ai-lab.rice-business.org/test_student/stable-13ca0e47310505f4ab1ac59e891e9a3c5e5eec04/static/out/vs/code/browser/workbench/workbench.js:29:38311)
    at https://ai-lab.rice-business.org/test_student/stable-13ca0e47310505f4ab1ac59e891e9a3c5e5eec04/static/out/vs/code/browser/workbench/workbench.js:3665:28678 @ https://ai-lab.rice-business.org/test_student/stable-13ca0e47310505f4ab1ac59e891e9a3c5e5eec04/static/out/vs/code/browser/workbench/workbench.js:37
[ 4999945ms] [LOG] %c INFO color: #33f [remote-connection][ExtensionHost][4aceb…][reconnect] A network error occurred while trying to reconnect, will try again... @ https://ai-lab.rice-business.org/test_student/stable-13ca0e47310505f4ab1ac59e891e9a3c5e5eec04/static/out/vs/code/browser/workbench/workbench.js:37
[ 4999945ms] [LOG] %c INFO color: #33f [remote-connection][ExtensionHost][4aceb…][reconnect] waiting for 30 seconds before reconnecting... @ https://ai-lab.rice-business.org/test_student/stable-13ca0e47310505f4ab1ac59e891e9a3c5e5eec04/static/out/vs/code/browser/workbench/workbench.js:37
[ 5000269ms] [ERROR] %c  ERR color: #f33 [remote-connection][Management   ][f6d89…][reconnect][WebSocket(ai-lab.rice-business.org:443)] the handshake timed out. Error: @ https://ai-lab.rice-business.org/test_student/stable-13ca0e47310505f4ab1ac59e891e9a3c5e5eec04/static/out/vs/code/browser/workbench/workbench.js:37
[ 5000269ms] [ERROR] %c  ERR color: #f33 Error: Time limit reached
    at T2e.i (https://ai-lab.rice-business.org/test_student/stable-13ca0e47310505f4ab1ac59e891e9a3c5e5eec04/static/out/vs/code/browser/workbench/workbench.js:3665:29310)
    at T2e.h (https://ai-lab.rice-business.org/test_student/stable-13ca0e47310505f4ab1ac59e891e9a3c5e5eec04/static/out/vs/code/browser/workbench/workbench.js:3665:29292)
    at ufe.value (https://ai-lab.rice-business.org/test_student/stable-13ca0e47310505f4ab1ac59e891e9a3c5e5eec04/static/out/vs/code/browser/workbench/workbench.js:3665:29147)
    at L.C (https://ai-lab.rice-business.org/test_student/stable-13ca0e47310505f4ab1ac59e891e9a3c5e5eec04/static/out/vs/code/browser/workbench/workbench.js:29:2349)
    at L.fire (https://ai-lab.rice-business.org/test_student/stable-13ca0e47310505f4ab1ac59e891e9a3c5e5eec04/static/out/vs/code/browser/workbench/workbench.js:29:2568)
    at vfe.cancel (https://ai-lab.rice-business.org/test_student/stable-13ca0e47310505f4ab1ac59e891e9a3c5e5eec04/static/out/vs/code/browser/workbench/workbench.js:29:37897)
    at pt.cancel (https://ai-lab.rice-business.org/test_student/stable-13ca0e47310505f4ab1ac59e891e9a3c5e5eec04/static/out/vs/code/browser/workbench/workbench.js:29:38311)
    at ufe.value (https://ai-lab.rice-business.org/test_student/stable-13ca0e47310505f4ab1ac59e891e9a3c5e5eec04/static/out/vs/code/browser/workbench/workbench.js:3665:28888)
    at L.C (https://ai-lab.rice-business.org/test_student/stable-13ca0e47310505f4ab1ac59e891e9a3c5e5eec04/static/out/vs/code/browser/workbench/workbench.js:29:2349)
    at L.fire (https://ai-lab.rice-business.org/test_student/stable-13ca0e47310505f4ab1ac59e891e9a3c5e5eec04/static/out/vs/code/browser/workbench/workbench.js:29:2568)
    at vfe.cancel (https://ai-lab.rice-business.org/test_student/stable-13ca0e47310505f4ab1ac59e891e9a3c5e5eec04/static/out/vs/code/browser/workbench/workbench.js:29:37897)
    at pt.cancel (https://ai-lab.rice-business.org/test_student/stable-13ca0e47310505f4ab1ac59e891e9a3c5e5eec04/static/out/vs/code/browser/workbench/workbench.js:29:38311)
    at https://ai-lab.rice-business.org/test_student/stable-13ca0e47310505f4ab1ac59e891e9a3c5e5eec04/static/out/vs/code/browser/workbench/workbench.js:3665:28678 @ https://ai-lab.rice-business.org/test_student/stable-13ca0e47310505f4ab1ac59e891e9a3c5e5eec04/static/out/vs/code/browser/workbench/workbench.js:37
[ 5000269ms] [LOG] %c INFO color: #33f [remote-connection][Management   ][f6d89…][reconnect] A network error occurred while trying to reconnect, will try again... @ https://ai-lab.rice-business.org/test_student/stable-13ca0e47310505f4ab1ac59e891e9a3c5e5eec04/static/out/vs/code/browser/workbench/workbench.js:37
[ 5000269ms] [LOG] %c INFO color: #33f [remote-connection][Management   ][f6d89…][reconnect] waiting for 30 seconds before reconnecting... @ https://ai-lab.rice-business.org/test_student/stable-13ca0e47310505f4ab1ac59e891e9a3c5e5eec04/static/out/vs/code/browser/workbench/workbench.js:37
[ 5029948ms] [LOG] %c INFO color: #33f [remote-connection][ExtensionHost][4aceb…][reconnect] resolving connection... @ https://ai-lab.rice-business.org/test_student/stable-13ca0e47310505f4ab1ac59e891e9a3c5e5eec04/static/out/vs/code/browser/workbench/workbench.js:37
[ 5029948ms] [LOG] %c INFO color: #33f [remote-connection][ExtensionHost][4aceb…][reconnect] connecting to WebSocket(ai-lab.rice-business.org:443)... @ https://ai-lab.rice-business.org/test_student/stable-13ca0e47310505f4ab1ac59e891e9a3c5e5eec04/static/out/vs/code/browser/workbench/workbench.js:37
[ 5029948ms] [LOG] %c INFO color: #33f Creating a socket (renderer-ExtensionHost-4aceb238-020c-4daf-966a-5c687671a08c)... @ https://ai-lab.rice-business.org/test_student/stable-13ca0e47310505f4ab1ac59e891e9a3c5e5eec04/static/out/vs/code/browser/workbench/workbench.js:37
[ 5030187ms] [LOG] %c INFO color: #33f Creating a socket (renderer-ExtensionHost-4aceb238-020c-4daf-966a-5c687671a08c) was successful after 239 ms. @ https://ai-lab.rice-business.org/test_student/stable-13ca0e47310505f4ab1ac59e891e9a3c5e5eec04/static/out/vs/code/browser/workbench/workbench.js:37
[ 5030270ms] [LOG] %c INFO color: #33f [remote-connection][Management   ][f6d89…][reconnect] resolving connection... @ https://ai-lab.rice-business.org/test_student/stable-13ca0e47310505f4ab1ac59e891e9a3c5e5eec04/static/out/vs/code/browser/workbench/workbench.js:37
[ 5030272ms] [LOG] %c INFO color: #33f [remote-connection][Management   ][f6d89…][reconnect] connecting to WebSocket(ai-lab.rice-business.org:443)... @ https://ai-lab.rice-business.org/test_student/stable-13ca0e47310505f4ab1ac59e891e9a3c5e5eec04/static/out/vs/code/browser/workbench/workbench.js:37
[ 5030272ms] [LOG] %c INFO color: #33f Creating a socket (renderer-Management-f6d89eb6-b512-45c4-bb6b-0b768dcac8ec)... @ https://ai-lab.rice-business.org/test_student/stable-13ca0e47310505f4ab1ac59e891e9a3c5e5eec04/static/out/vs/code/browser/workbench/workbench.js:37
[ 5030459ms] [LOG] %c INFO color: #33f Creating a socket (renderer-Management-f6d89eb6-b512-45c4-bb6b-0b768dcac8ec) was successful after 187 ms. @ https://ai-lab.rice-business.org/test_student/stable-13ca0e47310505f4ab1ac59e891e9a3c5e5eec04/static/out/vs/code/browser/workbench/workbench.js:37
[ 5040188ms] [ERROR] %c  ERR color: #f33 [remote-connection][ExtensionHost][4aceb…][reconnect][WebSocket(ai-lab.rice-business.org:443)] the handshake timed out. Error: @ https://ai-lab.rice-business.org/test_student/stable-13ca0e47310505f4ab1ac59e891e9a3c5e5eec04/static/out/vs/code/browser/workbench/workbench.js:37
[ 5040188ms] [ERROR] %c  ERR color: #f33 Error: Time limit reached
    at T2e.i (https://ai-lab.rice-business.org/test_student/stable-13ca0e47310505f4ab1ac59e891e9a3c5e5eec04/static/out/vs/code/browser/workbench/workbench.js:3665:29310)
    at T2e.h (https://ai-lab.rice-business.org/test_student/stable-13ca0e47310505f4ab1ac59e891e9a3c5e5eec04/static/out/vs/code/browser/workbench/workbench.js:3665:29292)
    at ufe.value (https://ai-lab.rice-business.org/test_student/stable-13ca0e47310505f4ab1ac59e891e9a3c5e5eec04/static/out/vs/code/browser/workbench/workbench.js:3665:29147)
    at L.C (https://ai-lab.rice-business.org/test_student/stable-13ca0e47310505f4ab1ac59e891e9a3c5e5eec04/static/out/vs/code/browser/workbench/workbench.js:29:2349)
    at L.fire (https://ai-lab.rice-business.org/test_student/stable-13ca0e47310505f4ab1ac59e891e9a3c5e5eec04/static/out/vs/code/browser/workbench/workbench.js:29:2568)
    at vfe.cancel (https://ai-lab.rice-business.org/test_student/stable-13ca0e47310505f4ab1ac59e891e9a3c5e5eec04/static/out/vs/code/browser/workbench/workbench.js:29:37897)
    at pt.cancel (https://ai-lab.rice-business.org/test_student/stable-13ca0e47310505f4ab1ac59e891e9a3c5e5eec04/static/out/vs/code/browser/workbench/workbench.js:29:38311)
    at ufe.value (https://ai-lab.rice-business.org/test_student/stable-13ca0e47310505f4ab1ac59e891e9a3c5e5eec04/static/out/vs/code/browser/workbench/workbench.js:3665:28888)
    at L.C (https://ai-lab.rice-business.org/test_student/stable-13ca0e47310505f4ab1ac59e891e9a3c5e5eec04/static/out/vs/code/browser/workbench/workbench.js:29:2349)
    at L.fire (https://ai-lab.rice-business.org/test_student/stable-13ca0e47310505f4ab1ac59e891e9a3c5e5eec04/static/out/vs/code/browser/workbench/workbench.js:29:2568)
    at vfe.cancel (https://ai-lab.rice-business.org/test_student/stable-13ca0e47310505f4ab1ac59e891e9a3c5e5eec04/static/out/vs/code/browser/workbench/workbench.js:29:37897)
    at pt.cancel (https://ai-lab.rice-business.org/test_student/stable-13ca0e47310505f4ab1ac59e891e9a3c5e5eec04/static/out/vs/code/browser/workbench/workbench.js:29:38311)
    at https://ai-lab.rice-business.org/test_student/stable-13ca0e47310505f4ab1ac59e891e9a3c5e5eec04/static/out/vs/code/browser/workbench/workbench.js:3665:28678 @ https://ai-lab.rice-business.org/test_student/stable-13ca0e47310505f4ab1ac59e891e9a3c5e5eec04/static/out/vs/code/browser/workbench/workbench.js:37
[ 5040189ms] [LOG] %c INFO color: #33f [remote-connection][ExtensionHost][4aceb…][reconnect] A network error occurred while trying to reconnect, will try again... @ https://ai-lab.rice-business.org/test_student/stable-13ca0e47310505f4ab1ac59e891e9a3c5e5eec04/static/out/vs/code/browser/workbench/workbench.js:37
[ 5040189ms] [LOG] %c INFO color: #33f [remote-connection][ExtensionHost][4aceb…][reconnect] waiting for 30 seconds before reconnecting... @ https://ai-lab.rice-business.org/test_student/stable-13ca0e47310505f4ab1ac59e891e9a3c5e5eec04/static/out/vs/code/browser/workbench/workbench.js:37
[ 5040468ms] [ERROR] %c  ERR color: #f33 [remote-connection][Management   ][f6d89…][reconnect][WebSocket(ai-lab.rice-business.org:443)] the handshake timed out. Error: @ https://ai-lab.rice-business.org/test_student/stable-13ca0e47310505f4ab1ac59e891e9a3c5e5eec04/static/out/vs/code/browser/workbench/workbench.js:37
[ 5040468ms] [ERROR] %c  ERR color: #f33 Error: Time limit reached
    at T2e.i (https://ai-lab.rice-business.org/test_student/stable-13ca0e47310505f4ab1ac59e891e9a3c5e5eec04/static/out/vs/code/browser/workbench/workbench.js:3665:29310)
    at T2e.h (https://ai-lab.rice-business.org/test_student/stable-13ca0e47310505f4ab1ac59e891e9a3c5e5eec04/static/out/vs/code/browser/workbench/workbench.js:3665:29292)
    at ufe.value (https://ai-lab.rice-business.org/test_student/stable-13ca0e47310505f4ab1ac59e891e9a3c5e5eec04/static/out/vs/code/browser/workbench/workbench.js:3665:29147)
    at L.C (https://ai-lab.rice-business.org/test_student/stable-13ca0e47310505f4ab1ac59e891e9a3c5e5eec04/static/out/vs/code/browser/workbench/workbench.js:29:2349)
    at L.fire (https://ai-lab.rice-business.org/test_student/stable-13ca0e47310505f4ab1ac59e891e9a3c5e5eec04/static/out/vs/code/browser/workbench/workbench.js:29:2568)
    at vfe.cancel (https://ai-lab.rice-business.org/test_student/stable-13ca0e47310505f4ab1ac59e891e9a3c5e5eec04/static/out/vs/code/browser/workbench/workbench.js:29:37897)
    at pt.cancel (https://ai-lab.rice-business.org/test_student/stable-13ca0e47310505f4ab1ac59e891e9a3c5e5eec04/static/out/vs/code/browser/workbench/workbench.js:29:38311)
    at ufe.value (https://ai-lab.rice-business.org/test_student/stable-13ca0e47310505f4ab1ac59e891e9a3c5e5eec04/static/out/vs/code/browser/workbench/workbench.js:3665:28888)
    at L.C (https://ai-lab.rice-business.org/test_student/stable-13ca0e47310505f4ab1ac59e891e9a3c5e5eec04/static/out/vs/code/browser/workbench/workbench.js:29:2349)
    at L.fire (https://ai-lab.rice-business.org/test_student/stable-13ca0e47310505f4ab1ac59e891e9a3c5e5eec04/static/out/vs/code/browser/workbench/workbench.js:29:2568)
    at vfe.cancel (https://ai-lab.rice-business.org/test_student/stable-13ca0e47310505f4ab1ac59e891e9a3c5e5eec04/static/out/vs/code/browser/workbench/workbench.js:29:37897)
    at pt.cancel (https://ai-lab.rice-business.org/test_student/stable-13ca0e47310505f4ab1ac59e891e9a3c5e5eec04/static/out/vs/code/browser/workbench/workbench.js:29:38311)
    at https://ai-lab.rice-business.org/test_student/stable-13ca0e47310505f4ab1ac59e891e9a3c5e5eec04/static/out/vs/code/browser/workbench/workbench.js:3665:28678 @ https://ai-lab.rice-business.org/test_student/stable-13ca0e47310505f4ab1ac59e891e9a3c5e5eec04/static/out/vs/code/browser/workbench/workbench.js:37
[ 5040468ms] [LOG] %c INFO color: #33f [remote-connection][Management   ][f6d89…][reconnect] A network error occurred while trying to reconnect, will try again... @ https://ai-lab.rice-business.org/test_student/stable-13ca0e47310505f4ab1ac59e891e9a3c5e5eec04/static/out/vs/code/browser/workbench/workbench.js:37
[ 5040469ms] [LOG] %c INFO color: #33f [remote-connection][Management   ][f6d89…][reconnect] waiting for 30 seconds before reconnecting... @ https://ai-lab.rice-business.org/test_student/stable-13ca0e47310505f4ab1ac59e891e9a3c5e5eec04/static/out/vs/code/browser/workbench/workbench.js:37
[ 5070202ms] [LOG] %c INFO color: #33f [remote-connection][ExtensionHost][4aceb…][reconnect] resolving connection... @ https://ai-lab.rice-business.org/test_student/stable-13ca0e47310505f4ab1ac59e891e9a3c5e5eec04/static/out/vs/code/browser/workbench/workbench.js:37
[ 5070202ms] [LOG] %c INFO color: #33f [remote-connection][ExtensionHost][4aceb…][reconnect] connecting to WebSocket(ai-lab.rice-business.org:443)... @ https://ai-lab.rice-business.org/test_student/stable-13ca0e47310505f4ab1ac59e891e9a3c5e5eec04/static/out/vs/code/browser/workbench/workbench.js:37
[ 5070202ms] [LOG] %c INFO color: #33f Creating a socket (renderer-ExtensionHost-4aceb238-020c-4daf-966a-5c687671a08c)... @ https://ai-lab.rice-business.org/test_student/stable-13ca0e47310505f4ab1ac59e891e9a3c5e5eec04/static/out/vs/code/browser/workbench/workbench.js:37
[ 5070480ms] [LOG] %c INFO color: #33f [remote-connection][Management   ][f6d89…][reconnect] resolving connection... @ https://ai-lab.rice-business.org/test_student/stable-13ca0e47310505f4ab1ac59e891e9a3c5e5eec04/static/out/vs/code/browser/workbench/workbench.js:37
[ 5070482ms] [LOG] %c INFO color: #33f [remote-connection][Management   ][f6d89…][reconnect] connecting to WebSocket(ai-lab.rice-business.org:443)... @ https://ai-lab.rice-business.org/test_student/stable-13ca0e47310505f4ab1ac59e891e9a3c5e5eec04/static/out/vs/code/browser/workbench/workbench.js:37
[ 5070482ms] [LOG] %c INFO color: #33f Creating a socket (renderer-Management-f6d89eb6-b512-45c4-bb6b-0b768dcac8ec)... @ https://ai-lab.rice-business.org/test_student/stable-13ca0e47310505f4ab1ac59e891e9a3c5e5eec04/static/out/vs/code/browser/workbench/workbench.js:37
[ 5070645ms] [LOG] %c INFO color: #33f Creating a socket (renderer-ExtensionHost-4aceb238-020c-4daf-966a-5c687671a08c) was successful after 443 ms. @ https://ai-lab.rice-business.org/test_student/stable-13ca0e47310505f4ab1ac59e891e9a3c5e5eec04/static/out/vs/code/browser/workbench/workbench.js:37
[ 5070856ms] [LOG] %c INFO color: #33f Creating a socket (renderer-Management-f6d89eb6-b512-45c4-bb6b-0b768dcac8ec) was successful after 375 ms. @ https://ai-lab.rice-business.org/test_student/stable-13ca0e47310505f4ab1ac59e891e9a3c5e5eec04/static/out/vs/code/browser/workbench/workbench.js:37
[ 5080654ms] [ERROR] %c  ERR color: #f33 [remote-connection][ExtensionHost][4aceb…][reconnect][WebSocket(ai-lab.rice-business.org:443)] the handshake timed out. Error: @ https://ai-lab.rice-business.org/test_student/stable-13ca0e47310505f4ab1ac59e891e9a3c5e5eec04/static/out/vs/code/browser/workbench/workbench.js:37
[ 5080654ms] [ERROR] %c  ERR color: #f33 Error: Time limit reached
    at T2e.i (https://ai-lab.rice-business.org/test_student/stable-13ca0e47310505f4ab1ac59e891e9a3c5e5eec04/static/out/vs/code/browser/workbench/workbench.js:3665:29310)
    at T2e.h (https://ai-lab.rice-business.org/test_student/stable-13ca0e47310505f4ab1ac59e891e9a3c5e5eec04/static/out/vs/code/browser/workbench/workbench.js:3665:29292)
    at ufe.value (https://ai-lab.rice-business.org/test_student/stable-13ca0e47310505f4ab1ac59e891e9a3c5e5eec04/static/out/vs/code/browser/workbench/workbench.js:3665:29147)
    at L.C (https://ai-lab.rice-business.org/test_student/stable-13ca0e47310505f4ab1ac59e891e9a3c5e5eec04/static/out/vs/code/browser/workbench/workbench.js:29:2349)
    at L.fire (https://ai-lab.rice-business.org/test_student/stable-13ca0e47310505f4ab1ac59e891e9a3c5e5eec04/static/out/vs/code/browser/workbench/workbench.js:29:2568)
    at vfe.cancel (https://ai-lab.rice-business.org/test_student/stable-13ca0e47310505f4ab1ac59e891e9a3c5e5eec04/static/out/vs/code/browser/workbench/workbench.js:29:37897)
    at pt.cancel (https://ai-lab.rice-business.org/test_student/stable-13ca0e47310505f4ab1ac59e891e9a3c5e5eec04/static/out/vs/code/browser/workbench/workbench.js:29:38311)
    at ufe.value (https://ai-lab.rice-business.org/test_student/stable-13ca0e47310505f4ab1ac59e891e9a3c5e5eec04/static/out/vs/code/browser/workbench/workbench.js:3665:28888)
    at L.C (https://ai-lab.rice-business.org/test_student/stable-13ca0e47310505f4ab1ac59e891e9a3c5e5eec04/static/out/vs/code/browser/workbench/workbench.js:29:2349)
    at L.fire (https://ai-lab.rice-business.org/test_student/stable-13ca0e47310505f4ab1ac59e891e9a3c5e5eec04/static/out/vs/code/browser/workbench/workbench.js:29:2568)
    at vfe.cancel (https://ai-lab.rice-business.org/test_student/stable-13ca0e47310505f4ab1ac59e891e9a3c5e5eec04/static/out/vs/code/browser/workbench/workbench.js:29:37897)
    at pt.cancel (https://ai-lab.rice-business.org/test_student/stable-13ca0e47310505f4ab1ac59e891e9a3c5e5eec04/static/out/vs/code/browser/workbench/workbench.js:29:38311)
    at https://ai-lab.rice-business.org/test_student/stable-13ca0e47310505f4ab1ac59e891e9a3c5e5eec04/static/out/vs/code/browser/workbench/workbench.js:3665:28678 @ https://ai-lab.rice-business.org/test_student/stable-13ca0e47310505f4ab1ac59e891e9a3c5e5eec04/static/out/vs/code/browser/workbench/workbench.js:37
[ 5080655ms] [LOG] %c INFO color: #33f [remote-connection][ExtensionHost][4aceb…][reconnect] A network error occurred while trying to reconnect, will try again... @ https://ai-lab.rice-business.org/test_student/stable-13ca0e47310505f4ab1ac59e891e9a3c5e5eec04/static/out/vs/code/browser/workbench/workbench.js:37
[ 5080655ms] [LOG] %c INFO color: #33f [remote-connection][ExtensionHost][4aceb…][reconnect] waiting for 30 seconds before reconnecting... @ https://ai-lab.rice-business.org/test_student/stable-13ca0e47310505f4ab1ac59e891e9a3c5e5eec04/static/out/vs/code/browser/workbench/workbench.js:37
[ 5080864ms] [ERROR] %c  ERR color: #f33 [remote-connection][Management   ][f6d89…][reconnect][WebSocket(ai-lab.rice-business.org:443)] the handshake timed out. Error: @ https://ai-lab.rice-business.org/test_student/stable-13ca0e47310505f4ab1ac59e891e9a3c5e5eec04/static/out/vs/code/browser/workbench/workbench.js:37
[ 5080864ms] [ERROR] %c  ERR color: #f33 Error: Time limit reached
    at T2e.i (https://ai-lab.rice-business.org/test_student/stable-13ca0e47310505f4ab1ac59e891e9a3c5e5eec04/static/out/vs/code/browser/workbench/workbench.js:3665:29310)
    at T2e.h (https://ai-lab.rice-business.org/test_student/stable-13ca0e47310505f4ab1ac59e891e9a3c5e5eec04/static/out/vs/code/browser/workbench/workbench.js:3665:29292)
    at ufe.value (https://ai-lab.rice-business.org/test_student/stable-13ca0e47310505f4ab1ac59e891e9a3c5e5eec04/static/out/vs/code/browser/workbench/workbench.js:3665:29147)
    at L.C (https://ai-lab.rice-business.org/test_student/stable-13ca0e47310505f4ab1ac59e891e9a3c5e5eec04/static/out/vs/code/browser/workbench/workbench.js:29:2349)
    at L.fire (https://ai-lab.rice-business.org/test_student/stable-13ca0e47310505f4ab1ac59e891e9a3c5e5eec04/static/out/vs/code/browser/workbench/workbench.js:29:2568)
    at vfe.cancel (https://ai-lab.rice-business.org/test_student/stable-13ca0e47310505f4ab1ac59e891e9a3c5e5eec04/static/out/vs/code/browser/workbench/workbench.js:29:37897)
    at pt.cancel (https://ai-lab.rice-business.org/test_student/stable-13ca0e47310505f4ab1ac59e891e9a3c5e5eec04/static/out/vs/code/browser/workbench/workbench.js:29:38311)
    at ufe.value (https://ai-lab.rice-business.org/test_student/stable-13ca0e47310505f4ab1ac59e891e9a3c5e5eec04/static/out/vs/code/browser/workbench/workbench.js:3665:28888)
    at L.C (https://ai-lab.rice-business.org/test_student/stable-13ca0e47310505f4ab1ac59e891e9a3c5e5eec04/static/out/vs/code/browser/workbench/workbench.js:29:2349)
    at L.fire (https://ai-lab.rice-business.org/test_student/stable-13ca0e47310505f4ab1ac59e891e9a3c5e5eec04/static/out/vs/code/browser/workbench/workbench.js:29:2568)
    at vfe.cancel (https://ai-lab.rice-business.org/test_student/stable-13ca0e47310505f4ab1ac59e891e9a3c5e5eec04/static/out/vs/code/browser/workbench/workbench.js:29:37897)
    at pt.cancel (https://ai-lab.rice-business.org/test_student/stable-13ca0e47310505f4ab1ac59e891e9a3c5e5eec04/static/out/vs/code/browser/workbench/workbench.js:29:38311)
    at https://ai-lab.rice-business.org/test_student/stable-13ca0e47310505f4ab1ac59e891e9a3c5e5eec04/static/out/vs/code/browser/workbench/workbench.js:3665:28678 @ https://ai-lab.rice-business.org/test_student/stable-13ca0e47310505f4ab1ac59e891e9a3c5e5eec04/static/out/vs/code/browser/workbench/workbench.js:37
[ 5080864ms] [LOG] %c INFO color: #33f [remote-connection][Management   ][f6d89…][reconnect] A network error occurred while trying to reconnect, will try again... @ https://ai-lab.rice-business.org/test_student/stable-13ca0e47310505f4ab1ac59e891e9a3c5e5eec04/static/out/vs/code/browser/workbench/workbench.js:37
[ 5080864ms] [LOG] %c INFO color: #33f [remote-connection][Management   ][f6d89…][reconnect] waiting for 30 seconds before reconnecting... @ https://ai-lab.rice-business.org/test_student/stable-13ca0e47310505f4ab1ac59e891e9a3c5e5eec04/static/out/vs/code/browser/workbench/workbench.js:37
[ 5110656ms] [LOG] %c INFO color: #33f [remote-connection][ExtensionHost][4aceb…][reconnect] resolving connection... @ https://ai-lab.rice-business.org/test_student/stable-13ca0e47310505f4ab1ac59e891e9a3c5e5eec04/static/out/vs/code/browser/workbench/workbench.js:37
[ 5110656ms] [LOG] %c INFO color: #33f [remote-connection][ExtensionHost][4aceb…][reconnect] connecting to WebSocket(ai-lab.rice-business.org:443)... @ https://ai-lab.rice-business.org/test_student/stable-13ca0e47310505f4ab1ac59e891e9a3c5e5eec04/static/out/vs/code/browser/workbench/workbench.js:37
[ 5110656ms] [LOG] %c INFO color: #33f Creating a socket (renderer-ExtensionHost-4aceb238-020c-4daf-966a-5c687671a08c)... @ https://ai-lab.rice-business.org/test_student/stable-13ca0e47310505f4ab1ac59e891e9a3c5e5eec04/static/out/vs/code/browser/workbench/workbench.js:37
[ 5110880ms] [LOG] %c INFO color: #33f [remote-connection][Management   ][f6d89…][reconnect] resolving connection... @ https://ai-lab.rice-business.org/test_student/stable-13ca0e47310505f4ab1ac59e891e9a3c5e5eec04/static/out/vs/code/browser/workbench/workbench.js:37
[ 5110881ms] [LOG] %c INFO color: #33f [remote-connection][Management   ][f6d89…][reconnect] connecting to WebSocket(ai-lab.rice-business.org:443)... @ https://ai-lab.rice-business.org/test_student/stable-13ca0e47310505f4ab1ac59e891e9a3c5e5eec04/static/out/vs/code/browser/workbench/workbench.js:37
[ 5110881ms] [LOG] %c INFO color: #33f Creating a socket (renderer-Management-f6d89eb6-b512-45c4-bb6b-0b768dcac8ec)... @ https://ai-lab.rice-business.org/test_student/stable-13ca0e47310505f4ab1ac59e891e9a3c5e5eec04/static/out/vs/code/browser/workbench/workbench.js:37
[ 5111017ms] [LOG] %c INFO color: #33f Creating a socket (renderer-ExtensionHost-4aceb238-020c-4daf-966a-5c687671a08c) was successful after 360 ms. @ https://ai-lab.rice-business.org/test_student/stable-13ca0e47310505f4ab1ac59e891e9a3c5e5eec04/static/out/vs/code/browser/workbench/workbench.js:37
[ 5111197ms] [LOG] %c INFO color: #33f Creating a socket (renderer-Management-f6d89eb6-b512-45c4-bb6b-0b768dcac8ec) was successful after 316 ms. @ https://ai-lab.rice-business.org/test_student/stable-13ca0e47310505f4ab1ac59e891e9a3c5e5eec04/static/out/vs/code/browser/workbench/workbench.js:37
[ 5121020ms] [ERROR] %c  ERR color: #f33 [remote-connection][ExtensionHost][4aceb…][reconnect][WebSocket(ai-lab.rice-business.org:443)] the handshake timed out. Error: @ https://ai-lab.rice-business.org/test_student/stable-13ca0e47310505f4ab1ac59e891e9a3c5e5eec04/static/out/vs/code/browser/workbench/workbench.js:37
[ 5121020ms] [ERROR] %c  ERR color: #f33 Error: Time limit reached
    at T2e.i (https://ai-lab.rice-business.org/test_student/stable-13ca0e47310505f4ab1ac59e891e9a3c5e5eec04/static/out/vs/code/browser/workbench/workbench.js:3665:29310)
    at T2e.h (https://ai-lab.rice-business.org/test_student/stable-13ca0e47310505f4ab1ac59e891e9a3c5e5eec04/static/out/vs/code/browser/workbench/workbench.js:3665:29292)
    at ufe.value (https://ai-lab.rice-business.org/test_student/stable-13ca0e47310505f4ab1ac59e891e9a3c5e5eec04/static/out/vs/code/browser/workbench/workbench.js:3665:29147)
    at L.C (https://ai-lab.rice-business.org/test_student/stable-13ca0e47310505f4ab1ac59e891e9a3c5e5eec04/static/out/vs/code/browser/workbench/workbench.js:29:2349)
    at L.fire (https://ai-lab.rice-business.org/test_student/stable-13ca0e47310505f4ab1ac59e891e9a3c5e5eec04/static/out/vs/code/browser/workbench/workbench.js:29:2568)
    at vfe.cancel (https://ai-lab.rice-business.org/test_student/stable-13ca0e47310505f4ab1ac59e891e9a3c5e5eec04/static/out/vs/code/browser/workbench/workbench.js:29:37897)
    at pt.cancel (https://ai-lab.rice-business.org/test_student/stable-13ca0e47310505f4ab1ac59e891e9a3c5e5eec04/static/out/vs/code/browser/workbench/workbench.js:29:38311)
    at ufe.value (https://ai-lab.rice-business.org/test_student/stable-13ca0e47310505f4ab1ac59e891e9a3c5e5eec04/static/out/vs/code/browser/workbench/workbench.js:3665:28888)
    at L.C (https://ai-lab.rice-business.org/test_student/stable-13ca0e47310505f4ab1ac59e891e9a3c5e5eec04/static/out/vs/code/browser/workbench/workbench.js:29:2349)
    at L.fire (https://ai-lab.rice-business.org/test_student/stable-13ca0e47310505f4ab1ac59e891e9a3c5e5eec04/static/out/vs/code/browser/workbench/workbench.js:29:2568)
    at vfe.cancel (https://ai-lab.rice-business.org/test_student/stable-13ca0e47310505f4ab1ac59e891e9a3c5e5eec04/static/out/vs/code/browser/workbench/workbench.js:29:37897)
    at pt.cancel (https://ai-lab.rice-business.org/test_student/stable-13ca0e47310505f4ab1ac59e891e9a3c5e5eec04/static/out/vs/code/browser/workbench/workbench.js:29:38311)
    at https://ai-lab.rice-business.org/test_student/stable-13ca0e47310505f4ab1ac59e891e9a3c5e5eec04/static/out/vs/code/browser/workbench/workbench.js:3665:28678 @ https://ai-lab.rice-business.org/test_student/stable-13ca0e47310505f4ab1ac59e891e9a3c5e5eec04/static/out/vs/code/browser/workbench/workbench.js:37
[ 5121021ms] [LOG] %c INFO color: #33f [remote-connection][ExtensionHost][4aceb…][reconnect] A network error occurred while trying to reconnect, will try again... @ https://ai-lab.rice-business.org/test_student/stable-13ca0e47310505f4ab1ac59e891e9a3c5e5eec04/static/out/vs/code/browser/workbench/workbench.js:37
[ 5121021ms] [LOG] %c INFO color: #33f [remote-connection][ExtensionHost][4aceb…][reconnect] waiting for 30 seconds before reconnecting... @ https://ai-lab.rice-business.org/test_student/stable-13ca0e47310505f4ab1ac59e891e9a3c5e5eec04/static/out/vs/code/browser/workbench/workbench.js:37
[ 5121201ms] [ERROR] %c  ERR color: #f33 [remote-connection][Management   ][f6d89…][reconnect][WebSocket(ai-lab.rice-business.org:443)] the handshake timed out. Error: @ https://ai-lab.rice-business.org/test_student/stable-13ca0e47310505f4ab1ac59e891e9a3c5e5eec04/static/out/vs/code/browser/workbench/workbench.js:37
[ 5121201ms] [ERROR] %c  ERR color: #f33 Error: Time limit reached
    at T2e.i (https://ai-lab.rice-business.org/test_student/stable-13ca0e47310505f4ab1ac59e891e9a3c5e5eec04/static/out/vs/code/browser/workbench/workbench.js:3665:29310)
    at T2e.h (https://ai-lab.rice-business.org/test_student/stable-13ca0e47310505f4ab1ac59e891e9a3c5e5eec04/static/out/vs/code/browser/workbench/workbench.js:3665:29292)
    at ufe.value (https://ai-lab.rice-business.org/test_student/stable-13ca0e47310505f4ab1ac59e891e9a3c5e5eec04/static/out/vs/code/browser/workbench/workbench.js:3665:29147)
    at L.C (https://ai-lab.rice-business.org/test_student/stable-13ca0e47310505f4ab1ac59e891e9a3c5e5eec04/static/out/vs/code/browser/workbench/workbench.js:29:2349)
    at L.fire (https://ai-lab.rice-business.org/test_student/stable-13ca0e47310505f4ab1ac59e891e9a3c5e5eec04/static/out/vs/code/browser/workbench/workbench.js:29:2568)
    at vfe.cancel (https://ai-lab.rice-business.org/test_student/stable-13ca0e47310505f4ab1ac59e891e9a3c5e5eec04/static/out/vs/code/browser/workbench/workbench.js:29:37897)
    at pt.cancel (https://ai-lab.rice-business.org/test_student/stable-13ca0e47310505f4ab1ac59e891e9a3c5e5eec04/static/out/vs/code/browser/workbench/workbench.js:29:38311)
    at ufe.value (https://ai-lab.rice-business.org/test_student/stable-13ca0e47310505f4ab1ac59e891e9a3c5e5eec04/static/out/vs/code/browser/workbench/workbench.js:3665:28888)
    at L.C (https://ai-lab.rice-business.org/test_student/stable-13ca0e47310505f4ab1ac59e891e9a3c5e5eec04/static/out/vs/code/browser/workbench/workbench.js:29:2349)
    at L.fire (https://ai-lab.rice-business.org/test_student/stable-13ca0e47310505f4ab1ac59e891e9a3c5e5eec04/static/out/vs/code/browser/workbench/workbench.js:29:2568)
    at vfe.cancel (https://ai-lab.rice-business.org/test_student/stable-13ca0e47310505f4ab1ac59e891e9a3c5e5eec04/static/out/vs/code/browser/workbench/workbench.js:29:37897)
    at pt.cancel (https://ai-lab.rice-business.org/test_student/stable-13ca0e47310505f4ab1ac59e891e9a3c5e5eec04/static/out/vs/code/browser/workbench/workbench.js:29:38311)
    at https://ai-lab.rice-business.org/test_student/stable-13ca0e47310505f4ab1ac59e891e9a3c5e5eec04/static/out/vs/code/browser/workbench/workbench.js:3665:28678 @ https://ai-lab.rice-business.org/test_student/stable-13ca0e47310505f4ab1ac59e891e9a3c5e5eec04/static/out/vs/code/browser/workbench/workbench.js:37
[ 5121201ms] [LOG] %c INFO color: #33f [remote-connection][Management   ][f6d89…][reconnect] A network error occurred while trying to reconnect, will try again... @ https://ai-lab.rice-business.org/test_student/stable-13ca0e47310505f4ab1ac59e891e9a3c5e5eec04/static/out/vs/code/browser/workbench/workbench.js:37
[ 5121201ms] [LOG] %c INFO color: #33f [remote-connection][Management   ][f6d89…][reconnect] waiting for 30 seconds before reconnecting... @ https://ai-lab.rice-business.org/test_student/stable-13ca0e47310505f4ab1ac59e891e9a3c5e5eec04/static/out/vs/code/browser/workbench/workbench.js:37
[ 5151035ms] [LOG] %c INFO color: #33f [remote-connection][ExtensionHost][4aceb…][reconnect] resolving connection... @ https://ai-lab.rice-business.org/test_student/stable-13ca0e47310505f4ab1ac59e891e9a3c5e5eec04/static/out/vs/code/browser/workbench/workbench.js:37
[ 5151035ms] [LOG] %c INFO color: #33f [remote-connection][ExtensionHost][4aceb…][reconnect] connecting to WebSocket(ai-lab.rice-business.org:443)... @ https://ai-lab.rice-business.org/test_student/stable-13ca0e47310505f4ab1ac59e891e9a3c5e5eec04/static/out/vs/code/browser/workbench/workbench.js:37
[ 5151035ms] [LOG] %c INFO color: #33f Creating a socket (renderer-ExtensionHost-4aceb238-020c-4daf-966a-5c687671a08c)... @ https://ai-lab.rice-business.org/test_student/stable-13ca0e47310505f4ab1ac59e891e9a3c5e5eec04/static/out/vs/code/browser/workbench/workbench.js:37
[ 5151202ms] [LOG] %c INFO color: #33f [remote-connection][Management   ][f6d89…][reconnect] resolving connection... @ https://ai-lab.rice-business.org/test_student/stable-13ca0e47310505f4ab1ac59e891e9a3c5e5eec04/static/out/vs/code/browser/workbench/workbench.js:37
[ 5151205ms] [LOG] %c INFO color: #33f [remote-connection][Management   ][f6d89…][reconnect] connecting to WebSocket(ai-lab.rice-business.org:443)... @ https://ai-lab.rice-business.org/test_student/stable-13ca0e47310505f4ab1ac59e891e9a3c5e5eec04/static/out/vs/code/browser/workbench/workbench.js:37
[ 5151205ms] [LOG] %c INFO color: #33f Creating a socket (renderer-Management-f6d89eb6-b512-45c4-bb6b-0b768dcac8ec)... @ https://ai-lab.rice-business.org/test_student/stable-13ca0e47310505f4ab1ac59e891e9a3c5e5eec04/static/out/vs/code/browser/workbench/workbench.js:37
[ 5151299ms] [LOG] %c INFO color: #33f Creating a socket (renderer-ExtensionHost-4aceb238-020c-4daf-966a-5c687671a08c) was successful after 265 ms. @ https://ai-lab.rice-business.org/test_student/stable-13ca0e47310505f4ab1ac59e891e9a3c5e5eec04/static/out/vs/code/browser/workbench/workbench.js:37
[ 5151494ms] [LOG] %c INFO color: #33f Creating a socket (renderer-Management-f6d89eb6-b512-45c4-bb6b-0b768dcac8ec) was successful after 289 ms. @ https://ai-lab.rice-business.org/test_student/stable-13ca0e47310505f4ab1ac59e891e9a3c5e5eec04/static/out/vs/code/browser/workbench/workbench.js:37
[ 5161302ms] [ERROR] %c  ERR color: #f33 [remote-connection][ExtensionHost][4aceb…][reconnect][WebSocket(ai-lab.rice-business.org:443)] the handshake timed out. Error: @ https://ai-lab.rice-business.org/test_student/stable-13ca0e47310505f4ab1ac59e891e9a3c5e5eec04/static/out/vs/code/browser/workbench/workbench.js:37
[ 5161302ms] [ERROR] %c  ERR color: #f33 Error: Time limit reached
    at T2e.i (https://ai-lab.rice-business.org/test_student/stable-13ca0e47310505f4ab1ac59e891e9a3c5e5eec04/static/out/vs/code/browser/workbench/workbench.js:3665:29310)
    at T2e.h (https://ai-lab.rice-business.org/test_student/stable-13ca0e47310505f4ab1ac59e891e9a3c5e5eec04/static/out/vs/code/browser/workbench/workbench.js:3665:29292)
    at ufe.value (https://ai-lab.rice-business.org/test_student/stable-13ca0e47310505f4ab1ac59e891e9a3c5e5eec04/static/out/vs/code/browser/workbench/workbench.js:3665:29147)
    at L.C (https://ai-lab.rice-business.org/test_student/stable-13ca0e47310505f4ab1ac59e891e9a3c5e5eec04/static/out/vs/code/browser/workbench/workbench.js:29:2349)
    at L.fire (https://ai-lab.rice-business.org/test_student/stable-13ca0e47310505f4ab1ac59e891e9a3c5e5eec04/static/out/vs/code/browser/workbench/workbench.js:29:2568)
    at vfe.cancel (https://ai-lab.rice-business.org/test_student/stable-13ca0e47310505f4ab1ac59e891e9a3c5e5eec04/static/out/vs/code/browser/workbench/workbench.js:29:37897)
    at pt.cancel (https://ai-lab.rice-business.org/test_student/stable-13ca0e47310505f4ab1ac59e891e9a3c5e5eec04/static/out/vs/code/browser/workbench/workbench.js:29:38311)
    at ufe.value (https://ai-lab.rice-business.org/test_student/stable-13ca0e47310505f4ab1ac59e891e9a3c5e5eec04/static/out/vs/code/browser/workbench/workbench.js:3665:28888)
    at L.C (https://ai-lab.rice-business.org/test_student/stable-13ca0e47310505f4ab1ac59e891e9a3c5e5eec04/static/out/vs/code/browser/workbench/workbench.js:29:2349)
    at L.fire (https://ai-lab.rice-business.org/test_student/stable-13ca0e47310505f4ab1ac59e891e9a3c5e5eec04/static/out/vs/code/browser/workbench/workbench.js:29:2568)
    at vfe.cancel (https://ai-lab.rice-business.org/test_student/stable-13ca0e47310505f4ab1ac59e891e9a3c5e5eec04/static/out/vs/code/browser/workbench/workbench.js:29:37897)
    at pt.cancel (https://ai-lab.rice-business.org/test_student/stable-13ca0e47310505f4ab1ac59e891e9a3c5e5eec04/static/out/vs/code/browser/workbench/workbench.js:29:38311)
    at https://ai-lab.rice-business.org/test_student/stable-13ca0e47310505f4ab1ac59e891e9a3c5e5eec04/static/out/vs/code/browser/workbench/workbench.js:3665:28678 @ https://ai-lab.rice-business.org/test_student/stable-13ca0e47310505f4ab1ac59e891e9a3c5e5eec04/static/out/vs/code/browser/workbench/workbench.js:37
[ 5161302ms] [LOG] %c INFO color: #33f [remote-connection][ExtensionHost][4aceb…][reconnect] A network error occurred while trying to reconnect, will try again... @ https://ai-lab.rice-business.org/test_student/stable-13ca0e47310505f4ab1ac59e891e9a3c5e5eec04/static/out/vs/code/browser/workbench/workbench.js:37
[ 5161302ms] [LOG] %c INFO color: #33f [remote-connection][ExtensionHost][4aceb…][reconnect] waiting for 30 seconds before reconnecting... @ https://ai-lab.rice-business.org/test_student/stable-13ca0e47310505f4ab1ac59e891e9a3c5e5eec04/static/out/vs/code/browser/workbench/workbench.js:37
[ 5161500ms] [ERROR] %c  ERR color: #f33 [remote-connection][Management   ][f6d89…][reconnect][WebSocket(ai-lab.rice-business.org:443)] the handshake timed out. Error: @ https://ai-lab.rice-business.org/test_student/stable-13ca0e47310505f4ab1ac59e891e9a3c5e5eec04/static/out/vs/code/browser/workbench/workbench.js:37
[ 5161500ms] [ERROR] %c  ERR color: #f33 Error: Time limit reached
    at T2e.i (https://ai-lab.rice-business.org/test_student/stable-13ca0e47310505f4ab1ac59e891e9a3c5e5eec04/static/out/vs/code/browser/workbench/workbench.js:3665:29310)
    at T2e.h (https://ai-lab.rice-business.org/test_student/stable-13ca0e47310505f4ab1ac59e891e9a3c5e5eec04/static/out/vs/code/browser/workbench/workbench.js:3665:29292)
    at ufe.value (https://ai-lab.rice-business.org/test_student/stable-13ca0e47310505f4ab1ac59e891e9a3c5e5eec04/static/out/vs/code/browser/workbench/workbench.js:3665:29147)
    at L.C (https://ai-lab.rice-business.org/test_student/stable-13ca0e47310505f4ab1ac59e891e9a3c5e5eec04/static/out/vs/code/browser/workbench/workbench.js:29:2349)
    at L.fire (https://ai-lab.rice-business.org/test_student/stable-13ca0e47310505f4ab1ac59e891e9a3c5e5eec04/static/out/vs/code/browser/workbench/workbench.js:29:2568)
    at vfe.cancel (https://ai-lab.rice-business.org/test_student/stable-13ca0e47310505f4ab1ac59e891e9a3c5e5eec04/static/out/vs/code/browser/workbench/workbench.js:29:37897)
    at pt.cancel (https://ai-lab.rice-business.org/test_student/stable-13ca0e47310505f4ab1ac59e891e9a3c5e5eec04/static/out/vs/code/browser/workbench/workbench.js:29:38311)
    at ufe.value (https://ai-lab.rice-business.org/test_student/stable-13ca0e47310505f4ab1ac59e891e9a3c5e5eec04/static/out/vs/code/browser/workbench/workbench.js:3665:28888)
    at L.C (https://ai-lab.rice-business.org/test_student/stable-13ca0e47310505f4ab1ac59e891e9a3c5e5eec04/static/out/vs/code/browser/workbench/workbench.js:29:2349)
    at L.fire (https://ai-lab.rice-business.org/test_student/stable-13ca0e47310505f4ab1ac59e891e9a3c5e5eec04/static/out/vs/code/browser/workbench/workbench.js:29:2568)
    at vfe.cancel (https://ai-lab.rice-business.org/test_student/stable-13ca0e47310505f4ab1ac59e891e9a3c5e5eec04/static/out/vs/code/browser/workbench/workbench.js:29:37897)
    at pt.cancel (https://ai-lab.rice-business.org/test_student/stable-13ca0e47310505f4ab1ac59e891e9a3c5e5eec04/static/out/vs/code/browser/workbench/workbench.js:29:38311)
    at https://ai-lab.rice-business.org/test_student/stable-13ca0e47310505f4ab1ac59e891e9a3c5e5eec04/static/out/vs/code/browser/workbench/workbench.js:3665:28678 @ https://ai-lab.rice-business.org/test_student/stable-13ca0e47310505f4ab1ac59e891e9a3c5e5eec04/static/out/vs/code/browser/workbench/workbench.js:37
[ 5161500ms] [LOG] %c INFO color: #33f [remote-connection][Management   ][f6d89…][reconnect] A network error occurred while trying to reconnect, will try again... @ https://ai-lab.rice-business.org/test_student/stable-13ca0e47310505f4ab1ac59e891e9a3c5e5eec04/static/out/vs/code/browser/workbench/workbench.js:37
[ 5161500ms] [LOG] %c INFO color: #33f [remote-connection][Management   ][f6d89…][reconnect] waiting for 30 seconds before reconnecting... @ https://ai-lab.rice-business.org/test_student/stable-13ca0e47310505f4ab1ac59e891e9a3c5e5eec04/static/out/vs/code/browser/workbench/workbench.js:37
[ 5191308ms] [LOG] %c INFO color: #33f [remote-connection][ExtensionHost][4aceb…][reconnect] resolving connection... @ https://ai-lab.rice-business.org/test_student/stable-13ca0e47310505f4ab1ac59e891e9a3c5e5eec04/static/out/vs/code/browser/workbench/workbench.js:37
[ 5191308ms] [LOG] %c INFO color: #33f [remote-connection][ExtensionHost][4aceb…][reconnect] connecting to WebSocket(ai-lab.rice-business.org:443)... @ https://ai-lab.rice-business.org/test_student/stable-13ca0e47310505f4ab1ac59e891e9a3c5e5eec04/static/out/vs/code/browser/workbench/workbench.js:37
[ 5191308ms] [LOG] %c INFO color: #33f Creating a socket (renderer-ExtensionHost-4aceb238-020c-4daf-966a-5c687671a08c)... @ https://ai-lab.rice-business.org/test_student/stable-13ca0e47310505f4ab1ac59e891e9a3c5e5eec04/static/out/vs/code/browser/workbench/workbench.js:37
[ 5191516ms] [LOG] %c INFO color: #33f [remote-connection][Management   ][f6d89…][reconnect] resolving connection... @ https://ai-lab.rice-business.org/test_student/stable-13ca0e47310505f4ab1ac59e891e9a3c5e5eec04/static/out/vs/code/browser/workbench/workbench.js:37
[ 5191518ms] [LOG] %c INFO color: #33f [remote-connection][Management   ][f6d89…][reconnect] connecting to WebSocket(ai-lab.rice-business.org:443)... @ https://ai-lab.rice-business.org/test_student/stable-13ca0e47310505f4ab1ac59e891e9a3c5e5eec04/static/out/vs/code/browser/workbench/workbench.js:37
[ 5191518ms] [LOG] %c INFO color: #33f Creating a socket (renderer-Management-f6d89eb6-b512-45c4-bb6b-0b768dcac8ec)... @ https://ai-lab.rice-business.org/test_student/stable-13ca0e47310505f4ab1ac59e891e9a3c5e5eec04/static/out/vs/code/browser/workbench/workbench.js:37
[ 5191634ms] [LOG] %c INFO color: #33f Creating a socket (renderer-ExtensionHost-4aceb238-020c-4daf-966a-5c687671a08c) was successful after 327 ms. @ https://ai-lab.rice-business.org/test_student/stable-13ca0e47310505f4ab1ac59e891e9a3c5e5eec04/static/out/vs/code/browser/workbench/workbench.js:37
[ 5191836ms] [LOG] %c INFO color: #33f Creating a socket (renderer-Management-f6d89eb6-b512-45c4-bb6b-0b768dcac8ec) was successful after 317 ms. @ https://ai-lab.rice-business.org/test_student/stable-13ca0e47310505f4ab1ac59e891e9a3c5e5eec04/static/out/vs/code/browser/workbench/workbench.js:37
[ 5201650ms] [ERROR] %c  ERR color: #f33 [remote-connection][ExtensionHost][4aceb…][reconnect][WebSocket(ai-lab.rice-business.org:443)] the handshake timed out. Error: @ https://ai-lab.rice-business.org/test_student/stable-13ca0e47310505f4ab1ac59e891e9a3c5e5eec04/static/out/vs/code/browser/workbench/workbench.js:37
[ 5201650ms] [ERROR] %c  ERR color: #f33 Error: Time limit reached
    at T2e.i (https://ai-lab.rice-business.org/test_student/stable-13ca0e47310505f4ab1ac59e891e9a3c5e5eec04/static/out/vs/code/browser/workbench/workbench.js:3665:29310)
    at T2e.h (https://ai-lab.rice-business.org/test_student/stable-13ca0e47310505f4ab1ac59e891e9a3c5e5eec04/static/out/vs/code/browser/workbench/workbench.js:3665:29292)
    at ufe.value (https://ai-lab.rice-business.org/test_student/stable-13ca0e47310505f4ab1ac59e891e9a3c5e5eec04/static/out/vs/code/browser/workbench/workbench.js:3665:29147)
    at L.C (https://ai-lab.rice-business.org/test_student/stable-13ca0e47310505f4ab1ac59e891e9a3c5e5eec04/static/out/vs/code/browser/workbench/workbench.js:29:2349)
    at L.fire (https://ai-lab.rice-business.org/test_student/stable-13ca0e47310505f4ab1ac59e891e9a3c5e5eec04/static/out/vs/code/browser/workbench/workbench.js:29:2568)
    at vfe.cancel (https://ai-lab.rice-business.org/test_student/stable-13ca0e47310505f4ab1ac59e891e9a3c5e5eec04/static/out/vs/code/browser/workbench/workbench.js:29:37897)
    at pt.cancel (https://ai-lab.rice-business.org/test_student/stable-13ca0e47310505f4ab1ac59e891e9a3c5e5eec04/static/out/vs/code/browser/workbench/workbench.js:29:38311)
    at ufe.value (https://ai-lab.rice-business.org/test_student/stable-13ca0e47310505f4ab1ac59e891e9a3c5e5eec04/static/out/vs/code/browser/workbench/workbench.js:3665:28888)
    at L.C (https://ai-lab.rice-business.org/test_student/stable-13ca0e47310505f4ab1ac59e891e9a3c5e5eec04/static/out/vs/code/browser/workbench/workbench.js:29:2349)
    at L.fire (https://ai-lab.rice-business.org/test_student/stable-13ca0e47310505f4ab1ac59e891e9a3c5e5eec04/static/out/vs/code/browser/workbench/workbench.js:29:2568)
    at vfe.cancel (https://ai-lab.rice-business.org/test_student/stable-13ca0e47310505f4ab1ac59e891e9a3c5e5eec04/static/out/vs/code/browser/workbench/workbench.js:29:37897)
    at pt.cancel (https://ai-lab.rice-business.org/test_student/stable-13ca0e47310505f4ab1ac59e891e9a3c5e5eec04/static/out/vs/code/browser/workbench/workbench.js:29:38311)
    at https://ai-lab.rice-business.org/test_student/stable-13ca0e47310505f4ab1ac59e891e9a3c5e5eec04/static/out/vs/code/browser/workbench/workbench.js:3665:28678 @ https://ai-lab.rice-business.org/test_student/stable-13ca0e47310505f4ab1ac59e891e9a3c5e5eec04/static/out/vs/code/browser/workbench/workbench.js:37
[ 5201651ms] [LOG] %c INFO color: #33f [remote-connection][ExtensionHost][4aceb…][reconnect] A network error occurred while trying to reconnect, will try again... @ https://ai-lab.rice-business.org/test_student/stable-13ca0e47310505f4ab1ac59e891e9a3c5e5eec04/static/out/vs/code/browser/workbench/workbench.js:37
[ 5201651ms] [LOG] %c INFO color: #33f [remote-connection][ExtensionHost][4aceb…][reconnect] waiting for 30 seconds before reconnecting... @ https://ai-lab.rice-business.org/test_student/stable-13ca0e47310505f4ab1ac59e891e9a3c5e5eec04/static/out/vs/code/browser/workbench/workbench.js:37
[ 5201843ms] [ERROR] %c  ERR color: #f33 [remote-connection][Management   ][f6d89…][reconnect][WebSocket(ai-lab.rice-business.org:443)] the handshake timed out. Error: @ https://ai-lab.rice-business.org/test_student/stable-13ca0e47310505f4ab1ac59e891e9a3c5e5eec04/static/out/vs/code/browser/workbench/workbench.js:37
[ 5201843ms] [ERROR] %c  ERR color: #f33 Error: Time limit reached
    at T2e.i (https://ai-lab.rice-business.org/test_student/stable-13ca0e47310505f4ab1ac59e891e9a3c5e5eec04/static/out/vs/code/browser/workbench/workbench.js:3665:29310)
    at T2e.h (https://ai-lab.rice-business.org/test_student/stable-13ca0e47310505f4ab1ac59e891e9a3c5e5eec04/static/out/vs/code/browser/workbench/workbench.js:3665:29292)
    at ufe.value (https://ai-lab.rice-business.org/test_student/stable-13ca0e47310505f4ab1ac59e891e9a3c5e5eec04/static/out/vs/code/browser/workbench/workbench.js:3665:29147)
    at L.C (https://ai-lab.rice-business.org/test_student/stable-13ca0e47310505f4ab1ac59e891e9a3c5e5eec04/static/out/vs/code/browser/workbench/workbench.js:29:2349)
    at L.fire (https://ai-lab.rice-business.org/test_student/stable-13ca0e47310505f4ab1ac59e891e9a3c5e5eec04/static/out/vs/code/browser/workbench/workbench.js:29:2568)
    at vfe.cancel (https://ai-lab.rice-business.org/test_student/stable-13ca0e47310505f4ab1ac59e891e9a3c5e5eec04/static/out/vs/code/browser/workbench/workbench.js:29:37897)
    at pt.cancel (https://ai-lab.rice-business.org/test_student/stable-13ca0e47310505f4ab1ac59e891e9a3c5e5eec04/static/out/vs/code/browser/workbench/workbench.js:29:38311)
    at ufe.value (https://ai-lab.rice-business.org/test_student/stable-13ca0e47310505f4ab1ac59e891e9a3c5e5eec04/static/out/vs/code/browser/workbench/workbench.js:3665:28888)
    at L.C (https://ai-lab.rice-business.org/test_student/stable-13ca0e47310505f4ab1ac59e891e9a3c5e5eec04/static/out/vs/code/browser/workbench/workbench.js:29:2349)
    at L.fire (https://ai-lab.rice-business.org/test_student/stable-13ca0e47310505f4ab1ac59e891e9a3c5e5eec04/static/out/vs/code/browser/workbench/workbench.js:29:2568)
    at vfe.cancel (https://ai-lab.rice-business.org/test_student/stable-13ca0e47310505f4ab1ac59e891e9a3c5e5eec04/static/out/vs/code/browser/workbench/workbench.js:29:37897)
    at pt.cancel (https://ai-lab.rice-business.org/test_student/stable-13ca0e47310505f4ab1ac59e891e9a3c5e5eec04/static/out/vs/code/browser/workbench/workbench.js:29:38311)
    at https://ai-lab.rice-business.org/test_student/stable-13ca0e47310505f4ab1ac59e891e9a3c5e5eec04/static/out/vs/code/browser/workbench/workbench.js:3665:28678 @ https://ai-lab.rice-business.org/test_student/stable-13ca0e47310505f4ab1ac59e891e9a3c5e5eec04/static/out/vs/code/browser/workbench/workbench.js:37
[ 5201843ms] [LOG] %c INFO color: #33f [remote-connection][Management   ][f6d89…][reconnect] A network error occurred while trying to reconnect, will try again... @ https://ai-lab.rice-business.org/test_student/stable-13ca0e47310505f4ab1ac59e891e9a3c5e5eec04/static/out/vs/code/browser/workbench/workbench.js:37
[ 5201843ms] [LOG] %c INFO color: #33f [remote-connection][Management   ][f6d89…][reconnect] waiting for 30 seconds before reconnecting... @ https://ai-lab.rice-business.org/test_student/stable-13ca0e47310505f4ab1ac59e891e9a3c5e5eec04/static/out/vs/code/browser/workbench/workbench.js:37
[ 5231657ms] [LOG] %c INFO color: #33f [remote-connection][ExtensionHost][4aceb…][reconnect] resolving connection... @ https://ai-lab.rice-business.org/test_student/stable-13ca0e47310505f4ab1ac59e891e9a3c5e5eec04/static/out/vs/code/browser/workbench/workbench.js:37
[ 5231657ms] [LOG] %c INFO color: #33f [remote-connection][ExtensionHost][4aceb…][reconnect] connecting to WebSocket(ai-lab.rice-business.org:443)... @ https://ai-lab.rice-business.org/test_student/stable-13ca0e47310505f4ab1ac59e891e9a3c5e5eec04/static/out/vs/code/browser/workbench/workbench.js:37
[ 5231657ms] [LOG] %c INFO color: #33f Creating a socket (renderer-ExtensionHost-4aceb238-020c-4daf-966a-5c687671a08c)... @ https://ai-lab.rice-business.org/test_student/stable-13ca0e47310505f4ab1ac59e891e9a3c5e5eec04/static/out/vs/code/browser/workbench/workbench.js:37
[ 5231847ms] [LOG] %c INFO color: #33f [remote-connection][Management   ][f6d89…][reconnect] resolving connection... @ https://ai-lab.rice-business.org/test_student/stable-13ca0e47310505f4ab1ac59e891e9a3c5e5eec04/static/out/vs/code/browser/workbench/workbench.js:37
[ 5231849ms] [LOG] %c INFO color: #33f [remote-connection][Management   ][f6d89…][reconnect] connecting to WebSocket(ai-lab.rice-business.org:443)... @ https://ai-lab.rice-business.org/test_student/stable-13ca0e47310505f4ab1ac59e891e9a3c5e5eec04/static/out/vs/code/browser/workbench/workbench.js:37
[ 5231849ms] [LOG] %c INFO color: #33f Creating a socket (renderer-Management-f6d89eb6-b512-45c4-bb6b-0b768dcac8ec)... @ https://ai-lab.rice-business.org/test_student/stable-13ca0e47310505f4ab1ac59e891e9a3c5e5eec04/static/out/vs/code/browser/workbench/workbench.js:37
[ 5231929ms] [LOG] %c INFO color: #33f Creating a socket (renderer-ExtensionHost-4aceb238-020c-4daf-966a-5c687671a08c) was successful after 272 ms. @ https://ai-lab.rice-business.org/test_student/stable-13ca0e47310505f4ab1ac59e891e9a3c5e5eec04/static/out/vs/code/browser/workbench/workbench.js:37
[ 5232178ms] [LOG] %c INFO color: #33f Creating a socket (renderer-Management-f6d89eb6-b512-45c4-bb6b-0b768dcac8ec) was successful after 329 ms. @ https://ai-lab.rice-business.org/test_student/stable-13ca0e47310505f4ab1ac59e891e9a3c5e5eec04/static/out/vs/code/browser/workbench/workbench.js:37
[ 5241930ms] [ERROR] %c  ERR color: #f33 [remote-connection][ExtensionHost][4aceb…][reconnect][WebSocket(ai-lab.rice-business.org:443)] the handshake timed out. Error: @ https://ai-lab.rice-business.org/test_student/stable-13ca0e47310505f4ab1ac59e891e9a3c5e5eec04/static/out/vs/code/browser/workbench/workbench.js:37
[ 5241931ms] [ERROR] %c  ERR color: #f33 Error: Time limit reached
    at T2e.i (https://ai-lab.rice-business.org/test_student/stable-13ca0e47310505f4ab1ac59e891e9a3c5e5eec04/static/out/vs/code/browser/workbench/workbench.js:3665:29310)
    at T2e.h (https://ai-lab.rice-business.org/test_student/stable-13ca0e47310505f4ab1ac59e891e9a3c5e5eec04/static/out/vs/code/browser/workbench/workbench.js:3665:29292)
    at ufe.value (https://ai-lab.rice-business.org/test_student/stable-13ca0e47310505f4ab1ac59e891e9a3c5e5eec04/static/out/vs/code/browser/workbench/workbench.js:3665:29147)
    at L.C (https://ai-lab.rice-business.org/test_student/stable-13ca0e47310505f4ab1ac59e891e9a3c5e5eec04/static/out/vs/code/browser/workbench/workbench.js:29:2349)
    at L.fire (https://ai-lab.rice-business.org/test_student/stable-13ca0e47310505f4ab1ac59e891e9a3c5e5eec04/static/out/vs/code/browser/workbench/workbench.js:29:2568)
    at vfe.cancel (https://ai-lab.rice-business.org/test_student/stable-13ca0e47310505f4ab1ac59e891e9a3c5e5eec04/static/out/vs/code/browser/workbench/workbench.js:29:37897)
    at pt.cancel (https://ai-lab.rice-business.org/test_student/stable-13ca0e47310505f4ab1ac59e891e9a3c5e5eec04/static/out/vs/code/browser/workbench/workbench.js:29:38311)
    at ufe.value (https://ai-lab.rice-business.org/test_student/stable-13ca0e47310505f4ab1ac59e891e9a3c5e5eec04/static/out/vs/code/browser/workbench/workbench.js:3665:28888)
    at L.C (https://ai-lab.rice-business.org/test_student/stable-13ca0e47310505f4ab1ac59e891e9a3c5e5eec04/static/out/vs/code/browser/workbench/workbench.js:29:2349)
    at L.fire (https://ai-lab.rice-business.org/test_student/stable-13ca0e47310505f4ab1ac59e891e9a3c5e5eec04/static/out/vs/code/browser/workbench/workbench.js:29:2568)
    at vfe.cancel (https://ai-lab.rice-business.org/test_student/stable-13ca0e47310505f4ab1ac59e891e9a3c5e5eec04/static/out/vs/code/browser/workbench/workbench.js:29:37897)
    at pt.cancel (https://ai-lab.rice-business.org/test_student/stable-13ca0e47310505f4ab1ac59e891e9a3c5e5eec04/static/out/vs/code/browser/workbench/workbench.js:29:38311)
    at https://ai-lab.rice-business.org/test_student/stable-13ca0e47310505f4ab1ac59e891e9a3c5e5eec04/static/out/vs/code/browser/workbench/workbench.js:3665:28678 @ https://ai-lab.rice-business.org/test_student/stable-13ca0e47310505f4ab1ac59e891e9a3c5e5eec04/static/out/vs/code/browser/workbench/workbench.js:37
[ 5241931ms] [LOG] %c INFO color: #33f [remote-connection][ExtensionHost][4aceb…][reconnect] A network error occurred while trying to reconnect, will try again... @ https://ai-lab.rice-business.org/test_student/stable-13ca0e47310505f4ab1ac59e891e9a3c5e5eec04/static/out/vs/code/browser/workbench/workbench.js:37
[ 5241931ms] [LOG] %c INFO color: #33f [remote-connection][ExtensionHost][4aceb…][reconnect] waiting for 30 seconds before reconnecting... @ https://ai-lab.rice-business.org/test_student/stable-13ca0e47310505f4ab1ac59e891e9a3c5e5eec04/static/out/vs/code/browser/workbench/workbench.js:37
[ 5242186ms] [ERROR] %c  ERR color: #f33 [remote-connection][Management   ][f6d89…][reconnect][WebSocket(ai-lab.rice-business.org:443)] the handshake timed out. Error: @ https://ai-lab.rice-business.org/test_student/stable-13ca0e47310505f4ab1ac59e891e9a3c5e5eec04/static/out/vs/code/browser/workbench/workbench.js:37
[ 5242186ms] [ERROR] %c  ERR color: #f33 Error: Time limit reached
    at T2e.i (https://ai-lab.rice-business.org/test_student/stable-13ca0e47310505f4ab1ac59e891e9a3c5e5eec04/static/out/vs/code/browser/workbench/workbench.js:3665:29310)
    at T2e.h (https://ai-lab.rice-business.org/test_student/stable-13ca0e47310505f4ab1ac59e891e9a3c5e5eec04/static/out/vs/code/browser/workbench/workbench.js:3665:29292)
    at ufe.value (https://ai-lab.rice-business.org/test_student/stable-13ca0e47310505f4ab1ac59e891e9a3c5e5eec04/static/out/vs/code/browser/workbench/workbench.js:3665:29147)
    at L.C (https://ai-lab.rice-business.org/test_student/stable-13ca0e47310505f4ab1ac59e891e9a3c5e5eec04/static/out/vs/code/browser/workbench/workbench.js:29:2349)
    at L.fire (https://ai-lab.rice-business.org/test_student/stable-13ca0e47310505f4ab1ac59e891e9a3c5e5eec04/static/out/vs/code/browser/workbench/workbench.js:29:2568)
    at vfe.cancel (https://ai-lab.rice-business.org/test_student/stable-13ca0e47310505f4ab1ac59e891e9a3c5e5eec04/static/out/vs/code/browser/workbench/workbench.js:29:37897)
    at pt.cancel (https://ai-lab.rice-business.org/test_student/stable-13ca0e47310505f4ab1ac59e891e9a3c5e5eec04/static/out/vs/code/browser/workbench/workbench.js:29:38311)
    at ufe.value (https://ai-lab.rice-business.org/test_student/stable-13ca0e47310505f4ab1ac59e891e9a3c5e5eec04/static/out/vs/code/browser/workbench/workbench.js:3665:28888)
    at L.C (https://ai-lab.rice-business.org/test_student/stable-13ca0e47310505f4ab1ac59e891e9a3c5e5eec04/static/out/vs/code/browser/workbench/workbench.js:29:2349)
    at L.fire (https://ai-lab.rice-business.org/test_student/stable-13ca0e47310505f4ab1ac59e891e9a3c5e5eec04/static/out/vs/code/browser/workbench/workbench.js:29:2568)
    at vfe.cancel (https://ai-lab.rice-business.org/test_student/stable-13ca0e47310505f4ab1ac59e891e9a3c5e5eec04/static/out/vs/code/browser/workbench/workbench.js:29:37897)
    at pt.cancel (https://ai-lab.rice-business.org/test_student/stable-13ca0e47310505f4ab1ac59e891e9a3c5e5eec04/static/out/vs/code/browser/workbench/workbench.js:29:38311)
    at https://ai-lab.rice-business.org/test_student/stable-13ca0e47310505f4ab1ac59e891e9a3c5e5eec04/static/out/vs/code/browser/workbench/workbench.js:3665:28678 @ https://ai-lab.rice-business.org/test_student/stable-13ca0e47310505f4ab1ac59e891e9a3c5e5eec04/static/out/vs/code/browser/workbench/workbench.js:37
[ 5242187ms] [LOG] %c INFO color: #33f [remote-connection][Management   ][f6d89…][reconnect] A network error occurred while trying to reconnect, will try again... @ https://ai-lab.rice-business.org/test_student/stable-13ca0e47310505f4ab1ac59e891e9a3c5e5eec04/static/out/vs/code/browser/workbench/workbench.js:37
[ 5242187ms] [LOG] %c INFO color: #33f [remote-connection][Management   ][f6d89…][reconnect] waiting for 30 seconds before reconnecting... @ https://ai-lab.rice-business.org/test_student/stable-13ca0e47310505f4ab1ac59e891e9a3c5e5eec04/static/out/vs/code/browser/workbench/workbench.js:37
[ 5271937ms] [LOG] %c INFO color: #33f [remote-connection][ExtensionHost][4aceb…][reconnect] resolving connection... @ https://ai-lab.rice-business.org/test_student/stable-13ca0e47310505f4ab1ac59e891e9a3c5e5eec04/static/out/vs/code/browser/workbench/workbench.js:37
[ 5271937ms] [LOG] %c INFO color: #33f [remote-connection][ExtensionHost][4aceb…][reconnect] connecting to WebSocket(ai-lab.rice-business.org:443)... @ https://ai-lab.rice-business.org/test_student/stable-13ca0e47310505f4ab1ac59e891e9a3c5e5eec04/static/out/vs/code/browser/workbench/workbench.js:37
[ 5271937ms] [LOG] %c INFO color: #33f Creating a socket (renderer-ExtensionHost-4aceb238-020c-4daf-966a-5c687671a08c)... @ https://ai-lab.rice-business.org/test_student/stable-13ca0e47310505f4ab1ac59e891e9a3c5e5eec04/static/out/vs/code/browser/workbench/workbench.js:37
[ 5272118ms] [LOG] %c INFO color: #33f Creating a socket (renderer-ExtensionHost-4aceb238-020c-4daf-966a-5c687671a08c) was successful after 181 ms. @ https://ai-lab.rice-business.org/test_student/stable-13ca0e47310505f4ab1ac59e891e9a3c5e5eec04/static/out/vs/code/browser/workbench/workbench.js:37
[ 5272189ms] [LOG] %c INFO color: #33f [remote-connection][Management   ][f6d89…][reconnect] resolving connection... @ https://ai-lab.rice-business.org/test_student/stable-13ca0e47310505f4ab1ac59e891e9a3c5e5eec04/static/out/vs/code/browser/workbench/workbench.js:37
[ 5272190ms] [LOG] %c INFO color: #33f [remote-connection][Management   ][f6d89…][reconnect] connecting to WebSocket(ai-lab.rice-business.org:443)... @ https://ai-lab.rice-business.org/test_student/stable-13ca0e47310505f4ab1ac59e891e9a3c5e5eec04/static/out/vs/code/browser/workbench/workbench.js:37
[ 5272190ms] [LOG] %c INFO color: #33f Creating a socket (renderer-Management-f6d89eb6-b512-45c4-bb6b-0b768dcac8ec)... @ https://ai-lab.rice-business.org/test_student/stable-13ca0e47310505f4ab1ac59e891e9a3c5e5eec04/static/out/vs/code/browser/workbench/workbench.js:37
[ 5272364ms] [LOG] %c INFO color: #33f Creating a socket (renderer-Management-f6d89eb6-b512-45c4-bb6b-0b768dcac8ec) was successful after 173 ms. @ https://ai-lab.rice-business.org/test_student/stable-13ca0e47310505f4ab1ac59e891e9a3c5e5eec04/static/out/vs/code/browser/workbench/workbench.js:37
[ 8563891ms] [ERROR] %c  ERR color: #f33 [remote-connection][ExtensionHost][4aceb…][reconnect][WebSocket(ai-lab.rice-business.org:443)] the handshake timed out. Error: @ https://ai-lab.rice-business.org/test_student/stable-13ca0e47310505f4ab1ac59e891e9a3c5e5eec04/static/out/vs/code/browser/workbench/workbench.js:37
[ 8563891ms] [ERROR] %c  ERR color: #f33 Error: Time limit reached
    at T2e.i (https://ai-lab.rice-business.org/test_student/stable-13ca0e47310505f4ab1ac59e891e9a3c5e5eec04/static/out/vs/code/browser/workbench/workbench.js:3665:29310)
    at T2e.h (https://ai-lab.rice-business.org/test_student/stable-13ca0e47310505f4ab1ac59e891e9a3c5e5eec04/static/out/vs/code/browser/workbench/workbench.js:3665:29292)
    at ufe.value (https://ai-lab.rice-business.org/test_student/stable-13ca0e47310505f4ab1ac59e891e9a3c5e5eec04/static/out/vs/code/browser/workbench/workbench.js:3665:29147)
    at L.C (https://ai-lab.rice-business.org/test_student/stable-13ca0e47310505f4ab1ac59e891e9a3c5e5eec04/static/out/vs/code/browser/workbench/workbench.js:29:2349)
    at L.fire (https://ai-lab.rice-business.org/test_student/stable-13ca0e47310505f4ab1ac59e891e9a3c5e5eec04/static/out/vs/code/browser/workbench/workbench.js:29:2568)
    at vfe.cancel (https://ai-lab.rice-business.org/test_student/stable-13ca0e47310505f4ab1ac59e891e9a3c5e5eec04/static/out/vs/code/browser/workbench/workbench.js:29:37897)
    at pt.cancel (https://ai-lab.rice-business.org/test_student/stable-13ca0e47310505f4ab1ac59e891e9a3c5e5eec04/static/out/vs/code/browser/workbench/workbench.js:29:38311)
    at ufe.value (https://ai-lab.rice-business.org/test_student/stable-13ca0e47310505f4ab1ac59e891e9a3c5e5eec04/static/out/vs/code/browser/workbench/workbench.js:3665:28888)
    at L.C (https://ai-lab.rice-business.org/test_student/stable-13ca0e47310505f4ab1ac59e891e9a3c5e5eec04/static/out/vs/code/browser/workbench/workbench.js:29:2349)
    at L.fire (https://ai-lab.rice-business.org/test_student/stable-13ca0e47310505f4ab1ac59e891e9a3c5e5eec04/static/out/vs/code/browser/workbench/workbench.js:29:2568)
    at vfe.cancel (https://ai-lab.rice-business.org/test_student/stable-13ca0e47310505f4ab1ac59e891e9a3c5e5eec04/static/out/vs/code/browser/workbench/workbench.js:29:37897)
    at pt.cancel (https://ai-lab.rice-business.org/test_student/stable-13ca0e47310505f4ab1ac59e891e9a3c5e5eec04/static/out/vs/code/browser/workbench/workbench.js:29:38311)
    at https://ai-lab.rice-business.org/test_student/stable-13ca0e47310505f4ab1ac59e891e9a3c5e5eec04/static/out/vs/code/browser/workbench/workbench.js:3665:28678 @ https://ai-lab.rice-business.org/test_student/stable-13ca0e47310505f4ab1ac59e891e9a3c5e5eec04/static/out/vs/code/browser/workbench/workbench.js:37
[ 8563891ms] [LOG] %c INFO color: #33f [remote-connection][ExtensionHost][4aceb…][reconnect] A network error occurred while trying to reconnect, will try again... @ https://ai-lab.rice-business.org/test_student/stable-13ca0e47310505f4ab1ac59e891e9a3c5e5eec04/static/out/vs/code/browser/workbench/workbench.js:37
[ 8563891ms] [LOG] %c INFO color: #33f [remote-connection][ExtensionHost][4aceb…][reconnect] waiting for 30 seconds before reconnecting... @ https://ai-lab.rice-business.org/test_student/stable-13ca0e47310505f4ab1ac59e891e9a3c5e5eec04/static/out/vs/code/browser/workbench/workbench.js:37
[ 8564484ms] [ERROR] %c  ERR color: #f33 [remote-connection][Management   ][f6d89…][reconnect][WebSocket(ai-lab.rice-business.org:443)] the handshake timed out. Error: @ https://ai-lab.rice-business.org/test_student/stable-13ca0e47310505f4ab1ac59e891e9a3c5e5eec04/static/out/vs/code/browser/workbench/workbench.js:37
[ 8564484ms] [ERROR] %c  ERR color: #f33 Error: Time limit reached
    at T2e.i (https://ai-lab.rice-business.org/test_student/stable-13ca0e47310505f4ab1ac59e891e9a3c5e5eec04/static/out/vs/code/browser/workbench/workbench.js:3665:29310)
    at T2e.h (https://ai-lab.rice-business.org/test_student/stable-13ca0e47310505f4ab1ac59e891e9a3c5e5eec04/static/out/vs/code/browser/workbench/workbench.js:3665:29292)
    at ufe.value (https://ai-lab.rice-business.org/test_student/stable-13ca0e47310505f4ab1ac59e891e9a3c5e5eec04/static/out/vs/code/browser/workbench/workbench.js:3665:29147)
    at L.C (https://ai-lab.rice-business.org/test_student/stable-13ca0e47310505f4ab1ac59e891e9a3c5e5eec04/static/out/vs/code/browser/workbench/workbench.js:29:2349)
    at L.fire (https://ai-lab.rice-business.org/test_student/stable-13ca0e47310505f4ab1ac59e891e9a3c5e5eec04/static/out/vs/code/browser/workbench/workbench.js:29:2568)
    at vfe.cancel (https://ai-lab.rice-business.org/test_student/stable-13ca0e47310505f4ab1ac59e891e9a3c5e5eec04/static/out/vs/code/browser/workbench/workbench.js:29:37897)
    at pt.cancel (https://ai-lab.rice-business.org/test_student/stable-13ca0e47310505f4ab1ac59e891e9a3c5e5eec04/static/out/vs/code/browser/workbench/workbench.js:29:38311)
    at ufe.value (https://ai-lab.rice-business.org/test_student/stable-13ca0e47310505f4ab1ac59e891e9a3c5e5eec04/static/out/vs/code/browser/workbench/workbench.js:3665:28888)
    at L.C (https://ai-lab.rice-business.org/test_student/stable-13ca0e47310505f4ab1ac59e891e9a3c5e5eec04/static/out/vs/code/browser/workbench/workbench.js:29:2349)
    at L.fire (https://ai-lab.rice-business.org/test_student/stable-13ca0e47310505f4ab1ac59e891e9a3c5e5eec04/static/out/vs/code/browser/workbench/workbench.js:29:2568)
    at vfe.cancel (https://ai-lab.rice-business.org/test_student/stable-13ca0e47310505f4ab1ac59e891e9a3c5e5eec04/static/out/vs/code/browser/workbench/workbench.js:29:37897)
    at pt.cancel (https://ai-lab.rice-business.org/test_student/stable-13ca0e47310505f4ab1ac59e891e9a3c5e5eec04/static/out/vs/code/browser/workbench/workbench.js:29:38311)
    at https://ai-lab.rice-business.org/test_student/stable-13ca0e47310505f4ab1ac59e891e9a3c5e5eec04/static/out/vs/code/browser/workbench/workbench.js:3665:28678 @ https://ai-lab.rice-business.org/test_student/stable-13ca0e47310505f4ab1ac59e891e9a3c5e5eec04/static/out/vs/code/browser/workbench/workbench.js:37
[ 8564484ms] [LOG] %c INFO color: #33f [remote-connection][Management   ][f6d89…][reconnect] A network error occurred while trying to reconnect, will try again... @ https://ai-lab.rice-business.org/test_student/stable-13ca0e47310505f4ab1ac59e891e9a3c5e5eec04/static/out/vs/code/browser/workbench/workbench.js:37
[ 8564484ms] [LOG] %c INFO color: #33f [remote-connection][Management   ][f6d89…][reconnect] waiting for 30 seconds before reconnecting... @ https://ai-lab.rice-business.org/test_student/stable-13ca0e47310505f4ab1ac59e891e9a3c5e5eec04/static/out/vs/code/browser/workbench/workbench.js:37
[ 8564485ms] [LOG] %c INFO color: #33f [remote-connection][Management   ][f6d89…][reconnect] received socket close event (wasClean: false, code: 1006, reason: ). @ https://ai-lab.rice-business.org/test_student/stable-13ca0e47310505f4ab1ac59e891e9a3c5e5eec04/static/out/vs/code/browser/workbench/workbench.js:37
[ 8564485ms] [ERROR] %c  ERR color: #f33 CloseEvent @ https://ai-lab.rice-business.org/test_student/stable-13ca0e47310505f4ab1ac59e891e9a3c5e5eec04/static/out/vs/code/browser/workbench/workbench.js:37
[ 8564582ms] [LOG] %c INFO color: #33f [remote-connection][ExtensionHost][4aceb…][reconnect] received socket close event (wasClean: false, code: 1006, reason: ). @ https://ai-lab.rice-business.org/test_student/stable-13ca0e47310505f4ab1ac59e891e9a3c5e5eec04/static/out/vs/code/browser/workbench/workbench.js:37
[ 8564582ms] [ERROR] %c  ERR color: #f33 CloseEvent @ https://ai-lab.rice-business.org/test_student/stable-13ca0e47310505f4ab1ac59e891e9a3c5e5eec04/static/out/vs/code/browser/workbench/workbench.js:37
[ 8593903ms] [LOG] %c INFO color: #33f [remote-connection][ExtensionHost][4aceb…][reconnect] resolving connection... @ https://ai-lab.rice-business.org/test_student/stable-13ca0e47310505f4ab1ac59e891e9a3c5e5eec04/static/out/vs/code/browser/workbench/workbench.js:37
[ 8593903ms] [LOG] %c INFO color: #33f [remote-connection][ExtensionHost][4aceb…][reconnect] connecting to WebSocket(ai-lab.rice-business.org:443)... @ https://ai-lab.rice-business.org/test_student/stable-13ca0e47310505f4ab1ac59e891e9a3c5e5eec04/static/out/vs/code/browser/workbench/workbench.js:37
[ 8593903ms] [LOG] %c INFO color: #33f Creating a socket (renderer-ExtensionHost-4aceb238-020c-4daf-966a-5c687671a08c)... @ https://ai-lab.rice-business.org/test_student/stable-13ca0e47310505f4ab1ac59e891e9a3c5e5eec04/static/out/vs/code/browser/workbench/workbench.js:37
[ 8594182ms] [LOG] %c INFO color: #33f Creating a socket (renderer-ExtensionHost-4aceb238-020c-4daf-966a-5c687671a08c) was successful after 278 ms. @ https://ai-lab.rice-business.org/test_student/stable-13ca0e47310505f4ab1ac59e891e9a3c5e5eec04/static/out/vs/code/browser/workbench/workbench.js:37
[ 8594493ms] [LOG] %c INFO color: #33f [remote-connection][Management   ][f6d89…][reconnect] resolving connection... @ https://ai-lab.rice-business.org/test_student/stable-13ca0e47310505f4ab1ac59e891e9a3c5e5eec04/static/out/vs/code/browser/workbench/workbench.js:37
[ 8594494ms] [LOG] %c INFO color: #33f [remote-connection][Management   ][f6d89…][reconnect] connecting to WebSocket(ai-lab.rice-business.org:443)... @ https://ai-lab.rice-business.org/test_student/stable-13ca0e47310505f4ab1ac59e891e9a3c5e5eec04/static/out/vs/code/browser/workbench/workbench.js:37
[ 8594494ms] [LOG] %c INFO color: #33f Creating a socket (renderer-Management-f6d89eb6-b512-45c4-bb6b-0b768dcac8ec)... @ https://ai-lab.rice-business.org/test_student/stable-13ca0e47310505f4ab1ac59e891e9a3c5e5eec04/static/out/vs/code/browser/workbench/workbench.js:37
[ 8594788ms] [LOG] %c INFO color: #33f Creating a socket (renderer-Management-f6d89eb6-b512-45c4-bb6b-0b768dcac8ec) was successful after 293 ms. @ https://ai-lab.rice-business.org/test_student/stable-13ca0e47310505f4ab1ac59e891e9a3c5e5eec04/static/out/vs/code/browser/workbench/workbench.js:37
[ 8604191ms] [ERROR] %c  ERR color: #f33 [remote-connection][ExtensionHost][4aceb…][reconnect][WebSocket(ai-lab.rice-business.org:443)] the handshake timed out. Error: @ https://ai-lab.rice-business.org/test_student/stable-13ca0e47310505f4ab1ac59e891e9a3c5e5eec04/static/out/vs/code/browser/workbench/workbench.js:37
[ 8604192ms] [ERROR] %c  ERR color: #f33 Error: Time limit reached
    at T2e.i (https://ai-lab.rice-business.org/test_student/stable-13ca0e47310505f4ab1ac59e891e9a3c5e5eec04/static/out/vs/code/browser/workbench/workbench.js:3665:29310)
    at T2e.h (https://ai-lab.rice-business.org/test_student/stable-13ca0e47310505f4ab1ac59e891e9a3c5e5eec04/static/out/vs/code/browser/workbench/workbench.js:3665:29292)
    at ufe.value (https://ai-lab.rice-business.org/test_student/stable-13ca0e47310505f4ab1ac59e891e9a3c5e5eec04/static/out/vs/code/browser/workbench/workbench.js:3665:29147)
    at L.C (https://ai-lab.rice-business.org/test_student/stable-13ca0e47310505f4ab1ac59e891e9a3c5e5eec04/static/out/vs/code/browser/workbench/workbench.js:29:2349)
    at L.fire (https://ai-lab.rice-business.org/test_student/stable-13ca0e47310505f4ab1ac59e891e9a3c5e5eec04/static/out/vs/code/browser/workbench/workbench.js:29:2568)
    at vfe.cancel (https://ai-lab.rice-business.org/test_student/stable-13ca0e47310505f4ab1ac59e891e9a3c5e5eec04/static/out/vs/code/browser/workbench/workbench.js:29:37897)
    at pt.cancel (https://ai-lab.rice-business.org/test_student/stable-13ca0e47310505f4ab1ac59e891e9a3c5e5eec04/static/out/vs/code/browser/workbench/workbench.js:29:38311)
    at ufe.value (https://ai-lab.rice-business.org/test_student/stable-13ca0e47310505f4ab1ac59e891e9a3c5e5eec04/static/out/vs/code/browser/workbench/workbench.js:3665:28888)
    at L.C (https://ai-lab.rice-business.org/test_student/stable-13ca0e47310505f4ab1ac59e891e9a3c5e5eec04/static/out/vs/code/browser/workbench/workbench.js:29:2349)
    at L.fire (https://ai-lab.rice-business.org/test_student/stable-13ca0e47310505f4ab1ac59e891e9a3c5e5eec04/static/out/vs/code/browser/workbench/workbench.js:29:2568)
    at vfe.cancel (https://ai-lab.rice-business.org/test_student/stable-13ca0e47310505f4ab1ac59e891e9a3c5e5eec04/static/out/vs/code/browser/workbench/workbench.js:29:37897)
    at pt.cancel (https://ai-lab.rice-business.org/test_student/stable-13ca0e47310505f4ab1ac59e891e9a3c5e5eec04/static/out/vs/code/browser/workbench/workbench.js:29:38311)
    at https://ai-lab.rice-business.org/test_student/stable-13ca0e47310505f4ab1ac59e891e9a3c5e5eec04/static/out/vs/code/browser/workbench/workbench.js:3665:28678 @ https://ai-lab.rice-business.org/test_student/stable-13ca0e47310505f4ab1ac59e891e9a3c5e5eec04/static/out/vs/code/browser/workbench/workbench.js:37
[ 8604192ms] [LOG] %c INFO color: #33f [remote-connection][ExtensionHost][4aceb…][reconnect] A network error occurred while trying to reconnect, will try again... @ https://ai-lab.rice-business.org/test_student/stable-13ca0e47310505f4ab1ac59e891e9a3c5e5eec04/static/out/vs/code/browser/workbench/workbench.js:37
[ 8604192ms] [LOG] %c INFO color: #33f [remote-connection][ExtensionHost][4aceb…][reconnect] waiting for 30 seconds before reconnecting... @ https://ai-lab.rice-business.org/test_student/stable-13ca0e47310505f4ab1ac59e891e9a3c5e5eec04/static/out/vs/code/browser/workbench/workbench.js:37
[ 8604791ms] [ERROR] %c  ERR color: #f33 [remote-connection][Management   ][f6d89…][reconnect][WebSocket(ai-lab.rice-business.org:443)] the handshake timed out. Error: @ https://ai-lab.rice-business.org/test_student/stable-13ca0e47310505f4ab1ac59e891e9a3c5e5eec04/static/out/vs/code/browser/workbench/workbench.js:37
[ 8604792ms] [ERROR] %c  ERR color: #f33 Error: Time limit reached
    at T2e.i (https://ai-lab.rice-business.org/test_student/stable-13ca0e47310505f4ab1ac59e891e9a3c5e5eec04/static/out/vs/code/browser/workbench/workbench.js:3665:29310)
    at T2e.h (https://ai-lab.rice-business.org/test_student/stable-13ca0e47310505f4ab1ac59e891e9a3c5e5eec04/static/out/vs/code/browser/workbench/workbench.js:3665:29292)
    at ufe.value (https://ai-lab.rice-business.org/test_student/stable-13ca0e47310505f4ab1ac59e891e9a3c5e5eec04/static/out/vs/code/browser/workbench/workbench.js:3665:29147)
    at L.C (https://ai-lab.rice-business.org/test_student/stable-13ca0e47310505f4ab1ac59e891e9a3c5e5eec04/static/out/vs/code/browser/workbench/workbench.js:29:2349)
    at L.fire (https://ai-lab.rice-business.org/test_student/stable-13ca0e47310505f4ab1ac59e891e9a3c5e5eec04/static/out/vs/code/browser/workbench/workbench.js:29:2568)
    at vfe.cancel (https://ai-lab.rice-business.org/test_student/stable-13ca0e47310505f4ab1ac59e891e9a3c5e5eec04/static/out/vs/code/browser/workbench/workbench.js:29:37897)
    at pt.cancel (https://ai-lab.rice-business.org/test_student/stable-13ca0e47310505f4ab1ac59e891e9a3c5e5eec04/static/out/vs/code/browser/workbench/workbench.js:29:38311)
    at ufe.value (https://ai-lab.rice-business.org/test_student/stable-13ca0e47310505f4ab1ac59e891e9a3c5e5eec04/static/out/vs/code/browser/workbench/workbench.js:3665:28888)
    at L.C (https://ai-lab.rice-business.org/test_student/stable-13ca0e47310505f4ab1ac59e891e9a3c5e5eec04/static/out/vs/code/browser/workbench/workbench.js:29:2349)
    at L.fire (https://ai-lab.rice-business.org/test_student/stable-13ca0e47310505f4ab1ac59e891e9a3c5e5eec04/static/out/vs/code/browser/workbench/workbench.js:29:2568)
    at vfe.cancel (https://ai-lab.rice-business.org/test_student/stable-13ca0e47310505f4ab1ac59e891e9a3c5e5eec04/static/out/vs/code/browser/workbench/workbench.js:29:37897)
    at pt.cancel (https://ai-lab.rice-business.org/test_student/stable-13ca0e47310505f4ab1ac59e891e9a3c5e5eec04/static/out/vs/code/browser/workbench/workbench.js:29:38311)
    at https://ai-lab.rice-business.org/test_student/stable-13ca0e47310505f4ab1ac59e891e9a3c5e5eec04/static/out/vs/code/browser/workbench/workbench.js:3665:28678 @ https://ai-lab.rice-business.org/test_student/stable-13ca0e47310505f4ab1ac59e891e9a3c5e5eec04/static/out/vs/code/browser/workbench/workbench.js:37
[ 8604792ms] [LOG] %c INFO color: #33f [remote-connection][Management   ][f6d89…][reconnect] A network error occurred while trying to reconnect, will try again... @ https://ai-lab.rice-business.org/test_student/stable-13ca0e47310505f4ab1ac59e891e9a3c5e5eec04/static/out/vs/code/browser/workbench/workbench.js:37
[ 8604792ms] [LOG] %c INFO color: #33f [remote-connection][Management   ][f6d89…][reconnect] waiting for 30 seconds before reconnecting... @ https://ai-lab.rice-business.org/test_student/stable-13ca0e47310505f4ab1ac59e891e9a3c5e5eec04/static/out/vs/code/browser/workbench/workbench.js:37
[ 8634194ms] [LOG] %c INFO color: #33f [remote-connection][ExtensionHost][4aceb…][reconnect] resolving connection... @ https://ai-lab.rice-business.org/test_student/stable-13ca0e47310505f4ab1ac59e891e9a3c5e5eec04/static/out/vs/code/browser/workbench/workbench.js:37
[ 8634194ms] [LOG] %c INFO color: #33f [remote-connection][ExtensionHost][4aceb…][reconnect] connecting to WebSocket(ai-lab.rice-business.org:443)... @ https://ai-lab.rice-business.org/test_student/stable-13ca0e47310505f4ab1ac59e891e9a3c5e5eec04/static/out/vs/code/browser/workbench/workbench.js:37
[ 8634194ms] [LOG] %c INFO color: #33f Creating a socket (renderer-ExtensionHost-4aceb238-020c-4daf-966a-5c687671a08c)... @ https://ai-lab.rice-business.org/test_student/stable-13ca0e47310505f4ab1ac59e891e9a3c5e5eec04/static/out/vs/code/browser/workbench/workbench.js:37
[ 8634639ms] [LOG] %c INFO color: #33f Creating a socket (renderer-ExtensionHost-4aceb238-020c-4daf-966a-5c687671a08c) was successful after 446 ms. @ https://ai-lab.rice-business.org/test_student/stable-13ca0e47310505f4ab1ac59e891e9a3c5e5eec04/static/out/vs/code/browser/workbench/workbench.js:37
[ 8634800ms] [LOG] %c INFO color: #33f [remote-connection][Management   ][f6d89…][reconnect] resolving connection... @ https://ai-lab.rice-business.org/test_student/stable-13ca0e47310505f4ab1ac59e891e9a3c5e5eec04/static/out/vs/code/browser/workbench/workbench.js:37
[ 8634801ms] [LOG] %c INFO color: #33f [remote-connection][Management   ][f6d89…][reconnect] connecting to WebSocket(ai-lab.rice-business.org:443)... @ https://ai-lab.rice-business.org/test_student/stable-13ca0e47310505f4ab1ac59e891e9a3c5e5eec04/static/out/vs/code/browser/workbench/workbench.js:37
[ 8634801ms] [LOG] %c INFO color: #33f Creating a socket (renderer-Management-f6d89eb6-b512-45c4-bb6b-0b768dcac8ec)... @ https://ai-lab.rice-business.org/test_student/stable-13ca0e47310505f4ab1ac59e891e9a3c5e5eec04/static/out/vs/code/browser/workbench/workbench.js:37
[ 8635070ms] [LOG] %c INFO color: #33f Creating a socket (renderer-Management-f6d89eb6-b512-45c4-bb6b-0b768dcac8ec) was successful after 268 ms. @ https://ai-lab.rice-business.org/test_student/stable-13ca0e47310505f4ab1ac59e891e9a3c5e5eec04/static/out/vs/code/browser/workbench/workbench.js:37
[ 8644646ms] [ERROR] %c  ERR color: #f33 [remote-connection][ExtensionHost][4aceb…][reconnect][WebSocket(ai-lab.rice-business.org:443)] the handshake timed out. Error: @ https://ai-lab.rice-business.org/test_student/stable-13ca0e47310505f4ab1ac59e891e9a3c5e5eec04/static/out/vs/code/browser/workbench/workbench.js:37
[ 8644647ms] [ERROR] %c  ERR color: #f33 Error: Time limit reached
    at T2e.i (https://ai-lab.rice-business.org/test_student/stable-13ca0e47310505f4ab1ac59e891e9a3c5e5eec04/static/out/vs/code/browser/workbench/workbench.js:3665:29310)
    at T2e.h (https://ai-lab.rice-business.org/test_student/stable-13ca0e47310505f4ab1ac59e891e9a3c5e5eec04/static/out/vs/code/browser/workbench/workbench.js:3665:29292)
    at ufe.value (https://ai-lab.rice-business.org/test_student/stable-13ca0e47310505f4ab1ac59e891e9a3c5e5eec04/static/out/vs/code/browser/workbench/workbench.js:3665:29147)
    at L.C (https://ai-lab.rice-business.org/test_student/stable-13ca0e47310505f4ab1ac59e891e9a3c5e5eec04/static/out/vs/code/browser/workbench/workbench.js:29:2349)
    at L.fire (https://ai-lab.rice-business.org/test_student/stable-13ca0e47310505f4ab1ac59e891e9a3c5e5eec04/static/out/vs/code/browser/workbench/workbench.js:29:2568)
    at vfe.cancel (https://ai-lab.rice-business.org/test_student/stable-13ca0e47310505f4ab1ac59e891e9a3c5e5eec04/static/out/vs/code/browser/workbench/workbench.js:29:37897)
    at pt.cancel (https://ai-lab.rice-business.org/test_student/stable-13ca0e47310505f4ab1ac59e891e9a3c5e5eec04/static/out/vs/code/browser/workbench/workbench.js:29:38311)
    at ufe.value (https://ai-lab.rice-business.org/test_student/stable-13ca0e47310505f4ab1ac59e891e9a3c5e5eec04/static/out/vs/code/browser/workbench/workbench.js:3665:28888)
    at L.C (https://ai-lab.rice-business.org/test_student/stable-13ca0e47310505f4ab1ac59e891e9a3c5e5eec04/static/out/vs/code/browser/workbench/workbench.js:29:2349)
    at L.fire (https://ai-lab.rice-business.org/test_student/stable-13ca0e47310505f4ab1ac59e891e9a3c5e5eec04/static/out/vs/code/browser/workbench/workbench.js:29:2568)
    at vfe.cancel (https://ai-lab.rice-business.org/test_student/stable-13ca0e47310505f4ab1ac59e891e9a3c5e5eec04/static/out/vs/code/browser/workbench/workbench.js:29:37897)
    at pt.cancel (https://ai-lab.rice-business.org/test_student/stable-13ca0e47310505f4ab1ac59e891e9a3c5e5eec04/static/out/vs/code/browser/workbench/workbench.js:29:38311)
    at https://ai-lab.rice-business.org/test_student/stable-13ca0e47310505f4ab1ac59e891e9a3c5e5eec04/static/out/vs/code/browser/workbench/workbench.js:3665:28678 @ https://ai-lab.rice-business.org/test_student/stable-13ca0e47310505f4ab1ac59e891e9a3c5e5eec04/static/out/vs/code/browser/workbench/workbench.js:37
[ 8644647ms] [LOG] %c INFO color: #33f [remote-connection][ExtensionHost][4aceb…][reconnect] A network error occurred while trying to reconnect, will try again... @ https://ai-lab.rice-business.org/test_student/stable-13ca0e47310505f4ab1ac59e891e9a3c5e5eec04/static/out/vs/code/browser/workbench/workbench.js:37
[ 8644647ms] [LOG] %c INFO color: #33f [remote-connection][ExtensionHost][4aceb…][reconnect] waiting for 30 seconds before reconnecting... @ https://ai-lab.rice-business.org/test_student/stable-13ca0e47310505f4ab1ac59e891e9a3c5e5eec04/static/out/vs/code/browser/workbench/workbench.js:37
[ 8645072ms] [ERROR] %c  ERR color: #f33 [remote-connection][Management   ][f6d89…][reconnect][WebSocket(ai-lab.rice-business.org:443)] the handshake timed out. Error: @ https://ai-lab.rice-business.org/test_student/stable-13ca0e47310505f4ab1ac59e891e9a3c5e5eec04/static/out/vs/code/browser/workbench/workbench.js:37
[ 8645073ms] [ERROR] %c  ERR color: #f33 Error: Time limit reached
    at T2e.i (https://ai-lab.rice-business.org/test_student/stable-13ca0e47310505f4ab1ac59e891e9a3c5e5eec04/static/out/vs/code/browser/workbench/workbench.js:3665:29310)
    at T2e.h (https://ai-lab.rice-business.org/test_student/stable-13ca0e47310505f4ab1ac59e891e9a3c5e5eec04/static/out/vs/code/browser/workbench/workbench.js:3665:29292)
    at ufe.value (https://ai-lab.rice-business.org/test_student/stable-13ca0e47310505f4ab1ac59e891e9a3c5e5eec04/static/out/vs/code/browser/workbench/workbench.js:3665:29147)
    at L.C (https://ai-lab.rice-business.org/test_student/stable-13ca0e47310505f4ab1ac59e891e9a3c5e5eec04/static/out/vs/code/browser/workbench/workbench.js:29:2349)
    at L.fire (https://ai-lab.rice-business.org/test_student/stable-13ca0e47310505f4ab1ac59e891e9a3c5e5eec04/static/out/vs/code/browser/workbench/workbench.js:29:2568)
    at vfe.cancel (https://ai-lab.rice-business.org/test_student/stable-13ca0e47310505f4ab1ac59e891e9a3c5e5eec04/static/out/vs/code/browser/workbench/workbench.js:29:37897)
    at pt.cancel (https://ai-lab.rice-business.org/test_student/stable-13ca0e47310505f4ab1ac59e891e9a3c5e5eec04/static/out/vs/code/browser/workbench/workbench.js:29:38311)
    at ufe.value (https://ai-lab.rice-business.org/test_student/stable-13ca0e47310505f4ab1ac59e891e9a3c5e5eec04/static/out/vs/code/browser/workbench/workbench.js:3665:28888)
    at L.C (https://ai-lab.rice-business.org/test_student/stable-13ca0e47310505f4ab1ac59e891e9a3c5e5eec04/static/out/vs/code/browser/workbench/workbench.js:29:2349)
    at L.fire (https://ai-lab.rice-business.org/test_student/stable-13ca0e47310505f4ab1ac59e891e9a3c5e5eec04/static/out/vs/code/browser/workbench/workbench.js:29:2568)
    at vfe.cancel (https://ai-lab.rice-business.org/test_student/stable-13ca0e47310505f4ab1ac59e891e9a3c5e5eec04/static/out/vs/code/browser/workbench/workbench.js:29:37897)
    at pt.cancel (https://ai-lab.rice-business.org/test_student/stable-13ca0e47310505f4ab1ac59e891e9a3c5e5eec04/static/out/vs/code/browser/workbench/workbench.js:29:38311)
    at https://ai-lab.rice-business.org/test_student/stable-13ca0e47310505f4ab1ac59e891e9a3c5e5eec04/static/out/vs/code/browser/workbench/workbench.js:3665:28678 @ https://ai-lab.rice-business.org/test_student/stable-13ca0e47310505f4ab1ac59e891e9a3c5e5eec04/static/out/vs/code/browser/workbench/workbench.js:37
[ 8645073ms] [LOG] %c INFO color: #33f [remote-connection][Management   ][f6d89…][reconnect] A network error occurred while trying to reconnect, will try again... @ https://ai-lab.rice-business.org/test_student/stable-13ca0e47310505f4ab1ac59e891e9a3c5e5eec04/static/out/vs/code/browser/workbench/workbench.js:37
[ 8645073ms] [LOG] %c INFO color: #33f [remote-connection][Management   ][f6d89…][reconnect] waiting for 30 seconds before reconnecting... @ https://ai-lab.rice-business.org/test_student/stable-13ca0e47310505f4ab1ac59e891e9a3c5e5eec04/static/out/vs/code/browser/workbench/workbench.js:37
[ 8674663ms] [LOG] %c INFO color: #33f [remote-connection][ExtensionHost][4aceb…][reconnect] resolving connection... @ https://ai-lab.rice-business.org/test_student/stable-13ca0e47310505f4ab1ac59e891e9a3c5e5eec04/static/out/vs/code/browser/workbench/workbench.js:37
[ 8674663ms] [LOG] %c INFO color: #33f [remote-connection][ExtensionHost][4aceb…][reconnect] connecting to WebSocket(ai-lab.rice-business.org:443)... @ https://ai-lab.rice-business.org/test_student/stable-13ca0e47310505f4ab1ac59e891e9a3c5e5eec04/static/out/vs/code/browser/workbench/workbench.js:37
[ 8674664ms] [LOG] %c INFO color: #33f Creating a socket (renderer-ExtensionHost-4aceb238-020c-4daf-966a-5c687671a08c)... @ https://ai-lab.rice-business.org/test_student/stable-13ca0e47310505f4ab1ac59e891e9a3c5e5eec04/static/out/vs/code/browser/workbench/workbench.js:37
[ 8675090ms] [LOG] %c INFO color: #33f [remote-connection][Management   ][f6d89…][reconnect] resolving connection... @ https://ai-lab.rice-business.org/test_student/stable-13ca0e47310505f4ab1ac59e891e9a3c5e5eec04/static/out/vs/code/browser/workbench/workbench.js:37
[ 8675093ms] [LOG] %c INFO color: #33f [remote-connection][Management   ][f6d89…][reconnect] connecting to WebSocket(ai-lab.rice-business.org:443)... @ https://ai-lab.rice-business.org/test_student/stable-13ca0e47310505f4ab1ac59e891e9a3c5e5eec04/static/out/vs/code/browser/workbench/workbench.js:37
[ 8675093ms] [LOG] %c INFO color: #33f Creating a socket (renderer-Management-f6d89eb6-b512-45c4-bb6b-0b768dcac8ec)... @ https://ai-lab.rice-business.org/test_student/stable-13ca0e47310505f4ab1ac59e891e9a3c5e5eec04/static/out/vs/code/browser/workbench/workbench.js:37
[ 8675304ms] [LOG] %c INFO color: #33f Creating a socket (renderer-ExtensionHost-4aceb238-020c-4daf-966a-5c687671a08c) was successful after 640 ms. @ https://ai-lab.rice-business.org/test_student/stable-13ca0e47310505f4ab1ac59e891e9a3c5e5eec04/static/out/vs/code/browser/workbench/workbench.js:37
[ 8675614ms] [LOG] %c INFO color: #33f Creating a socket (renderer-Management-f6d89eb6-b512-45c4-bb6b-0b768dcac8ec) was successful after 520 ms. @ https://ai-lab.rice-business.org/test_student/stable-13ca0e47310505f4ab1ac59e891e9a3c5e5eec04/static/out/vs/code/browser/workbench/workbench.js:37
[ 8685313ms] [ERROR] %c  ERR color: #f33 [remote-connection][ExtensionHost][4aceb…][reconnect][WebSocket(ai-lab.rice-business.org:443)] the handshake timed out. Error: @ https://ai-lab.rice-business.org/test_student/stable-13ca0e47310505f4ab1ac59e891e9a3c5e5eec04/static/out/vs/code/browser/workbench/workbench.js:37
[ 8685313ms] [ERROR] %c  ERR color: #f33 Error: Time limit reached
    at T2e.i (https://ai-lab.rice-business.org/test_student/stable-13ca0e47310505f4ab1ac59e891e9a3c5e5eec04/static/out/vs/code/browser/workbench/workbench.js:3665:29310)
    at T2e.h (https://ai-lab.rice-business.org/test_student/stable-13ca0e47310505f4ab1ac59e891e9a3c5e5eec04/static/out/vs/code/browser/workbench/workbench.js:3665:29292)
    at ufe.value (https://ai-lab.rice-business.org/test_student/stable-13ca0e47310505f4ab1ac59e891e9a3c5e5eec04/static/out/vs/code/browser/workbench/workbench.js:3665:29147)
    at L.C (https://ai-lab.rice-business.org/test_student/stable-13ca0e47310505f4ab1ac59e891e9a3c5e5eec04/static/out/vs/code/browser/workbench/workbench.js:29:2349)
    at L.fire (https://ai-lab.rice-business.org/test_student/stable-13ca0e47310505f4ab1ac59e891e9a3c5e5eec04/static/out/vs/code/browser/workbench/workbench.js:29:2568)
    at vfe.cancel (https://ai-lab.rice-business.org/test_student/stable-13ca0e47310505f4ab1ac59e891e9a3c5e5eec04/static/out/vs/code/browser/workbench/workbench.js:29:37897)
    at pt.cancel (https://ai-lab.rice-business.org/test_student/stable-13ca0e47310505f4ab1ac59e891e9a3c5e5eec04/static/out/vs/code/browser/workbench/workbench.js:29:38311)
    at ufe.value (https://ai-lab.rice-business.org/test_student/stable-13ca0e47310505f4ab1ac59e891e9a3c5e5eec04/static/out/vs/code/browser/workbench/workbench.js:3665:28888)
    at L.C (https://ai-lab.rice-business.org/test_student/stable-13ca0e47310505f4ab1ac59e891e9a3c5e5eec04/static/out/vs/code/browser/workbench/workbench.js:29:2349)
    at L.fire (https://ai-lab.rice-business.org/test_student/stable-13ca0e47310505f4ab1ac59e891e9a3c5e5eec04/static/out/vs/code/browser/workbench/workbench.js:29:2568)
    at vfe.cancel (https://ai-lab.rice-business.org/test_student/stable-13ca0e47310505f4ab1ac59e891e9a3c5e5eec04/static/out/vs/code/browser/workbench/workbench.js:29:37897)
    at pt.cancel (https://ai-lab.rice-business.org/test_student/stable-13ca0e47310505f4ab1ac59e891e9a3c5e5eec04/static/out/vs/code/browser/workbench/workbench.js:29:38311)
    at https://ai-lab.rice-business.org/test_student/stable-13ca0e47310505f4ab1ac59e891e9a3c5e5eec04/static/out/vs/code/browser/workbench/workbench.js:3665:28678 @ https://ai-lab.rice-business.org/test_student/stable-13ca0e47310505f4ab1ac59e891e9a3c5e5eec04/static/out/vs/code/browser/workbench/workbench.js:37
[ 8685314ms] [LOG] %c INFO color: #33f [remote-connection][ExtensionHost][4aceb…][reconnect] A network error occurred while trying to reconnect, will try again... @ https://ai-lab.rice-business.org/test_student/stable-13ca0e47310505f4ab1ac59e891e9a3c5e5eec04/static/out/vs/code/browser/workbench/workbench.js:37
[ 8685314ms] [LOG] %c INFO color: #33f [remote-connection][ExtensionHost][4aceb…][reconnect] waiting for 30 seconds before reconnecting... @ https://ai-lab.rice-business.org/test_student/stable-13ca0e47310505f4ab1ac59e891e9a3c5e5eec04/static/out/vs/code/browser/workbench/workbench.js:37
[ 8685622ms] [ERROR] %c  ERR color: #f33 [remote-connection][Management   ][f6d89…][reconnect][WebSocket(ai-lab.rice-business.org:443)] the handshake timed out. Error: @ https://ai-lab.rice-business.org/test_student/stable-13ca0e47310505f4ab1ac59e891e9a3c5e5eec04/static/out/vs/code/browser/workbench/workbench.js:37
[ 8685622ms] [ERROR] %c  ERR color: #f33 Error: Time limit reached
    at T2e.i (https://ai-lab.rice-business.org/test_student/stable-13ca0e47310505f4ab1ac59e891e9a3c5e5eec04/static/out/vs/code/browser/workbench/workbench.js:3665:29310)
    at T2e.h (https://ai-lab.rice-business.org/test_student/stable-13ca0e47310505f4ab1ac59e891e9a3c5e5eec04/static/out/vs/code/browser/workbench/workbench.js:3665:29292)
    at ufe.value (https://ai-lab.rice-business.org/test_student/stable-13ca0e47310505f4ab1ac59e891e9a3c5e5eec04/static/out/vs/code/browser/workbench/workbench.js:3665:29147)
    at L.C (https://ai-lab.rice-business.org/test_student/stable-13ca0e47310505f4ab1ac59e891e9a3c5e5eec04/static/out/vs/code/browser/workbench/workbench.js:29:2349)
    at L.fire (https://ai-lab.rice-business.org/test_student/stable-13ca0e47310505f4ab1ac59e891e9a3c5e5eec04/static/out/vs/code/browser/workbench/workbench.js:29:2568)
    at vfe.cancel (https://ai-lab.rice-business.org/test_student/stable-13ca0e47310505f4ab1ac59e891e9a3c5e5eec04/static/out/vs/code/browser/workbench/workbench.js:29:37897)
    at pt.cancel (https://ai-lab.rice-business.org/test_student/stable-13ca0e47310505f4ab1ac59e891e9a3c5e5eec04/static/out/vs/code/browser/workbench/workbench.js:29:38311)
    at ufe.value (https://ai-lab.rice-business.org/test_student/stable-13ca0e47310505f4ab1ac59e891e9a3c5e5eec04/static/out/vs/code/browser/workbench/workbench.js:3665:28888)
    at L.C (https://ai-lab.rice-business.org/test_student/stable-13ca0e47310505f4ab1ac59e891e9a3c5e5eec04/static/out/vs/code/browser/workbench/workbench.js:29:2349)
    at L.fire (https://ai-lab.rice-business.org/test_student/stable-13ca0e47310505f4ab1ac59e891e9a3c5e5eec04/static/out/vs/code/browser/workbench/workbench.js:29:2568)
    at vfe.cancel (https://ai-lab.rice-business.org/test_student/stable-13ca0e47310505f4ab1ac59e891e9a3c5e5eec04/static/out/vs/code/browser/workbench/workbench.js:29:37897)
    at pt.cancel (https://ai-lab.rice-business.org/test_student/stable-13ca0e47310505f4ab1ac59e891e9a3c5e5eec04/static/out/vs/code/browser/workbench/workbench.js:29:38311)
    at https://ai-lab.rice-business.org/test_student/stable-13ca0e47310505f4ab1ac59e891e9a3c5e5eec04/static/out/vs/code/browser/workbench/workbench.js:3665:28678 @ https://ai-lab.rice-business.org/test_student/stable-13ca0e47310505f4ab1ac59e891e9a3c5e5eec04/static/out/vs/code/browser/workbench/workbench.js:37
[ 8685623ms] [LOG] %c INFO color: #33f [remote-connection][Management   ][f6d89…][reconnect] A network error occurred while trying to reconnect, will try again... @ https://ai-lab.rice-business.org/test_student/stable-13ca0e47310505f4ab1ac59e891e9a3c5e5eec04/static/out/vs/code/browser/workbench/workbench.js:37
[ 8685623ms] [LOG] %c INFO color: #33f [remote-connection][Management   ][f6d89…][reconnect] waiting for 30 seconds before reconnecting... @ https://ai-lab.rice-business.org/test_student/stable-13ca0e47310505f4ab1ac59e891e9a3c5e5eec04/static/out/vs/code/browser/workbench/workbench.js:37
[ 8715321ms] [LOG] %c INFO color: #33f [remote-connection][ExtensionHost][4aceb…][reconnect] resolving connection... @ https://ai-lab.rice-business.org/test_student/stable-13ca0e47310505f4ab1ac59e891e9a3c5e5eec04/static/out/vs/code/browser/workbench/workbench.js:37
[ 8715322ms] [LOG] %c INFO color: #33f [remote-connection][ExtensionHost][4aceb…][reconnect] connecting to WebSocket(ai-lab.rice-business.org:443)... @ https://ai-lab.rice-business.org/test_student/stable-13ca0e47310505f4ab1ac59e891e9a3c5e5eec04/static/out/vs/code/browser/workbench/workbench.js:37
[ 8715322ms] [LOG] %c INFO color: #33f Creating a socket (renderer-ExtensionHost-4aceb238-020c-4daf-966a-5c687671a08c)... @ https://ai-lab.rice-business.org/test_student/stable-13ca0e47310505f4ab1ac59e891e9a3c5e5eec04/static/out/vs/code/browser/workbench/workbench.js:37
[ 8715629ms] [LOG] %c INFO color: #33f [remote-connection][Management   ][f6d89…][reconnect] resolving connection... @ https://ai-lab.rice-business.org/test_student/stable-13ca0e47310505f4ab1ac59e891e9a3c5e5eec04/static/out/vs/code/browser/workbench/workbench.js:37
[ 8715630ms] [LOG] %c INFO color: #33f [remote-connection][Management   ][f6d89…][reconnect] connecting to WebSocket(ai-lab.rice-business.org:443)... @ https://ai-lab.rice-business.org/test_student/stable-13ca0e47310505f4ab1ac59e891e9a3c5e5eec04/static/out/vs/code/browser/workbench/workbench.js:37
[ 8715631ms] [LOG] %c INFO color: #33f Creating a socket (renderer-Management-f6d89eb6-b512-45c4-bb6b-0b768dcac8ec)... @ https://ai-lab.rice-business.org/test_student/stable-13ca0e47310505f4ab1ac59e891e9a3c5e5eec04/static/out/vs/code/browser/workbench/workbench.js:37
[ 8715753ms] [LOG] %c INFO color: #33f Creating a socket (renderer-ExtensionHost-4aceb238-020c-4daf-966a-5c687671a08c) was successful after 432 ms. @ https://ai-lab.rice-business.org/test_student/stable-13ca0e47310505f4ab1ac59e891e9a3c5e5eec04/static/out/vs/code/browser/workbench/workbench.js:37
[ 8716046ms] [LOG] %c INFO color: #33f Creating a socket (renderer-Management-f6d89eb6-b512-45c4-bb6b-0b768dcac8ec) was successful after 416 ms. @ https://ai-lab.rice-business.org/test_student/stable-13ca0e47310505f4ab1ac59e891e9a3c5e5eec04/static/out/vs/code/browser/workbench/workbench.js:37
[ 8725766ms] [ERROR] %c  ERR color: #f33 [remote-connection][ExtensionHost][4aceb…][reconnect][WebSocket(ai-lab.rice-business.org:443)] the handshake timed out. Error: @ https://ai-lab.rice-business.org/test_student/stable-13ca0e47310505f4ab1ac59e891e9a3c5e5eec04/static/out/vs/code/browser/workbench/workbench.js:37
[ 8725767ms] [ERROR] %c  ERR color: #f33 Error: Time limit reached
    at T2e.i (https://ai-lab.rice-business.org/test_student/stable-13ca0e47310505f4ab1ac59e891e9a3c5e5eec04/static/out/vs/code/browser/workbench/workbench.js:3665:29310)
    at T2e.h (https://ai-lab.rice-business.org/test_student/stable-13ca0e47310505f4ab1ac59e891e9a3c5e5eec04/static/out/vs/code/browser/workbench/workbench.js:3665:29292)
    at ufe.value (https://ai-lab.rice-business.org/test_student/stable-13ca0e47310505f4ab1ac59e891e9a3c5e5eec04/static/out/vs/code/browser/workbench/workbench.js:3665:29147)
    at L.C (https://ai-lab.rice-business.org/test_student/stable-13ca0e47310505f4ab1ac59e891e9a3c5e5eec04/static/out/vs/code/browser/workbench/workbench.js:29:2349)
    at L.fire (https://ai-lab.rice-business.org/test_student/stable-13ca0e47310505f4ab1ac59e891e9a3c5e5eec04/static/out/vs/code/browser/workbench/workbench.js:29:2568)
    at vfe.cancel (https://ai-lab.rice-business.org/test_student/stable-13ca0e47310505f4ab1ac59e891e9a3c5e5eec04/static/out/vs/code/browser/workbench/workbench.js:29:37897)
    at pt.cancel (https://ai-lab.rice-business.org/test_student/stable-13ca0e47310505f4ab1ac59e891e9a3c5e5eec04/static/out/vs/code/browser/workbench/workbench.js:29:38311)
    at ufe.value (https://ai-lab.rice-business.org/test_student/stable-13ca0e47310505f4ab1ac59e891e9a3c5e5eec04/static/out/vs/code/browser/workbench/workbench.js:3665:28888)
    at L.C (https://ai-lab.rice-business.org/test_student/stable-13ca0e47310505f4ab1ac59e891e9a3c5e5eec04/static/out/vs/code/browser/workbench/workbench.js:29:2349)
    at L.fire (https://ai-lab.rice-business.org/test_student/stable-13ca0e47310505f4ab1ac59e891e9a3c5e5eec04/static/out/vs/code/browser/workbench/workbench.js:29:2568)
    at vfe.cancel (https://ai-lab.rice-business.org/test_student/stable-13ca0e47310505f4ab1ac59e891e9a3c5e5eec04/static/out/vs/code/browser/workbench/workbench.js:29:37897)
    at pt.cancel (https://ai-lab.rice-business.org/test_student/stable-13ca0e47310505f4ab1ac59e891e9a3c5e5eec04/static/out/vs/code/browser/workbench/workbench.js:29:38311)
    at https://ai-lab.rice-business.org/test_student/stable-13ca0e47310505f4ab1ac59e891e9a3c5e5eec04/static/out/vs/code/browser/workbench/workbench.js:3665:28678 @ https://ai-lab.rice-business.org/test_student/stable-13ca0e47310505f4ab1ac59e891e9a3c5e5eec04/static/out/vs/code/browser/workbench/workbench.js:37
[ 8725767ms] [LOG] %c INFO color: #33f [remote-connection][ExtensionHost][4aceb…][reconnect] A network error occurred while trying to reconnect, will try again... @ https://ai-lab.rice-business.org/test_student/stable-13ca0e47310505f4ab1ac59e891e9a3c5e5eec04/static/out/vs/code/browser/workbench/workbench.js:37
[ 8725767ms] [LOG] %c INFO color: #33f [remote-connection][ExtensionHost][4aceb…][reconnect] waiting for 30 seconds before reconnecting... @ https://ai-lab.rice-business.org/test_student/stable-13ca0e47310505f4ab1ac59e891e9a3c5e5eec04/static/out/vs/code/browser/workbench/workbench.js:37
[ 8726054ms] [ERROR] %c  ERR color: #f33 [remote-connection][Management   ][f6d89…][reconnect][WebSocket(ai-lab.rice-business.org:443)] the handshake timed out. Error: @ https://ai-lab.rice-business.org/test_student/stable-13ca0e47310505f4ab1ac59e891e9a3c5e5eec04/static/out/vs/code/browser/workbench/workbench.js:37
[ 8726055ms] [ERROR] %c  ERR color: #f33 Error: Time limit reached
    at T2e.i (https://ai-lab.rice-business.org/test_student/stable-13ca0e47310505f4ab1ac59e891e9a3c5e5eec04/static/out/vs/code/browser/workbench/workbench.js:3665:29310)
    at T2e.h (https://ai-lab.rice-business.org/test_student/stable-13ca0e47310505f4ab1ac59e891e9a3c5e5eec04/static/out/vs/code/browser/workbench/workbench.js:3665:29292)
    at ufe.value (https://ai-lab.rice-business.org/test_student/stable-13ca0e47310505f4ab1ac59e891e9a3c5e5eec04/static/out/vs/code/browser/workbench/workbench.js:3665:29147)
    at L.C (https://ai-lab.rice-business.org/test_student/stable-13ca0e47310505f4ab1ac59e891e9a3c5e5eec04/static/out/vs/code/browser/workbench/workbench.js:29:2349)
    at L.fire (https://ai-lab.rice-business.org/test_student/stable-13ca0e47310505f4ab1ac59e891e9a3c5e5eec04/static/out/vs/code/browser/workbench/workbench.js:29:2568)
    at vfe.cancel (https://ai-lab.rice-business.org/test_student/stable-13ca0e47310505f4ab1ac59e891e9a3c5e5eec04/static/out/vs/code/browser/workbench/workbench.js:29:37897)
    at pt.cancel (https://ai-lab.rice-business.org/test_student/stable-13ca0e47310505f4ab1ac59e891e9a3c5e5eec04/static/out/vs/code/browser/workbench/workbench.js:29:38311)
    at ufe.value (https://ai-lab.rice-business.org/test_student/stable-13ca0e47310505f4ab1ac59e891e9a3c5e5eec04/static/out/vs/code/browser/workbench/workbench.js:3665:28888)
    at L.C (https://ai-lab.rice-business.org/test_student/stable-13ca0e47310505f4ab1ac59e891e9a3c5e5eec04/static/out/vs/code/browser/workbench/workbench.js:29:2349)
    at L.fire (https://ai-lab.rice-business.org/test_student/stable-13ca0e47310505f4ab1ac59e891e9a3c5e5eec04/static/out/vs/code/browser/workbench/workbench.js:29:2568)
    at vfe.cancel (https://ai-lab.rice-business.org/test_student/stable-13ca0e47310505f4ab1ac59e891e9a3c5e5eec04/static/out/vs/code/browser/workbench/workbench.js:29:37897)
    at pt.cancel (https://ai-lab.rice-business.org/test_student/stable-13ca0e47310505f4ab1ac59e891e9a3c5e5eec04/static/out/vs/code/browser/workbench/workbench.js:29:38311)
    at https://ai-lab.rice-business.org/test_student/stable-13ca0e47310505f4ab1ac59e891e9a3c5e5eec04/static/out/vs/code/browser/workbench/workbench.js:3665:28678 @ https://ai-lab.rice-business.org/test_student/stable-13ca0e47310505f4ab1ac59e891e9a3c5e5eec04/static/out/vs/code/browser/workbench/workbench.js:37
[ 8726056ms] [LOG] %c INFO color: #33f [remote-connection][Management   ][f6d89…][reconnect] A network error occurred while trying to reconnect, will try again... @ https://ai-lab.rice-business.org/test_student/stable-13ca0e47310505f4ab1ac59e891e9a3c5e5eec04/static/out/vs/code/browser/workbench/workbench.js:37
[ 8726056ms] [LOG] %c INFO color: #33f [remote-connection][Management   ][f6d89…][reconnect] waiting for 30 seconds before reconnecting... @ https://ai-lab.rice-business.org/test_student/stable-13ca0e47310505f4ab1ac59e891e9a3c5e5eec04/static/out/vs/code/browser/workbench/workbench.js:37
[ 8755779ms] [LOG] %c INFO color: #33f [remote-connection][ExtensionHost][4aceb…][reconnect] resolving connection... @ https://ai-lab.rice-business.org/test_student/stable-13ca0e47310505f4ab1ac59e891e9a3c5e5eec04/static/out/vs/code/browser/workbench/workbench.js:37
[ 8755780ms] [LOG] %c INFO color: #33f [remote-connection][ExtensionHost][4aceb…][reconnect] connecting to WebSocket(ai-lab.rice-business.org:443)... @ https://ai-lab.rice-business.org/test_student/stable-13ca0e47310505f4ab1ac59e891e9a3c5e5eec04/static/out/vs/code/browser/workbench/workbench.js:37
[ 8755780ms] [LOG] %c INFO color: #33f Creating a socket (renderer-ExtensionHost-4aceb238-020c-4daf-966a-5c687671a08c)... @ https://ai-lab.rice-business.org/test_student/stable-13ca0e47310505f4ab1ac59e891e9a3c5e5eec04/static/out/vs/code/browser/workbench/workbench.js:37
[ 8756068ms] [LOG] %c INFO color: #33f [remote-connection][Management   ][f6d89…][reconnect] resolving connection... @ https://ai-lab.rice-business.org/test_student/stable-13ca0e47310505f4ab1ac59e891e9a3c5e5eec04/static/out/vs/code/browser/workbench/workbench.js:37
[ 8756069ms] [LOG] %c INFO color: #33f [remote-connection][Management   ][f6d89…][reconnect] connecting to WebSocket(ai-lab.rice-business.org:443)... @ https://ai-lab.rice-business.org/test_student/stable-13ca0e47310505f4ab1ac59e891e9a3c5e5eec04/static/out/vs/code/browser/workbench/workbench.js:37
[ 8756069ms] [LOG] %c INFO color: #33f Creating a socket (renderer-Management-f6d89eb6-b512-45c4-bb6b-0b768dcac8ec)... @ https://ai-lab.rice-business.org/test_student/stable-13ca0e47310505f4ab1ac59e891e9a3c5e5eec04/static/out/vs/code/browser/workbench/workbench.js:37
[ 8756385ms] [LOG] %c INFO color: #33f Creating a socket (renderer-ExtensionHost-4aceb238-020c-4daf-966a-5c687671a08c) was successful after 606 ms. @ https://ai-lab.rice-business.org/test_student/stable-13ca0e47310505f4ab1ac59e891e9a3c5e5eec04/static/out/vs/code/browser/workbench/workbench.js:37
[ 8756666ms] [LOG] %c INFO color: #33f Creating a socket (renderer-Management-f6d89eb6-b512-45c4-bb6b-0b768dcac8ec) was successful after 596 ms. @ https://ai-lab.rice-business.org/test_student/stable-13ca0e47310505f4ab1ac59e891e9a3c5e5eec04/static/out/vs/code/browser/workbench/workbench.js:37
[ 8766387ms] [ERROR] %c  ERR color: #f33 [remote-connection][ExtensionHost][4aceb…][reconnect][WebSocket(ai-lab.rice-business.org:443)] the handshake timed out. Error: @ https://ai-lab.rice-business.org/test_student/stable-13ca0e47310505f4ab1ac59e891e9a3c5e5eec04/static/out/vs/code/browser/workbench/workbench.js:37
[ 8766387ms] [ERROR] %c  ERR color: #f33 Error: Time limit reached
    at T2e.i (https://ai-lab.rice-business.org/test_student/stable-13ca0e47310505f4ab1ac59e891e9a3c5e5eec04/static/out/vs/code/browser/workbench/workbench.js:3665:29310)
    at T2e.h (https://ai-lab.rice-business.org/test_student/stable-13ca0e47310505f4ab1ac59e891e9a3c5e5eec04/static/out/vs/code/browser/workbench/workbench.js:3665:29292)
    at ufe.value (https://ai-lab.rice-business.org/test_student/stable-13ca0e47310505f4ab1ac59e891e9a3c5e5eec04/static/out/vs/code/browser/workbench/workbench.js:3665:29147)
    at L.C (https://ai-lab.rice-business.org/test_student/stable-13ca0e47310505f4ab1ac59e891e9a3c5e5eec04/static/out/vs/code/browser/workbench/workbench.js:29:2349)
    at L.fire (https://ai-lab.rice-business.org/test_student/stable-13ca0e47310505f4ab1ac59e891e9a3c5e5eec04/static/out/vs/code/browser/workbench/workbench.js:29:2568)
    at vfe.cancel (https://ai-lab.rice-business.org/test_student/stable-13ca0e47310505f4ab1ac59e891e9a3c5e5eec04/static/out/vs/code/browser/workbench/workbench.js:29:37897)
    at pt.cancel (https://ai-lab.rice-business.org/test_student/stable-13ca0e47310505f4ab1ac59e891e9a3c5e5eec04/static/out/vs/code/browser/workbench/workbench.js:29:38311)
    at ufe.value (https://ai-lab.rice-business.org/test_student/stable-13ca0e47310505f4ab1ac59e891e9a3c5e5eec04/static/out/vs/code/browser/workbench/workbench.js:3665:28888)
    at L.C (https://ai-lab.rice-business.org/test_student/stable-13ca0e47310505f4ab1ac59e891e9a3c5e5eec04/static/out/vs/code/browser/workbench/workbench.js:29:2349)
    at L.fire (https://ai-lab.rice-business.org/test_student/stable-13ca0e47310505f4ab1ac59e891e9a3c5e5eec04/static/out/vs/code/browser/workbench/workbench.js:29:2568)
    at vfe.cancel (https://ai-lab.rice-business.org/test_student/stable-13ca0e47310505f4ab1ac59e891e9a3c5e5eec04/static/out/vs/code/browser/workbench/workbench.js:29:37897)
    at pt.cancel (https://ai-lab.rice-business.org/test_student/stable-13ca0e47310505f4ab1ac59e891e9a3c5e5eec04/static/out/vs/code/browser/workbench/workbench.js:29:38311)
    at https://ai-lab.rice-business.org/test_student/stable-13ca0e47310505f4ab1ac59e891e9a3c5e5eec04/static/out/vs/code/browser/workbench/workbench.js:3665:28678 @ https://ai-lab.rice-business.org/test_student/stable-13ca0e47310505f4ab1ac59e891e9a3c5e5eec04/static/out/vs/code/browser/workbench/workbench.js:37
[ 8766387ms] [LOG] %c INFO color: #33f [remote-connection][ExtensionHost][4aceb…][reconnect] A network error occurred while trying to reconnect, will try again... @ https://ai-lab.rice-business.org/test_student/stable-13ca0e47310505f4ab1ac59e891e9a3c5e5eec04/static/out/vs/code/browser/workbench/workbench.js:37
[ 8766387ms] [LOG] %c INFO color: #33f [remote-connection][ExtensionHost][4aceb…][reconnect] waiting for 30 seconds before reconnecting... @ https://ai-lab.rice-business.org/test_student/stable-13ca0e47310505f4ab1ac59e891e9a3c5e5eec04/static/out/vs/code/browser/workbench/workbench.js:37
[ 8766673ms] [ERROR] %c  ERR color: #f33 [remote-connection][Management   ][f6d89…][reconnect][WebSocket(ai-lab.rice-business.org:443)] the handshake timed out. Error: @ https://ai-lab.rice-business.org/test_student/stable-13ca0e47310505f4ab1ac59e891e9a3c5e5eec04/static/out/vs/code/browser/workbench/workbench.js:37
[ 8766673ms] [ERROR] %c  ERR color: #f33 Error: Time limit reached
    at T2e.i (https://ai-lab.rice-business.org/test_student/stable-13ca0e47310505f4ab1ac59e891e9a3c5e5eec04/static/out/vs/code/browser/workbench/workbench.js:3665:29310)
    at T2e.h (https://ai-lab.rice-business.org/test_student/stable-13ca0e47310505f4ab1ac59e891e9a3c5e5eec04/static/out/vs/code/browser/workbench/workbench.js:3665:29292)
    at ufe.value (https://ai-lab.rice-business.org/test_student/stable-13ca0e47310505f4ab1ac59e891e9a3c5e5eec04/static/out/vs/code/browser/workbench/workbench.js:3665:29147)
    at L.C (https://ai-lab.rice-business.org/test_student/stable-13ca0e47310505f4ab1ac59e891e9a3c5e5eec04/static/out/vs/code/browser/workbench/workbench.js:29:2349)
    at L.fire (https://ai-lab.rice-business.org/test_student/stable-13ca0e47310505f4ab1ac59e891e9a3c5e5eec04/static/out/vs/code/browser/workbench/workbench.js:29:2568)
    at vfe.cancel (https://ai-lab.rice-business.org/test_student/stable-13ca0e47310505f4ab1ac59e891e9a3c5e5eec04/static/out/vs/code/browser/workbench/workbench.js:29:37897)
    at pt.cancel (https://ai-lab.rice-business.org/test_student/stable-13ca0e47310505f4ab1ac59e891e9a3c5e5eec04/static/out/vs/code/browser/workbench/workbench.js:29:38311)
    at ufe.value (https://ai-lab.rice-business.org/test_student/stable-13ca0e47310505f4ab1ac59e891e9a3c5e5eec04/static/out/vs/code/browser/workbench/workbench.js:3665:28888)
    at L.C (https://ai-lab.rice-business.org/test_student/stable-13ca0e47310505f4ab1ac59e891e9a3c5e5eec04/static/out/vs/code/browser/workbench/workbench.js:29:2349)
    at L.fire (https://ai-lab.rice-business.org/test_student/stable-13ca0e47310505f4ab1ac59e891e9a3c5e5eec04/static/out/vs/code/browser/workbench/workbench.js:29:2568)
    at vfe.cancel (https://ai-lab.rice-business.org/test_student/stable-13ca0e47310505f4ab1ac59e891e9a3c5e5eec04/static/out/vs/code/browser/workbench/workbench.js:29:37897)
    at pt.cancel (https://ai-lab.rice-business.org/test_student/stable-13ca0e47310505f4ab1ac59e891e9a3c5e5eec04/static/out/vs/code/browser/workbench/workbench.js:29:38311)
    at https://ai-lab.rice-business.org/test_student/stable-13ca0e47310505f4ab1ac59e891e9a3c5e5eec04/static/out/vs/code/browser/workbench/workbench.js:3665:28678 @ https://ai-lab.rice-business.org/test_student/stable-13ca0e47310505f4ab1ac59e891e9a3c5e5eec04/static/out/vs/code/browser/workbench/workbench.js:37
[ 8766673ms] [LOG] %c INFO color: #33f [remote-connection][Management   ][f6d89…][reconnect] A network error occurred while trying to reconnect, will try again... @ https://ai-lab.rice-business.org/test_student/stable-13ca0e47310505f4ab1ac59e891e9a3c5e5eec04/static/out/vs/code/browser/workbench/workbench.js:37
[ 8766673ms] [LOG] %c INFO color: #33f [remote-connection][Management   ][f6d89…][reconnect] waiting for 30 seconds before reconnecting... @ https://ai-lab.rice-business.org/test_student/stable-13ca0e47310505f4ab1ac59e891e9a3c5e5eec04/static/out/vs/code/browser/workbench/workbench.js:37
[ 8796389ms] [LOG] %c INFO color: #33f [remote-connection][ExtensionHost][4aceb…][reconnect] resolving connection... @ https://ai-lab.rice-business.org/test_student/stable-13ca0e47310505f4ab1ac59e891e9a3c5e5eec04/static/out/vs/code/browser/workbench/workbench.js:37
[ 8796389ms] [LOG] %c INFO color: #33f [remote-connection][ExtensionHost][4aceb…][reconnect] connecting to WebSocket(ai-lab.rice-business.org:443)... @ https://ai-lab.rice-business.org/test_student/stable-13ca0e47310505f4ab1ac59e891e9a3c5e5eec04/static/out/vs/code/browser/workbench/workbench.js:37
[ 8796389ms] [LOG] %c INFO color: #33f Creating a socket (renderer-ExtensionHost-4aceb238-020c-4daf-966a-5c687671a08c)... @ https://ai-lab.rice-business.org/test_student/stable-13ca0e47310505f4ab1ac59e891e9a3c5e5eec04/static/out/vs/code/browser/workbench/workbench.js:37
[ 8796652ms] [LOG] %c INFO color: #33f Creating a socket (renderer-ExtensionHost-4aceb238-020c-4daf-966a-5c687671a08c) was successful after 262 ms. @ https://ai-lab.rice-business.org/test_student/stable-13ca0e47310505f4ab1ac59e891e9a3c5e5eec04/static/out/vs/code/browser/workbench/workbench.js:37
[ 8796676ms] [LOG] %c INFO color: #33f [remote-connection][Management   ][f6d89…][reconnect] resolving connection... @ https://ai-lab.rice-business.org/test_student/stable-13ca0e47310505f4ab1ac59e891e9a3c5e5eec04/static/out/vs/code/browser/workbench/workbench.js:37
[ 8796677ms] [LOG] %c INFO color: #33f [remote-connection][Management   ][f6d89…][reconnect] connecting to WebSocket(ai-lab.rice-business.org:443)... @ https://ai-lab.rice-business.org/test_student/stable-13ca0e47310505f4ab1ac59e891e9a3c5e5eec04/static/out/vs/code/browser/workbench/workbench.js:37
[ 8796677ms] [LOG] %c INFO color: #33f Creating a socket (renderer-Management-f6d89eb6-b512-45c4-bb6b-0b768dcac8ec)... @ https://ai-lab.rice-business.org/test_student/stable-13ca0e47310505f4ab1ac59e891e9a3c5e5eec04/static/out/vs/code/browser/workbench/workbench.js:37
[ 8796879ms] [LOG] %c INFO color: #33f Creating a socket (renderer-Management-f6d89eb6-b512-45c4-bb6b-0b768dcac8ec) was successful after 201 ms. @ https://ai-lab.rice-business.org/test_student/stable-13ca0e47310505f4ab1ac59e891e9a3c5e5eec04/static/out/vs/code/browser/workbench/workbench.js:37
[ 8806658ms] [ERROR] %c  ERR color: #f33 [remote-connection][ExtensionHost][4aceb…][reconnect][WebSocket(ai-lab.rice-business.org:443)] the handshake timed out. Error: @ https://ai-lab.rice-business.org/test_student/stable-13ca0e47310505f4ab1ac59e891e9a3c5e5eec04/static/out/vs/code/browser/workbench/workbench.js:37
[ 8806658ms] [ERROR] %c  ERR color: #f33 Error: Time limit reached
    at T2e.i (https://ai-lab.rice-business.org/test_student/stable-13ca0e47310505f4ab1ac59e891e9a3c5e5eec04/static/out/vs/code/browser/workbench/workbench.js:3665:29310)
    at T2e.h (https://ai-lab.rice-business.org/test_student/stable-13ca0e47310505f4ab1ac59e891e9a3c5e5eec04/static/out/vs/code/browser/workbench/workbench.js:3665:29292)
    at ufe.value (https://ai-lab.rice-business.org/test_student/stable-13ca0e47310505f4ab1ac59e891e9a3c5e5eec04/static/out/vs/code/browser/workbench/workbench.js:3665:29147)
    at L.C (https://ai-lab.rice-business.org/test_student/stable-13ca0e47310505f4ab1ac59e891e9a3c5e5eec04/static/out/vs/code/browser/workbench/workbench.js:29:2349)
    at L.fire (https://ai-lab.rice-business.org/test_student/stable-13ca0e47310505f4ab1ac59e891e9a3c5e5eec04/static/out/vs/code/browser/workbench/workbench.js:29:2568)
    at vfe.cancel (https://ai-lab.rice-business.org/test_student/stable-13ca0e47310505f4ab1ac59e891e9a3c5e5eec04/static/out/vs/code/browser/workbench/workbench.js:29:37897)
    at pt.cancel (https://ai-lab.rice-business.org/test_student/stable-13ca0e47310505f4ab1ac59e891e9a3c5e5eec04/static/out/vs/code/browser/workbench/workbench.js:29:38311)
    at ufe.value (https://ai-lab.rice-business.org/test_student/stable-13ca0e47310505f4ab1ac59e891e9a3c5e5eec04/static/out/vs/code/browser/workbench/workbench.js:3665:28888)
    at L.C (https://ai-lab.rice-business.org/test_student/stable-13ca0e47310505f4ab1ac59e891e9a3c5e5eec04/static/out/vs/code/browser/workbench/workbench.js:29:2349)
    at L.fire (https://ai-lab.rice-business.org/test_student/stable-13ca0e47310505f4ab1ac59e891e9a3c5e5eec04/static/out/vs/code/browser/workbench/workbench.js:29:2568)
    at vfe.cancel (https://ai-lab.rice-business.org/test_student/stable-13ca0e47310505f4ab1ac59e891e9a3c5e5eec04/static/out/vs/code/browser/workbench/workbench.js:29:37897)
    at pt.cancel (https://ai-lab.rice-business.org/test_student/stable-13ca0e47310505f4ab1ac59e891e9a3c5e5eec04/static/out/vs/code/browser/workbench/workbench.js:29:38311)
    at https://ai-lab.rice-business.org/test_student/stable-13ca0e47310505f4ab1ac59e891e9a3c5e5eec04/static/out/vs/code/browser/workbench/workbench.js:3665:28678 @ https://ai-lab.rice-business.org/test_student/stable-13ca0e47310505f4ab1ac59e891e9a3c5e5eec04/static/out/vs/code/browser/workbench/workbench.js:37
[ 8806659ms] [LOG] %c INFO color: #33f [remote-connection][ExtensionHost][4aceb…][reconnect] A network error occurred while trying to reconnect, will try again... @ https://ai-lab.rice-business.org/test_student/stable-13ca0e47310505f4ab1ac59e891e9a3c5e5eec04/static/out/vs/code/browser/workbench/workbench.js:37
[ 8806659ms] [LOG] %c INFO color: #33f [remote-connection][ExtensionHost][4aceb…][reconnect] waiting for 30 seconds before reconnecting... @ https://ai-lab.rice-business.org/test_student/stable-13ca0e47310505f4ab1ac59e891e9a3c5e5eec04/static/out/vs/code/browser/workbench/workbench.js:37
[ 8806887ms] [ERROR] %c  ERR color: #f33 [remote-connection][Management   ][f6d89…][reconnect][WebSocket(ai-lab.rice-business.org:443)] the handshake timed out. Error: @ https://ai-lab.rice-business.org/test_student/stable-13ca0e47310505f4ab1ac59e891e9a3c5e5eec04/static/out/vs/code/browser/workbench/workbench.js:37
[ 8806887ms] [ERROR] %c  ERR color: #f33 Error: Time limit reached
    at T2e.i (https://ai-lab.rice-business.org/test_student/stable-13ca0e47310505f4ab1ac59e891e9a3c5e5eec04/static/out/vs/code/browser/workbench/workbench.js:3665:29310)
    at T2e.h (https://ai-lab.rice-business.org/test_student/stable-13ca0e47310505f4ab1ac59e891e9a3c5e5eec04/static/out/vs/code/browser/workbench/workbench.js:3665:29292)
    at ufe.value (https://ai-lab.rice-business.org/test_student/stable-13ca0e47310505f4ab1ac59e891e9a3c5e5eec04/static/out/vs/code/browser/workbench/workbench.js:3665:29147)
    at L.C (https://ai-lab.rice-business.org/test_student/stable-13ca0e47310505f4ab1ac59e891e9a3c5e5eec04/static/out/vs/code/browser/workbench/workbench.js:29:2349)
    at L.fire (https://ai-lab.rice-business.org/test_student/stable-13ca0e47310505f4ab1ac59e891e9a3c5e5eec04/static/out/vs/code/browser/workbench/workbench.js:29:2568)
    at vfe.cancel (https://ai-lab.rice-business.org/test_student/stable-13ca0e47310505f4ab1ac59e891e9a3c5e5eec04/static/out/vs/code/browser/workbench/workbench.js:29:37897)
    at pt.cancel (https://ai-lab.rice-business.org/test_student/stable-13ca0e47310505f4ab1ac59e891e9a3c5e5eec04/static/out/vs/code/browser/workbench/workbench.js:29:38311)
    at ufe.value (https://ai-lab.rice-business.org/test_student/stable-13ca0e47310505f4ab1ac59e891e9a3c5e5eec04/static/out/vs/code/browser/workbench/workbench.js:3665:28888)
    at L.C (https://ai-lab.rice-business.org/test_student/stable-13ca0e47310505f4ab1ac59e891e9a3c5e5eec04/static/out/vs/code/browser/workbench/workbench.js:29:2349)
    at L.fire (https://ai-lab.rice-business.org/test_student/stable-13ca0e47310505f4ab1ac59e891e9a3c5e5eec04/static/out/vs/code/browser/workbench/workbench.js:29:2568)
    at vfe.cancel (https://ai-lab.rice-business.org/test_student/stable-13ca0e47310505f4ab1ac59e891e9a3c5e5eec04/static/out/vs/code/browser/workbench/workbench.js:29:37897)
    at pt.cancel (https://ai-lab.rice-business.org/test_student/stable-13ca0e47310505f4ab1ac59e891e9a3c5e5eec04/static/out/vs/code/browser/workbench/workbench.js:29:38311)
    at https://ai-lab.rice-business.org/test_student/stable-13ca0e47310505f4ab1ac59e891e9a3c5e5eec04/static/out/vs/code/browser/workbench/workbench.js:3665:28678 @ https://ai-lab.rice-business.org/test_student/stable-13ca0e47310505f4ab1ac59e891e9a3c5e5eec04/static/out/vs/code/browser/workbench/workbench.js:37
[ 8806888ms] [LOG] %c INFO color: #33f [remote-connection][Management   ][f6d89…][reconnect] A network error occurred while trying to reconnect, will try again... @ https://ai-lab.rice-business.org/test_student/stable-13ca0e47310505f4ab1ac59e891e9a3c5e5eec04/static/out/vs/code/browser/workbench/workbench.js:37
[ 8806888ms] [LOG] %c INFO color: #33f [remote-connection][Management   ][f6d89…][reconnect] waiting for 30 seconds before reconnecting... @ https://ai-lab.rice-business.org/test_student/stable-13ca0e47310505f4ab1ac59e891e9a3c5e5eec04/static/out/vs/code/browser/workbench/workbench.js:37
[ 8836669ms] [LOG] %c INFO color: #33f [remote-connection][ExtensionHost][4aceb…][reconnect] resolving connection... @ https://ai-lab.rice-business.org/test_student/stable-13ca0e47310505f4ab1ac59e891e9a3c5e5eec04/static/out/vs/code/browser/workbench/workbench.js:37
[ 8836669ms] [LOG] %c INFO color: #33f [remote-connection][ExtensionHost][4aceb…][reconnect] connecting to WebSocket(ai-lab.rice-business.org:443)... @ https://ai-lab.rice-business.org/test_student/stable-13ca0e47310505f4ab1ac59e891e9a3c5e5eec04/static/out/vs/code/browser/workbench/workbench.js:37
[ 8836669ms] [LOG] %c INFO color: #33f Creating a socket (renderer-ExtensionHost-4aceb238-020c-4daf-966a-5c687671a08c)... @ https://ai-lab.rice-business.org/test_student/stable-13ca0e47310505f4ab1ac59e891e9a3c5e5eec04/static/out/vs/code/browser/workbench/workbench.js:37
[ 8836903ms] [LOG] %c INFO color: #33f [remote-connection][Management   ][f6d89…][reconnect] resolving connection... @ https://ai-lab.rice-business.org/test_student/stable-13ca0e47310505f4ab1ac59e891e9a3c5e5eec04/static/out/vs/code/browser/workbench/workbench.js:37
[ 8836904ms] [LOG] %c INFO color: #33f [remote-connection][Management   ][f6d89…][reconnect] connecting to WebSocket(ai-lab.rice-business.org:443)... @ https://ai-lab.rice-business.org/test_student/stable-13ca0e47310505f4ab1ac59e891e9a3c5e5eec04/static/out/vs/code/browser/workbench/workbench.js:37
[ 8836904ms] [LOG] %c INFO color: #33f Creating a socket (renderer-Management-f6d89eb6-b512-45c4-bb6b-0b768dcac8ec)... @ https://ai-lab.rice-business.org/test_student/stable-13ca0e47310505f4ab1ac59e891e9a3c5e5eec04/static/out/vs/code/browser/workbench/workbench.js:37
[ 8836926ms] [LOG] %c INFO color: #33f Creating a socket (renderer-ExtensionHost-4aceb238-020c-4daf-966a-5c687671a08c) was successful after 256 ms. @ https://ai-lab.rice-business.org/test_student/stable-13ca0e47310505f4ab1ac59e891e9a3c5e5eec04/static/out/vs/code/browser/workbench/workbench.js:37
[ 8837136ms] [LOG] %c INFO color: #33f Creating a socket (renderer-Management-f6d89eb6-b512-45c4-bb6b-0b768dcac8ec) was successful after 232 ms. @ https://ai-lab.rice-business.org/test_student/stable-13ca0e47310505f4ab1ac59e891e9a3c5e5eec04/static/out/vs/code/browser/workbench/workbench.js:37
[ 8846937ms] [ERROR] %c  ERR color: #f33 [remote-connection][ExtensionHost][4aceb…][reconnect][WebSocket(ai-lab.rice-business.org:443)] the handshake timed out. Error: @ https://ai-lab.rice-business.org/test_student/stable-13ca0e47310505f4ab1ac59e891e9a3c5e5eec04/static/out/vs/code/browser/workbench/workbench.js:37
[ 8846937ms] [ERROR] %c  ERR color: #f33 Error: Time limit reached
    at T2e.i (https://ai-lab.rice-business.org/test_student/stable-13ca0e47310505f4ab1ac59e891e9a3c5e5eec04/static/out/vs/code/browser/workbench/workbench.js:3665:29310)
    at T2e.h (https://ai-lab.rice-business.org/test_student/stable-13ca0e47310505f4ab1ac59e891e9a3c5e5eec04/static/out/vs/code/browser/workbench/workbench.js:3665:29292)
    at ufe.value (https://ai-lab.rice-business.org/test_student/stable-13ca0e47310505f4ab1ac59e891e9a3c5e5eec04/static/out/vs/code/browser/workbench/workbench.js:3665:29147)
    at L.C (https://ai-lab.rice-business.org/test_student/stable-13ca0e47310505f4ab1ac59e891e9a3c5e5eec04/static/out/vs/code/browser/workbench/workbench.js:29:2349)
    at L.fire (https://ai-lab.rice-business.org/test_student/stable-13ca0e47310505f4ab1ac59e891e9a3c5e5eec04/static/out/vs/code/browser/workbench/workbench.js:29:2568)
    at vfe.cancel (https://ai-lab.rice-business.org/test_student/stable-13ca0e47310505f4ab1ac59e891e9a3c5e5eec04/static/out/vs/code/browser/workbench/workbench.js:29:37897)
    at pt.cancel (https://ai-lab.rice-business.org/test_student/stable-13ca0e47310505f4ab1ac59e891e9a3c5e5eec04/static/out/vs/code/browser/workbench/workbench.js:29:38311)
    at ufe.value (https://ai-lab.rice-business.org/test_student/stable-13ca0e47310505f4ab1ac59e891e9a3c5e5eec04/static/out/vs/code/browser/workbench/workbench.js:3665:28888)
    at L.C (https://ai-lab.rice-business.org/test_student/stable-13ca0e47310505f4ab1ac59e891e9a3c5e5eec04/static/out/vs/code/browser/workbench/workbench.js:29:2349)
    at L.fire (https://ai-lab.rice-business.org/test_student/stable-13ca0e47310505f4ab1ac59e891e9a3c5e5eec04/static/out/vs/code/browser/workbench/workbench.js:29:2568)
    at vfe.cancel (https://ai-lab.rice-business.org/test_student/stable-13ca0e47310505f4ab1ac59e891e9a3c5e5eec04/static/out/vs/code/browser/workbench/workbench.js:29:37897)
    at pt.cancel (https://ai-lab.rice-business.org/test_student/stable-13ca0e47310505f4ab1ac59e891e9a3c5e5eec04/static/out/vs/code/browser/workbench/workbench.js:29:38311)
    at https://ai-lab.rice-business.org/test_student/stable-13ca0e47310505f4ab1ac59e891e9a3c5e5eec04/static/out/vs/code/browser/workbench/workbench.js:3665:28678 @ https://ai-lab.rice-business.org/test_student/stable-13ca0e47310505f4ab1ac59e891e9a3c5e5eec04/static/out/vs/code/browser/workbench/workbench.js:37
[ 8846938ms] [LOG] %c INFO color: #33f [remote-connection][ExtensionHost][4aceb…][reconnect] A network error occurred while trying to reconnect, will try again... @ https://ai-lab.rice-business.org/test_student/stable-13ca0e47310505f4ab1ac59e891e9a3c5e5eec04/static/out/vs/code/browser/workbench/workbench.js:37
[ 8846938ms] [LOG] %c INFO color: #33f [remote-connection][ExtensionHost][4aceb…][reconnect] waiting for 30 seconds before reconnecting... @ https://ai-lab.rice-business.org/test_student/stable-13ca0e47310505f4ab1ac59e891e9a3c5e5eec04/static/out/vs/code/browser/workbench/workbench.js:37
[ 8847144ms] [ERROR] %c  ERR color: #f33 [remote-connection][Management   ][f6d89…][reconnect][WebSocket(ai-lab.rice-business.org:443)] the handshake timed out. Error: @ https://ai-lab.rice-business.org/test_student/stable-13ca0e47310505f4ab1ac59e891e9a3c5e5eec04/static/out/vs/code/browser/workbench/workbench.js:37
[ 8847144ms] [ERROR] %c  ERR color: #f33 Error: Time limit reached
    at T2e.i (https://ai-lab.rice-business.org/test_student/stable-13ca0e47310505f4ab1ac59e891e9a3c5e5eec04/static/out/vs/code/browser/workbench/workbench.js:3665:29310)
    at T2e.h (https://ai-lab.rice-business.org/test_student/stable-13ca0e47310505f4ab1ac59e891e9a3c5e5eec04/static/out/vs/code/browser/workbench/workbench.js:3665:29292)
    at ufe.value (https://ai-lab.rice-business.org/test_student/stable-13ca0e47310505f4ab1ac59e891e9a3c5e5eec04/static/out/vs/code/browser/workbench/workbench.js:3665:29147)
    at L.C (https://ai-lab.rice-business.org/test_student/stable-13ca0e47310505f4ab1ac59e891e9a3c5e5eec04/static/out/vs/code/browser/workbench/workbench.js:29:2349)
    at L.fire (https://ai-lab.rice-business.org/test_student/stable-13ca0e47310505f4ab1ac59e891e9a3c5e5eec04/static/out/vs/code/browser/workbench/workbench.js:29:2568)
    at vfe.cancel (https://ai-lab.rice-business.org/test_student/stable-13ca0e47310505f4ab1ac59e891e9a3c5e5eec04/static/out/vs/code/browser/workbench/workbench.js:29:37897)
    at pt.cancel (https://ai-lab.rice-business.org/test_student/stable-13ca0e47310505f4ab1ac59e891e9a3c5e5eec04/static/out/vs/code/browser/workbench/workbench.js:29:38311)
    at ufe.value (https://ai-lab.rice-business.org/test_student/stable-13ca0e47310505f4ab1ac59e891e9a3c5e5eec04/static/out/vs/code/browser/workbench/workbench.js:3665:28888)
    at L.C (https://ai-lab.rice-business.org/test_student/stable-13ca0e47310505f4ab1ac59e891e9a3c5e5eec04/static/out/vs/code/browser/workbench/workbench.js:29:2349)
    at L.fire (https://ai-lab.rice-business.org/test_student/stable-13ca0e47310505f4ab1ac59e891e9a3c5e5eec04/static/out/vs/code/browser/workbench/workbench.js:29:2568)
    at vfe.cancel (https://ai-lab.rice-business.org/test_student/stable-13ca0e47310505f4ab1ac59e891e9a3c5e5eec04/static/out/vs/code/browser/workbench/workbench.js:29:37897)
    at pt.cancel (https://ai-lab.rice-business.org/test_student/stable-13ca0e47310505f4ab1ac59e891e9a3c5e5eec04/static/out/vs/code/browser/workbench/workbench.js:29:38311)
    at https://ai-lab.rice-business.org/test_student/stable-13ca0e47310505f4ab1ac59e891e9a3c5e5eec04/static/out/vs/code/browser/workbench/workbench.js:3665:28678 @ https://ai-lab.rice-business.org/test_student/stable-13ca0e47310505f4ab1ac59e891e9a3c5e5eec04/static/out/vs/code/browser/workbench/workbench.js:37
[ 8847144ms] [LOG] %c INFO color: #33f [remote-connection][Management   ][f6d89…][reconnect] A network error occurred while trying to reconnect, will try again... @ https://ai-lab.rice-business.org/test_student/stable-13ca0e47310505f4ab1ac59e891e9a3c5e5eec04/static/out/vs/code/browser/workbench/workbench.js:37
[ 8847145ms] [LOG] %c INFO color: #33f [remote-connection][Management   ][f6d89…][reconnect] waiting for 30 seconds before reconnecting... @ https://ai-lab.rice-business.org/test_student/stable-13ca0e47310505f4ab1ac59e891e9a3c5e5eec04/static/out/vs/code/browser/workbench/workbench.js:37
[ 8876938ms] [LOG] %c INFO color: #33f [remote-connection][ExtensionHost][4aceb…][reconnect] resolving connection... @ https://ai-lab.rice-business.org/test_student/stable-13ca0e47310505f4ab1ac59e891e9a3c5e5eec04/static/out/vs/code/browser/workbench/workbench.js:37
[ 8876938ms] [LOG] %c INFO color: #33f [remote-connection][ExtensionHost][4aceb…][reconnect] connecting to WebSocket(ai-lab.rice-business.org:443)... @ https://ai-lab.rice-business.org/test_student/stable-13ca0e47310505f4ab1ac59e891e9a3c5e5eec04/static/out/vs/code/browser/workbench/workbench.js:37
[ 8876938ms] [LOG] %c INFO color: #33f Creating a socket (renderer-ExtensionHost-4aceb238-020c-4daf-966a-5c687671a08c)... @ https://ai-lab.rice-business.org/test_student/stable-13ca0e47310505f4ab1ac59e891e9a3c5e5eec04/static/out/vs/code/browser/workbench/workbench.js:37
[ 8877143ms] [LOG] %c INFO color: #33f Creating a socket (renderer-ExtensionHost-4aceb238-020c-4daf-966a-5c687671a08c) was successful after 205 ms. @ https://ai-lab.rice-business.org/test_student/stable-13ca0e47310505f4ab1ac59e891e9a3c5e5eec04/static/out/vs/code/browser/workbench/workbench.js:37
[ 8877153ms] [LOG] %c INFO color: #33f [remote-connection][Management   ][f6d89…][reconnect] resolving connection... @ https://ai-lab.rice-business.org/test_student/stable-13ca0e47310505f4ab1ac59e891e9a3c5e5eec04/static/out/vs/code/browser/workbench/workbench.js:37
[ 8877154ms] [LOG] %c INFO color: #33f [remote-connection][Management   ][f6d89…][reconnect] connecting to WebSocket(ai-lab.rice-business.org:443)... @ https://ai-lab.rice-business.org/test_student/stable-13ca0e47310505f4ab1ac59e891e9a3c5e5eec04/static/out/vs/code/browser/workbench/workbench.js:37
[ 8877154ms] [LOG] %c INFO color: #33f Creating a socket (renderer-Management-f6d89eb6-b512-45c4-bb6b-0b768dcac8ec)... @ https://ai-lab.rice-business.org/test_student/stable-13ca0e47310505f4ab1ac59e891e9a3c5e5eec04/static/out/vs/code/browser/workbench/workbench.js:37
[ 8877318ms] [LOG] %c INFO color: #33f Creating a socket (renderer-Management-f6d89eb6-b512-45c4-bb6b-0b768dcac8ec) was successful after 165 ms. @ https://ai-lab.rice-business.org/test_student/stable-13ca0e47310505f4ab1ac59e891e9a3c5e5eec04/static/out/vs/code/browser/workbench/workbench.js:37
[ 8887145ms] [ERROR] %c  ERR color: #f33 [remote-connection][ExtensionHost][4aceb…][reconnect][WebSocket(ai-lab.rice-business.org:443)] the handshake timed out. Error: @ https://ai-lab.rice-business.org/test_student/stable-13ca0e47310505f4ab1ac59e891e9a3c5e5eec04/static/out/vs/code/browser/workbench/workbench.js:37
[ 8887145ms] [ERROR] %c  ERR color: #f33 Error: Time limit reached
    at T2e.i (https://ai-lab.rice-business.org/test_student/stable-13ca0e47310505f4ab1ac59e891e9a3c5e5eec04/static/out/vs/code/browser/workbench/workbench.js:3665:29310)
    at T2e.h (https://ai-lab.rice-business.org/test_student/stable-13ca0e47310505f4ab1ac59e891e9a3c5e5eec04/static/out/vs/code/browser/workbench/workbench.js:3665:29292)
    at ufe.value (https://ai-lab.rice-business.org/test_student/stable-13ca0e47310505f4ab1ac59e891e9a3c5e5eec04/static/out/vs/code/browser/workbench/workbench.js:3665:29147)
    at L.C (https://ai-lab.rice-business.org/test_student/stable-13ca0e47310505f4ab1ac59e891e9a3c5e5eec04/static/out/vs/code/browser/workbench/workbench.js:29:2349)
    at L.fire (https://ai-lab.rice-business.org/test_student/stable-13ca0e47310505f4ab1ac59e891e9a3c5e5eec04/static/out/vs/code/browser/workbench/workbench.js:29:2568)
    at vfe.cancel (https://ai-lab.rice-business.org/test_student/stable-13ca0e47310505f4ab1ac59e891e9a3c5e5eec04/static/out/vs/code/browser/workbench/workbench.js:29:37897)
    at pt.cancel (https://ai-lab.rice-business.org/test_student/stable-13ca0e47310505f4ab1ac59e891e9a3c5e5eec04/static/out/vs/code/browser/workbench/workbench.js:29:38311)
    at ufe.value (https://ai-lab.rice-business.org/test_student/stable-13ca0e47310505f4ab1ac59e891e9a3c5e5eec04/static/out/vs/code/browser/workbench/workbench.js:3665:28888)
    at L.C (https://ai-lab.rice-business.org/test_student/stable-13ca0e47310505f4ab1ac59e891e9a3c5e5eec04/static/out/vs/code/browser/workbench/workbench.js:29:2349)
    at L.fire (https://ai-lab.rice-business.org/test_student/stable-13ca0e47310505f4ab1ac59e891e9a3c5e5eec04/static/out/vs/code/browser/workbench/workbench.js:29:2568)
    at vfe.cancel (https://ai-lab.rice-business.org/test_student/stable-13ca0e47310505f4ab1ac59e891e9a3c5e5eec04/static/out/vs/code/browser/workbench/workbench.js:29:37897)
    at pt.cancel (https://ai-lab.rice-business.org/test_student/stable-13ca0e47310505f4ab1ac59e891e9a3c5e5eec04/static/out/vs/code/browser/workbench/workbench.js:29:38311)
    at https://ai-lab.rice-business.org/test_student/stable-13ca0e47310505f4ab1ac59e891e9a3c5e5eec04/static/out/vs/code/browser/workbench/workbench.js:3665:28678 @ https://ai-lab.rice-business.org/test_student/stable-13ca0e47310505f4ab1ac59e891e9a3c5e5eec04/static/out/vs/code/browser/workbench/workbench.js:37
[ 8887145ms] [LOG] %c INFO color: #33f [remote-connection][ExtensionHost][4aceb…][reconnect] A network error occurred while trying to reconnect, will try again... @ https://ai-lab.rice-business.org/test_student/stable-13ca0e47310505f4ab1ac59e891e9a3c5e5eec04/static/out/vs/code/browser/workbench/workbench.js:37
[ 8887145ms] [LOG] %c INFO color: #33f [remote-connection][ExtensionHost][4aceb…][reconnect] waiting for 30 seconds before reconnecting... @ https://ai-lab.rice-business.org/test_student/stable-13ca0e47310505f4ab1ac59e891e9a3c5e5eec04/static/out/vs/code/browser/workbench/workbench.js:37
[ 8887332ms] [ERROR] %c  ERR color: #f33 [remote-connection][Management   ][f6d89…][reconnect][WebSocket(ai-lab.rice-business.org:443)] the handshake timed out. Error: @ https://ai-lab.rice-business.org/test_student/stable-13ca0e47310505f4ab1ac59e891e9a3c5e5eec04/static/out/vs/code/browser/workbench/workbench.js:37
[ 8887332ms] [ERROR] %c  ERR color: #f33 Error: Time limit reached
    at T2e.i (https://ai-lab.rice-business.org/test_student/stable-13ca0e47310505f4ab1ac59e891e9a3c5e5eec04/static/out/vs/code/browser/workbench/workbench.js:3665:29310)
    at T2e.h (https://ai-lab.rice-business.org/test_student/stable-13ca0e47310505f4ab1ac59e891e9a3c5e5eec04/static/out/vs/code/browser/workbench/workbench.js:3665:29292)
    at ufe.value (https://ai-lab.rice-business.org/test_student/stable-13ca0e47310505f4ab1ac59e891e9a3c5e5eec04/static/out/vs/code/browser/workbench/workbench.js:3665:29147)
    at L.C (https://ai-lab.rice-business.org/test_student/stable-13ca0e47310505f4ab1ac59e891e9a3c5e5eec04/static/out/vs/code/browser/workbench/workbench.js:29:2349)
    at L.fire (https://ai-lab.rice-business.org/test_student/stable-13ca0e47310505f4ab1ac59e891e9a3c5e5eec04/static/out/vs/code/browser/workbench/workbench.js:29:2568)
    at vfe.cancel (https://ai-lab.rice-business.org/test_student/stable-13ca0e47310505f4ab1ac59e891e9a3c5e5eec04/static/out/vs/code/browser/workbench/workbench.js:29:37897)
    at pt.cancel (https://ai-lab.rice-business.org/test_student/stable-13ca0e47310505f4ab1ac59e891e9a3c5e5eec04/static/out/vs/code/browser/workbench/workbench.js:29:38311)
    at ufe.value (https://ai-lab.rice-business.org/test_student/stable-13ca0e47310505f4ab1ac59e891e9a3c5e5eec04/static/out/vs/code/browser/workbench/workbench.js:3665:28888)
    at L.C (https://ai-lab.rice-business.org/test_student/stable-13ca0e47310505f4ab1ac59e891e9a3c5e5eec04/static/out/vs/code/browser/workbench/workbench.js:29:2349)
    at L.fire (https://ai-lab.rice-business.org/test_student/stable-13ca0e47310505f4ab1ac59e891e9a3c5e5eec04/static/out/vs/code/browser/workbench/workbench.js:29:2568)
    at vfe.cancel (https://ai-lab.rice-business.org/test_student/stable-13ca0e47310505f4ab1ac59e891e9a3c5e5eec04/static/out/vs/code/browser/workbench/workbench.js:29:37897)
    at pt.cancel (https://ai-lab.rice-business.org/test_student/stable-13ca0e47310505f4ab1ac59e891e9a3c5e5eec04/static/out/vs/code/browser/workbench/workbench.js:29:38311)
    at https://ai-lab.rice-business.org/test_student/stable-13ca0e47310505f4ab1ac59e891e9a3c5e5eec04/static/out/vs/code/browser/workbench/workbench.js:3665:28678 @ https://ai-lab.rice-business.org/test_student/stable-13ca0e47310505f4ab1ac59e891e9a3c5e5eec04/static/out/vs/code/browser/workbench/workbench.js:37
[ 8887332ms] [LOG] %c INFO color: #33f [remote-connection][Management   ][f6d89…][reconnect] A network error occurred while trying to reconnect, will try again... @ https://ai-lab.rice-business.org/test_student/stable-13ca0e47310505f4ab1ac59e891e9a3c5e5eec04/static/out/vs/code/browser/workbench/workbench.js:37
[ 8887332ms] [LOG] %c INFO color: #33f [remote-connection][Management   ][f6d89…][reconnect] waiting for 30 seconds before reconnecting... @ https://ai-lab.rice-business.org/test_student/stable-13ca0e47310505f4ab1ac59e891e9a3c5e5eec04/static/out/vs/code/browser/workbench/workbench.js:37
